ID	Dashi_REF	Dashi_SEQ	Ega_REF	Ega_SEQ	Enqi_REF	Enqi_SEQ	Eryuan_REF	Eryuan_SEQ	Gongxing_REF	Gongxing_SEQ	Heqing_REF	Heqing_SEQ	Jianchuan_REF	Jianchuan_SEQ	Jinman_REF	Jinman_SEQ	Jinxing_REF	Jinxing_SEQ	Lanping_REF	Lanping_SEQ	Luobenzhuo_REF	Luobenzhuo_SEQ	Mazhelong_REF	Mazhelong_SEQ	Qiliqiao_REF	Qiliqiao_SEQ	Tuoluo_REF	Tuoluo_SEQ	Xiangyun_REF	Xiangyun_SEQ	Yunlong_REF	Yunlong_SEQ	Zhoucheng_REF	Zhoucheng_SEQ
I	ŋ õ - ³¹	ŋ õ ³¹	ŋ o - ⁴²	ŋ o ⁴²	ɴ o - ⁴³	ɴ o ⁴³	ŋ ɔ - ³¹	ŋ ɔ ³¹	ŋ a - ⁴²	ŋ a ⁴²	ŋ ɔ - ³¹	ŋ ɔ ³¹	ŋ o - ³¹	ŋ o ³¹	- õ - ⁴²	õ ⁴²	w õ - ³¹	w õ ³¹	ŋ ɔ̃ - ³¹	ŋ ɔ̃ ³¹	ɴ ɔ - ⁴²	ɴ ɔ ⁴²	n e n ⁴²	n e n ⁴²	ŋ ɔ - ³¹	ŋ ɔ ³¹	ŋ ɔ - ²¹	ŋ ɔ ²¹	ŋ ɔ - ³¹	ŋ ɔ ³¹	ŋ ɔ - ³¹	ŋ ɔ ³¹	ŋ o - ³¹	ŋ o ³¹
ant	p - i - ²¹ p - o - ²¹ - - -	p i ²¹ p o ²¹	ʨ - i - ²¹ p - ɯ - ²¹ - - -	ʨ i ²¹ p ɯ ²¹	ʦ - u - ⁴³ p - ɯ - ²¹ - - -	ʦ u ⁴³ p ɯ ²¹	p - i - ²¹ p - ɯ - ³¹ - - -	p i ²¹ p ɯ ³¹	ʣ - u - ¹² b - u - ¹² - - -	ʣ u ¹² b u ¹²	p - i - ²¹ p - ɯ - ²¹ ʦ ɿ ³³	p i ²¹ p ɯ ²¹ ʦ ɿ ³³	p - ĩ - ²¹ p - o - ²¹ ʦ ɿ ³³	p ĩ ²¹ p o ²¹ ʦ ɿ ³³	ʨ - i - ²¹ p - ɯ - ²¹ - - -	ʨ i ²¹ p ɯ ²¹	p j e n ²¹ p - õ - ²¹ - - -	p j e n ²¹ p õ ²¹	p - i - ³³ p w a - ³³ ʦ ɿ ⁴⁴	p i ³³ p w a ³³ ʦ ɿ ⁴⁴	ʨ - i - ³¹ p - ɯ - ²¹ - - -	ʨ i ³¹ p ɯ ²¹	p - i - ⁵⁵ p - ǝɯ - ²¹ - - -	p i ⁵⁵ p ǝɯ ²¹	p - i - ²¹ p - ɯ - ³¹ - - -	p i ²¹ p ɯ ³¹	ʨ j e n ⁵⁵ - - - - - - - -	ʨ j e n ⁵⁵	p - i - ²¹ p - o w ²¹ ʦ ɿ ³³	p i ²¹ p o w ²¹ ʦ ɿ ³³	p - i - ²¹ p - ɯ - ³¹ - - -	p i ²¹ p ɯ ³¹	p - i - ²¹ p - ɯ - ²¹ - - -	p i ²¹ p ɯ ²¹
bamboo	t͡ʂ - o ³³ - - -	t͡ʂ o ³³	ʨ - u ⁴⁴ - - -	ʨ u ⁴⁴	ʨ - o ⁵⁵ - - -	ʨ o ⁵⁵	t͡ʂ - ɤ ⁴⁴ - - -	t͡ʂ ɤ ⁴⁴	ʦ w a ²⁴ - - -	ʦ w a ²⁴	ʦ w ɔ ⁴⁴ - - -	ʦ w ɔ ⁴⁴	ʦ - ɤ ⁴⁴ - - -	ʦ ɤ ⁴⁴	ʨ - u ⁵⁵ - - -	ʨ u ⁵⁵	ʦ - ɤ ⁴⁴ - - -	ʦ ɤ ⁴⁴	ʦ w a ⁵⁵ ʦ ɯ ³³	ʦ w a ⁵⁵ ʦ ɯ ³³	ʨ - o ⁵⁵ ɖ ɯ ³¹	ʨ o ⁵⁵ ɖ ɯ ³¹	ʦ - u ⁴⁴ - - -	ʦ u ⁴⁴	ʦ - ɤ ⁴⁴ - - -	ʦ ɤ ⁴⁴	t͡ʂ - ɤ ⁴² - - -	t͡ʂ ɤ ⁴²	ʦ - ɛ ⁴⁴ - - -	ʦ ɛ ⁴⁴	ʦ - ɤ ⁴⁴ - - -	ʦ ɤ ⁴⁴	ʦ - ɤ ⁴⁴ - - -	ʦ ɤ ⁴⁴
bark	t͡ʂ - ɯ - ²¹ p - e ²¹ - - -	t͡ʂ ɯ ²¹ p e ²¹					- - - - - p - i ³¹ ʂ e ⁴²	p i ³¹ ʂ e ⁴²	d͡ʐ - i - ¹² b - i ²¹ - - -	d͡ʐ i ¹² b i ²¹	- - - - - p - i ³¹ sʰ e ⁴⁴	p i ³¹ sʰ e ⁴⁴	- - - - - p - i ³¹ - - -	p i ³¹			ʦ - ɯ - ³¹ p - e ²¹ - - -	ʦ ɯ ³¹ p e ²¹	- - - - - p - ĩ ⁴² s e ⁴⁴	p ĩ ⁴² s e ⁴⁴	ʥ - ỹ - ⁴² - - - - - - -	ʥ ỹ ⁴²	ɕ - e n ⁵⁵ p - e ²¹ - - -	ɕ e n ⁵⁵ p e ²¹	- - - - - p - i ³¹ s e ⁴⁴	p i ³¹ s e ⁴⁴	d j ɯ - ²¹ b - i ³⁵ - - -	d j ɯ ²¹ b i ³⁵	- - - - - p - i ³¹ - - -	p i ³¹	- - - - - b j ɯ ²¹ s ɛ ⁵⁵	b j ɯ ²¹ s ɛ ⁵⁵	ʦ - ɯ - ⁰ p - e ²¹ - - -	ʦ ɯ ⁰ p e ²¹
barley	- - - z - a w ²¹	z a w ²¹	- - - z - o - ²¹	z o ²¹	- - - z - o - ⁴³	z o ⁴³	m i ³⁵ z - ɔ - ²¹	m i ³⁵ z ɔ ²¹	- - - z w a - ¹²	z w a ¹²	m i ⁵⁵ z - ɔ w ³¹	m i ⁵⁵ z ɔ w ³¹	m e ⁵⁵ s - o w ²¹	m e ⁵⁵ s o w ²¹	- - - z w a - ²¹	z w a ²¹	- - - s - o w ²¹	s o w ²¹	m e ⁵⁵ ʐ w a - ²¹	m e ⁵⁵ ʐ w a ²¹	m ɯ̃ ⁵⁵ ʐ w a - ³¹	m ɯ̃ ⁵⁵ ʐ w a ³¹	- - - z - o - ²¹	z o ²¹	m i ³⁵ s - ɔ - ²¹	m i ³⁵ s ɔ ²¹	- - - z - ɔ - ³⁵	z ɔ ³⁵	m i ³⁵ z - o - ²¹	m i ³⁵ z o ²¹	m i ³⁵ z - ɔ - ²¹	m i ³⁵ z ɔ ²¹	- - - z - o - ²¹	z o ²¹
bed					- - - - - t j o - ²¹ - - -	t j o ²¹	- - - - - t͡ʂ - ɔ - ³¹ - - -	t͡ʂ ɔ ³¹	- - - - - ʣ - o ŋ ¹² - - -	ʣ o ŋ ¹²	- - - - - ʦ - ɔ̃ w ²¹ - - -	ʦ ɔ̃ w ²¹	- - - - - ʦ - õ w ²¹ - - -	ʦ õ w ²¹			- - - - - ʦ - õ - ²¹ - - -	ʦ õ ²¹	- - - - - ʦ - ɔ - ³³ - - -	ʦ ɔ ³³	ɴ̣ ³³ t ĩ ³³ ʧʰ - ʊ - ³¹ qʰ ã ⁴²	ɴ̣ ³³ t ĩ ³³ ʧʰ ʊ ³¹ qʰ ã ⁴²			- - - - - ʦ - o - ²¹ - - -	ʦ o ²¹	- - - - - d j o ŋ ³⁵ - - -	d j o ŋ ³⁵					- - - - - ʦ - o - ²¹ - - -	ʦ o ²¹
bee	- - - f ɤ̃ - ⁵⁵	f ɤ̃ ⁵⁵	- - - x õ - ⁵⁵	x õ ⁵⁵	- - - f o - ²⁴	f o ²⁴	ʦ ɿ ⁵⁵ f ɤ - ⁵⁵	ʦ ɿ ⁵⁵ f ɤ ⁵⁵	- - - p͡f u ŋ ⁵⁵	p͡f u ŋ ⁵⁵	- - - f ɤ̃ - ⁵⁵	f ɤ̃ ⁵⁵	- - - f ɤ̃ - ⁵⁵	f ɤ̃ ⁵⁵	- - - x õ - ⁵⁵	x õ ⁵⁵	- - - f ɤ̃ - ⁵⁵	f ɤ̃ ⁵⁵	- - - f ɯ̃ - ⁵⁵	f ɯ̃ ⁵⁵	ʨ ɛ̃ ⁵⁵ ɴ̥ - ɴ̣ ⁵⁵	ʨ ɛ̃ ⁵⁵ ɴ̥ ɴ̣ ⁵⁵	- - - pʰ e n ⁵⁵	pʰ e n ⁵⁵	- - - f ɤ - ⁵⁵	f ɤ ⁵⁵	- - - f ɚ̃ - ⁵⁵	f ɚ̃ ⁵⁵	- - - f ɯ̃ - ⁵⁵	f ɯ̃ ⁵⁵	ʦ ɿ ⁵⁵ f ɤ - ⁵⁵	ʦ ɿ ⁵⁵ f ɤ ⁵⁵	- - - f ɤ - ⁵⁵	f ɤ ⁵⁵
behind	- - - - - ɣ ɯ ³³ - - - - - -	ɣ ɯ ³³	- - - - - x ɯ̃ ²² - - - - - -	x ɯ̃ ²²	- - - - - - ɯ ²² - - - - - -	ɯ ²²	- - - - - ɣ ɯ ³³ - - - p ɔ ³¹	ɣ ɯ ³³ p ɔ ³¹	- - - - - ɣ e ²² - - - - - -	ɣ e ²²	- - - - - ɣ ɯ ³³ m i ⁴² - - -	ɣ ɯ ³³ m i ⁴²	- - - - - ɣ ɯ ³³ m i ⁴² - - -	ɣ ɯ ³³ m i ⁴²	- - - - - x ẽ ⁵⁵ - - - - - -	x ẽ ⁵⁵	- - - - - ɣ eǝ ³³ - - - - - -	ɣ eǝ ³³	- - - - - ɣ ɯ ⁴⁴ m i ³³ n ɔ ⁴⁴	ɣ ɯ ⁴⁴ m i ³³ n ɔ ⁴⁴	- - d ɯ̃ ³¹ x ɯ̃ ³³ - - - - - -	d ɯ̃ ³¹ x ɯ̃ ³³	- - - - - ɣ ǝ ³³ - - - - - -	ɣ ǝ ³³	ɔ ²¹ t ɔ ³⁵ - - - m i ⁴⁴ - - -	ɔ ²¹ t ɔ ³⁵ m i ⁴⁴	- - - - - ɣ ɯ ³³ - - - - - -	ɣ ɯ ³³	- - - - - ɣ ɯ ³³ - - - s ɛ̃ ²¹	ɣ ɯ ³³ s ɛ̃ ²¹	- - d ɔ ³¹ x ɯ ⁵⁵ - - - - - -	d ɔ ³¹ x ɯ ⁵⁵	- - - - - ɣ ɯ ³³ - - - - - -	ɣ ɯ ³³
big	t - o w ⁴²	t o w ⁴²	d - o - ⁴²	d o ⁴²	d - a - ⁴³	d a ⁴³	t - ɔ - ³¹	t ɔ ³¹	d - a - ⁴²	d a ⁴²	t - ɔ w ⁴²	t ɔ w ⁴²	t - o w ⁴²	t o w ⁴²	d - o - ⁴²	d o ⁴²	t - o w ⁴²	t o w ⁴²	t - o - ³¹	t o ³¹	ʈ w a - ⁴⁴	ʈ w a ⁴⁴	d - o - ⁴²	d o ⁴²	t - ɔ - ³¹	t ɔ ³¹	d - ɔ - ²¹	d ɔ ²¹	t - ɔ w ²¹	t ɔ w ²¹	d w a - ³¹	d w a ³¹	t - o - ⁴²	t o ⁴²
bird	ʦ - o w ³³ - - -	ʦ o w ³³	ʦ - u - ⁴⁴ - - -	ʦ u ⁴⁴	ʦ - u - ⁵⁵ - - -	ʦ u ⁵⁵	ʦ - ɔ - ⁵⁵ - - -	ʦ ɔ ⁵⁵	ʦ - u - ²⁴ - - -	ʦ u ²⁴	ʦ - o w ⁴⁴ ʦ ɿ ³³	ʦ o w ⁴⁴ ʦ ɿ ³³	ʦ - o w ⁴⁴ ʦ ɿ ³³	ʦ o w ⁴⁴ ʦ ɿ ³³	ʦ - o - ⁵⁵ - - -	ʦ o ⁵⁵	ʦ - o w ⁴⁴ - - -	ʦ o w ⁴⁴	ʦ - u - ⁵⁵ ʦ ɿ ⁵⁵	ʦ u ⁵⁵ ʦ ɿ ⁵⁵	ʦ w ɔ - ⁵⁵ - - -	ʦ w ɔ ⁵⁵	ʦ - o - ⁴⁴ - - -	ʦ o ⁴⁴	ʦ - o - ⁴⁴ - - -	ʦ o ⁴⁴	ʦ - u - ⁴² - - -	ʦ u ⁴²	ʦ - ɔ - ⁴⁴ - - -	ʦ ɔ ⁴⁴	ʦ - u - ⁴⁴ - - -	ʦ u ⁴⁴	ʦ - o w ⁴⁴ - - -	ʦ o w ⁴⁴
bitter	kʰ u ³³ - - - -	kʰ u ³³	qʰ u ²² - - - -	qʰ u ²²	qʰ u ²² - - - -	qʰ u ²²	kʰ u ³³ - - - -	kʰ u ³³	qʰ u ²² - - - -	qʰ u ²²	kʰ u ³³ - - - -	kʰ u ³³	kʰ u ³³ - - - -	kʰ u ³³	qʰ u ²² - - - -	qʰ u ²²	qʰ u ²² - - - -	qʰ u ²²	kʰ u ⁴⁴ - - - -	kʰ u ⁴⁴	qʰ ɤ ³³ - - - -	qʰ ɤ ³³	kʰ u ³³ kʰ ǝ w ³³	kʰ u ³³ kʰ ǝ w ³³	kʰ u ³³ - - - -	kʰ u ³³	qʰ o ³³ - - - -	qʰ o ³³	kʰ u ³³ - - - -	kʰ u ³³	kʰ u ³³ - - - -	kʰ u ³³	kʰ u ³¹ - - - -	kʰ u ³¹
black	x ɯ - ⁴⁴	x ɯ ⁴⁴	x ɯ - ⁴⁴	x ɯ ⁴⁴	χ ɯ - ⁵⁵	χ ɯ ⁵⁵	x ɯ - ⁴⁴	x ɯ ⁴⁴	χ e - ²⁴	χ e ²⁴	x ɯ - ⁴⁴	x ɯ ⁴⁴	x ɯ - ⁴⁴	x ɯ ⁴⁴	x ɯ - ⁵⁵	x ɯ ⁵⁵	x ɯ - ⁴⁴	x ɯ ⁴⁴	x ɯ - ⁴⁴	x ɯ ⁴⁴	x ɯ - ⁵⁵	x ɯ ⁵⁵	x ɯ - ⁴⁴	x ɯ ⁴⁴	x ɯ - ⁴⁴	x ɯ ⁴⁴			x o w ⁴⁴	x o w ⁴⁴	x ɯ - ⁴⁴	x ɯ ⁴⁴	x ɯ - ⁴⁴	x ɯ ⁴⁴
blood	sʰ w a ⁴⁴	sʰ w a ⁴⁴	s w a ⁴⁴	s w a ⁴⁴	s w a ⁵⁵	s w a ⁵⁵	s w a ⁴⁴	s w a ⁴⁴	s w a ²⁴	s w a ²⁴	sʰ w a ⁴⁴	sʰ w a ⁴⁴	s w a ⁴⁴	s w a ⁴⁴	s w a ⁵⁵	s w a ⁵⁵	s w ɑ ⁴⁴	s w ɑ ⁴⁴	s w a ⁴⁴	s w a ⁴⁴	s w a ⁵⁵	s w a ⁵⁵	s w a ⁴⁴	s w a ⁴⁴	ʃ w a ⁴⁴	ʃ w a ⁴⁴	s w ɔ ⁴²	s w ɔ ⁴²	s w a ⁴⁴	s w a ⁴⁴	s w a ⁴⁴	s w a ⁴⁴	s w a ⁴⁴	s w a ⁴⁴
bone	k w a ⁴⁴ - - - -	k w a ⁴⁴	q w a ⁴⁴ - - - -	q w a ⁴⁴	q w a ⁵⁵ - - - -	q w a ⁵⁵	k w a ⁴⁴ t ɯ - ²¹	k w a ⁴⁴ t ɯ ²¹	q w a ²⁴ - - - -	q w a ²⁴	k w a ⁴⁴ t ɯ - ²¹	k w a ⁴⁴ t ɯ ²¹	k w a ⁴⁴ t ɯ - ²¹	k w a ⁴⁴ t ɯ ²¹	q w a ⁵⁵ - - - -	q w a ⁵⁵	k w ɑ ⁴⁴ - - - -	k w ɑ ⁴⁴	k w a ⁴⁴ ʦ e - ⁴⁴	k w a ⁴⁴ ʦ e ⁴⁴	q w a ⁵⁵ ʦ ɛ - ⁴⁴	q w a ⁵⁵ ʦ ɛ ⁴⁴	k w a ⁴⁴ - - - -	k w a ⁴⁴	k w a ⁴⁴ t ɯ - ²¹	k w a ⁴⁴ t ɯ ²¹	k - u ⁴² - - - -	k u ⁴²	k w a ⁴⁴ t o w ²¹	k w a ⁴⁴ t o w ²¹	k w a ⁴⁴ t ɯ - ²¹	k w a ⁴⁴ t ɯ ²¹	k w a ⁴⁴ - - - -	k w a ⁴⁴
breast	p a ⁴² - - -	p a ⁴²	p a ⁴² - - -	p a ⁴²	p a ²¹ - - -	p a ²¹	p a ⁴² - - -	p a ⁴²	b a ²¹ - - -	b a ²¹	p a ⁴² t u ³⁵	p a ⁴² t u ³⁵	p a ⁴² - - -	p a ⁴²	p a ⁴² - - -	p a ⁴²	p ɑ ⁴² - - -	p ɑ ⁴²	p a ⁴² p e ⁵⁵	p a ⁴² p e ⁵⁵	p a ⁴⁴ - - -	p a ⁴⁴			p a ⁴² k u ²¹	p a ⁴² k u ²¹	b o ⁴² - - -	b o ⁴²	p a ⁴² - - -	p a ⁴²	p a ⁴² - - -	p a ⁴²	p a ⁴² - - -	p a ⁴²
bridge	- - - k - u ²¹	k u ²¹	- - - k - ɤ ²¹	k ɤ ²¹	- - - k - u ²¹	k u ²¹	- - - k - u ²¹	k u ²¹	- - - g - u ¹²	g u ¹²	- - - k - u ²¹	k u ²¹	- - - k - u ²¹	k u ²¹	- - - k - ɤ ²¹	k ɤ ²¹	- - - k w o ²¹	k w o ²¹	- - - k w ɔ ³¹	k w ɔ ³¹	q ẽ ⁵⁵ k - ɤ ³³	q ẽ ⁵⁵ k ɤ ³³	- - - k - ɤ ²¹	k ɤ ²¹	- - - k - u ²¹	k u ²¹	- - - g - ɤ ³⁵	g ɤ ³⁵	- - - k - u ²¹	k u ²¹	- - - k - u ²¹	k u ²¹	- - - k - u ²¹	k u ²¹
buckwheat	k - o ²¹	k o ²¹	k - ɤ ²¹	k ɤ ²¹	k - u ²¹	k u ²¹	k - ɤ ²¹	k ɤ ²¹	g w a ¹²	g w a ¹²	k w ɔ ²¹	k w ɔ ²¹	k - ɤ ²¹	k ɤ ²¹	k - ɤ ²¹	k ɤ ²¹	k - ɤ ²¹	k ɤ ²¹	k - ɔ ²¹	k ɔ ²¹	k - ɤ ³¹	k ɤ ³¹	k - ɤ ²¹	k ɤ ²¹	k - ɤ ²¹	k ɤ ²¹	g - ɤ ³⁵	g ɤ ³⁵	k - ɯ ²¹	k ɯ ²¹	k - ɤ ²¹	k ɤ ²¹	k - ɤ ²¹	k ɤ ²¹
chicken	k e ³⁵	k e ³⁵	q ɛ ⁵⁵	q ɛ ⁵⁵	q ɛ ²⁴	q ɛ ²⁴	kʲ e ³⁵	kʲ e ³⁵	q ɛ ⁵⁵	q ɛ ⁵⁵	k e ³⁵	k e ³⁵	k e ⁵⁵	k e ⁵⁵	q ɛ̃ ⁵⁵	q ɛ̃ ⁵⁵	k i ⁵⁵	k i ⁵⁵	k ẽ ⁵⁵	k ẽ ⁵⁵	q ɛ̃ ³⁵	q ɛ̃ ³⁵	k e ⁵⁵	k e ⁵⁵	k e ³⁵	k e ³⁵	q ɛ ⁵⁵	q ɛ ⁵⁵	kʲ e ³⁵	kʲ e ³⁵	k e ³⁵	k e ³⁵	k e ³⁵	k e ³⁵
chopsticks	t͡ʂ - o - ³¹	t͡ʂ o ³¹	ʨ - i w ⁴²	ʨ i w ⁴²	d͡ʐ - o - ⁴²	d͡ʐ o ⁴²	t͡ʂ - ɤ - ³¹	t͡ʂ ɤ ³¹	d͡ʐ w a - ⁴²	d͡ʐ w a ⁴²	ʦ w ɔ - ³¹	ʦ w ɔ ³¹	ʦ - ɤ - ³¹	ʦ ɤ ³¹	ʨ - i w ⁴²	ʨ i w ⁴²	ʦ - ɤ̃ - ⁴²	ʦ ɤ̃ ⁴²	ʦ - u - ³¹	ʦ u ³¹	ʥ - y - ⁴⁴	ʥ y ⁴⁴	ʦ - ǝ w ²¹	ʦ ǝ w ²¹	ʦ - ɤ - ³¹	ʦ ɤ ³¹	ʐ - ɤ - ²¹	ʐ ɤ ²¹			ʣ - ɤ - ³¹	ʣ ɤ ³¹	ʦ - ɤ - ³¹	ʦ ɤ ³¹
classifier_chicken	- - - - - t j ǝ - ²¹	t j ǝ ²¹	ʦ u ⁴⁴ - - ʨ - i - ²¹	ʦ u ⁴⁴ ʨ i ²¹	- - - - - d j ɯ - ²¹	d j ɯ ²¹	- - - - - t - ɯ - ²¹	t ɯ ²¹	- - - - - d - i - ¹²	d i ¹²	- - - - - t - ɯ - ²¹	t ɯ ²¹	- - - - - t - ɛ - ²¹	t ɛ ²¹	ʦ o ⁴⁴ a ⁴² ʈ - ɯ - ²¹	ʦ o ⁴⁴ a ⁴² ʈ ɯ ²¹	- - - - - t - ǝ - ²¹	t ǝ ²¹	- - - - - t j ɯ - ²¹	t j ɯ ²¹	- - - - - ʈ - ɯ - ³¹	ʈ ɯ ³¹	- - - - - t - ǝ w ²¹	t ǝ w ²¹	- - - - - t - ɯ - ²¹	t ɯ ²¹	- - - - - d j ɯ - ³⁵	d j ɯ ³⁵			- - - - - t - ɯ - ²¹	t ɯ ²¹	- - - - - t - ɯ - ²¹	t ɯ ²¹
classifier_clothes	kʰ o - ŋ ⁵⁵	kʰ o ŋ ⁵⁵	kʰ o - - ⁵⁵	kʰ o ⁵⁵	kʰ o - - ²⁴	kʰ o ²⁴	kʰ ɔ - - ⁵⁵	kʰ ɔ ⁵⁵	kʰ o - ŋ ⁵⁵	kʰ o ŋ ⁵⁵	kʰ ɔ w - ⁵⁵	kʰ ɔ w ⁵⁵	kʰ õ - - ⁵⁵	kʰ õ ⁵⁵	kʰ õ - - ⁵⁵	kʰ õ ⁵⁵	kʰ õ - - ⁵⁵	kʰ õ ⁵⁵	kʰ ɔ̃ - - ⁵⁵	kʰ ɔ̃ ⁵⁵	kʰ ɤ̃ - - ⁵⁵	kʰ ɤ̃ ⁵⁵			kʰ o - - ⁵⁵	kʰ o ⁵⁵	kʰ o - ŋ ⁵⁵	kʰ o ŋ ⁵⁵	kʰ ã - - ⁵⁵	kʰ ã ⁵⁵	kʰ ɔ - - ⁵⁵	kʰ ɔ ⁵⁵	kʰ o w - ⁵⁵	kʰ o w ⁵⁵
classifier_grain_of_rice	kʰ - u - ³³ - - -	kʰ u ³³	qʰ - o - ²² - - -	qʰ o ²²	qʰ - o - ²² - - -	qʰ o ²²	kʰ - ɔ - ³³ - - -	kʰ ɔ ³³	qʰ - o - ²² - - -	qʰ o ²²	kʰ w ɔ - ³³ - - -	kʰ w ɔ ³³	kʰ - o w ³³ - - -	kʰ o w ³³	qʰ - o - ²² - - -	qʰ o ²²	kʰ - o w ³³ - - -	kʰ o w ³³	kʰ - u - ³³ - - -	kʰ u ³³	qʰ - ɔ - ³¹ - - -	qʰ ɔ ³¹	kʰ - o - ³³ - - -	kʰ o ³³			qʰ - ɔ - ³³ - - -	qʰ ɔ ³³	kʰ w ɔ - ³³ k ɯ ⁴²	kʰ w ɔ ³³ k ɯ ⁴²	kʰ - ɔ - ³³ - - -	kʰ ɔ ³³	kʰ w o - ³³ - - -	kʰ w o ³³
cloth	sʰ e ⁴⁴	sʰ e ⁴⁴	s ɛ ⁴⁴	s ɛ ⁴⁴	s ɛ ⁵⁵	s ɛ ⁵⁵			s ɛ ²⁴	s ɛ ²⁴	sʰ e ⁴⁴	sʰ e ⁴⁴	s e ⁴⁴	s e ⁴⁴	s e ⁵⁵	s e ⁵⁵	s e ⁴⁴	s e ⁴⁴	s e ⁴⁴	s e ⁴⁴	s æ ⁵⁵	s æ ⁵⁵					s ɛ ⁴²	s ɛ ⁴²						
cold	k ɯ ⁰ k a ²¹	k ɯ ⁰ k a ²¹	k ɯ ⁵⁵ - - -	k ɯ ⁵⁵	k ɯ ²⁴ - - -	k ɯ ²⁴	k ɯ ³⁵ - - -	k ɯ ³⁵	g a ¹² - - -	g a ¹²	k ɯ ⁵⁵ - - -	k ɯ ⁵⁵	k ɯ ⁵⁵ - - -	k ɯ ⁵⁵	k ɯ ⁵⁵ - - -	k ɯ ⁵⁵	k ɯ ⁵⁵ - - -	k ɯ ⁵⁵	k ɯ ⁴⁴ - - -	k ɯ ⁴⁴	k ɯ ⁵⁵ - - -	k ɯ ⁵⁵	k ɯ ⁵⁵ - - -	k ɯ ⁵⁵	k ɯ ³⁵ - - -	k ɯ ³⁵	k ɯ ⁵⁵ - - -	k ɯ ⁵⁵	k ɯ ³⁵ - - -	k ɯ ³⁵	k ɯ ³⁵ - - -	k ɯ ³⁵	k ɯ ³⁵ - - -	k ɯ ³⁵
comb	- - - ʂ - ɤ ³⁵ - - -	ʂ ɤ ³⁵	- - - ɕ - y ⁵⁵ - - -	ɕ y ⁵⁵	- - - ɕ - u ²⁴ - - -	ɕ u ²⁴	- - - ʂ - ɤ ³⁵ p e ²¹	ʂ ɤ ³⁵ p e ²¹	- - - s w a ⁵⁵ - - -	s w a ⁵⁵	- - - s - u ⁵⁵ ʦ ɿ ³³	s u ⁵⁵ ʦ ɿ ³³	- - - s - ɤ ⁵⁵ - - -	s ɤ ⁵⁵	- - - ɕ - u ⁵⁵ - - -	ɕ u ⁵⁵	- - - s - ɤ̃ ⁵⁵ - - -	s ɤ̃ ⁵⁵	- - - s - u ⁵⁵ - - -	s u ⁵⁵	- - - ɕ - u ³³ t ɯ ³¹	ɕ u ³³ t ɯ ³¹	- - - s - u ⁵⁵ - - -	s u ⁵⁵	kʰ ɔ ⁵⁵ s - ɤ ³⁵ pʰ i ²¹	kʰ ɔ ⁵⁵ s ɤ ³⁵ pʰ i ²¹	- - - ʂ - ɤ ⁵⁵ - - -	ʂ ɤ ⁵⁵	- - - ɕ - ɛ ³⁵ ʦ ɿ ³³	ɕ ɛ ³⁵ ʦ ɿ ³³	- - - ʃ - ɤ ³⁵ p e ²¹	ʃ ɤ ³⁵ p e ²¹	- - - s - ɤ ³⁵ - - -	s ɤ ³⁵
daughter	- j ũ - ³³	j ũ ³³	ɲ - i w ²²	ɲ i w ²²	ɲ - i w ²²	ɲ i w ²²	ɲ - ɤ - ³³	ɲ ɤ ³³	ɲ j õ - ²²	ɲ j õ ²²	- j ɔ̃ - ³³	j ɔ̃ ³³	- j ɤ̃ - ³³	j ɤ̃ ³³	ɲ - i w ²²	ɲ i w ²²	- j ɤ̃ - ³³	j ɤ̃ ³³			ɲ - ʊ̃ - ³³	ɲ ʊ̃ ³³	ɲ - õ - ³³	ɲ õ ³³	n - ɤ - ³³	n ɤ ³³	- j ɤ ŋ ³³	j ɤ ŋ ³³	n - ɛ̃ - ³³	n ɛ̃ ³³	ɲ - ɤ - ³³	ɲ ɤ ³³	ɲ j ɤ - ³³	ɲ j ɤ ³³
day	- j e n ³³	j e n ³³			ɲ - i - ²²	ɲ i ²²	ɲ - i - ⁴⁴	ɲ i ⁴⁴	ɲ - i - ²²	ɲ i ²²	- j ĩ - ⁴⁴	j ĩ ⁴⁴	- j ĩ - ⁴⁴	j ĩ ⁴⁴	ɲ - i - ⁵⁵	ɲ i ⁵⁵			- j ĩ - ⁴⁴	j ĩ ⁴⁴	ɲ - i - ³³	ɲ i ³³	n - i - ⁴⁴	n i ⁴⁴	ɲ - i - ⁴⁴	ɲ i ⁴⁴			n - i - ⁴⁴	n i ⁴⁴			ɲ j e - ⁴⁴	ɲ j e ⁴⁴
dog	kʰ w a ŋ ³³	kʰ w a ŋ ³³	qʰ w a - ²²	qʰ w a ²²	qʰ w a - ²²	qʰ w a ²²	kʰ - ɔ - ³³	kʰ ɔ ³³	qʰ w a ŋ ²²	qʰ w a ŋ ²²	kʰ w ã - ³³	kʰ w ã ³³	kʰ w ã - ³³	kʰ w ã ³³	qʰ - õ - ²²	qʰ õ ²²	kʰ w ɑ̃ ŋ ³³	kʰ w ɑ̃ ŋ ³³	kʰ w ã - ⁴⁴	kʰ w ã ⁴⁴	qʰ - õ - ³³	qʰ õ ³³	kʰ w a ŋ ³³	kʰ w a ŋ ³³	kʰ w a - ³³	kʰ w a ³³	qʰ w a ŋ ³³	qʰ w a ŋ ³³	kʰ w ã - ³³	kʰ w ã ³³	kʰ w a - ³³	kʰ w a ³³	kʰ w a - ³³	kʰ w a ³³
door	m e - ²¹ - - -	m e ²¹	m ɛ - ²¹ - - -	m ɛ ²¹	m ɛ - ²¹ - - -	m ɛ ²¹	m e - ²¹ - - -	m e ²¹	m ǝ n ¹² - - -	m ǝ n ¹²	m e - ²¹ - - -	m e ²¹	m e - ²¹ - - -	m e ²¹	m e - ²¹ - - -	m e ²¹	m e - ²¹ - - -	m e ²¹	m ẽ - ²¹ s ẽ ²¹	m ẽ ²¹ s ẽ ²¹	m æ - ²¹ - - -	m æ ²¹	m e - ²¹ - - -	m e ²¹	m e - ²¹ - - -	m e ²¹	m ɛ - ³⁵ - - -	m ɛ ³⁵	m e - ²¹ - - -	m e ²¹	m ɛ - ²¹ - - -	m ɛ ²¹	m e - ²¹ - - -	m e ²¹
dragon	l õ - ²¹	l õ ²¹	l u - ²¹	l u ²¹	l u - ²¹	l u ²¹	n ɤ - ²¹	n ɤ ²¹	l õ - ¹²	l õ ¹²	n u - ²¹	n u ²¹	n ɤ - ²¹	n ɤ ²¹	l u - ²¹	l u ²¹	l ɤ̃ - ²¹	l ɤ̃ ²¹	n ɔ - ²¹	n ɔ ²¹	l u - ³¹	l u ³¹	l o ŋ ²¹	l o ŋ ²¹	n ɤ - ²¹	n ɤ ²¹	l o ŋ ³⁵	l o ŋ ³⁵	n ɤ̃ - ²¹	n ɤ̃ ²¹	n ɤ - ²¹	n ɤ ²¹	l ɤ - ²¹	l ɤ ²¹
dry	k ã - ³⁵	k ã ³⁵	q o - ⁵⁵	q o ⁵⁵	q a - ²⁴	q a ²⁴	k a - ³⁵	k a ³⁵	q a ŋ ⁵⁵	q a ŋ ⁵⁵	k ã - ⁵⁵	k ã ⁵⁵	k ã - ⁵⁵	k ã ⁵⁵	q ã - ⁵⁵	q ã ⁵⁵	k ɑ̃ - ⁵⁵	k ɑ̃ ⁵⁵	k ã - ⁵⁵	k ã ⁵⁵	q ã - ⁵⁵	q ã ⁵⁵	k a ŋ ⁵⁵	k a ŋ ⁵⁵	k a - ³⁵	k a ³⁵	q ɔ ŋ ⁵⁵	q ɔ ŋ ⁵⁵	k ã - ³⁵	k ã ³⁵	k a - ³⁵	k a ³⁵	k a - ³⁵	k a ³⁵
early	ʦ u - ³³	ʦ u ³³	ʨ y j ²²	ʨ y j ²²	ʨ y j ²²	ʨ y j ²²	ʦ ɔ - ³³	ʦ ɔ ³³	ʨ y - ²²	ʨ y ²²	ʦ u - ³³	ʦ u ³³	ʦʰ u - ³³	ʦʰ u ³³	ʦ y j ²²	ʦ y j ²²	ʦ u - ³³	ʦ u ³³	ʦ u - ³³	ʦ u ³³	ʨ y - ³³	ʨ y ³³	ʦ u - ³³	ʦ u ³³	ʧ u - ³³	ʧ u ³³	ʨ y j ³³	ʨ y j ³³	z u - ³³	z u ³³	ʦ u - ³³	ʦ u ³³	ʦ u - ³³	ʦ u ³³
earring	- - - - - - k o ŋ ³¹ - - - - -	k o ŋ ³¹	- - - - - - k o - ²¹ - - - - -	k o ²¹	- - - - - - k o - ²² - - - - -	k o ²²	ɲ ɤ ³³ - - - k ɤ - ³¹ ʦ - a - ²¹	ɲ ɤ ³³ k ɤ ³¹ ʦ a ²¹			j ĩ ³³ - - - k ɔ̃ w ⁴² - - - - -	j ĩ ³³ k ɔ̃ w ⁴²	j ĩ ³³ - - - k õ - ²¹ - - - - -	j ĩ ³³ k õ ²¹	- - - - - - k õ - ²¹ - - - - -	k õ ²¹	- - - - - - k õ - ²¹ - - - - -	k õ ²¹	j ɛ̃ ⁴⁴ - - - k ɔ̃ - ³¹ ʨ - ĩ - ⁴⁴	j ɛ̃ ⁴⁴ k ɔ̃ ³¹ ʨ ĩ ⁴⁴	ʔ ẽ ⁵⁵ - - - q ɔ - ²¹ - - - - -	ʔ ẽ ⁵⁵ q ɔ ²¹	- - - - - - k o ŋ ²¹ - - - - -	k o ŋ ²¹	n ɤ ³³ - - - k ɤ - ²¹ k w a - ⁴⁴	n ɤ ³³ k ɤ ²¹ k w a ⁴⁴	- - - - - - q o ŋ ³⁵ - - - - -	q o ŋ ³⁵	j ɔ ³³ p i ³¹ k o w ⁵⁵ l - o w ⁵⁵	j ɔ ³³ p i ³¹ k o w ⁵⁵ l o w ⁵⁵	ɲ ɤ ³³ - - - k ɤ - ³¹ - - - - -	ɲ ɤ ³³ k ɤ ³¹	- - - - - - k u - ²¹ - - - - -	k u ²¹
earth	ʨ i ³¹ - - -	ʨ i ³¹	ʨ i ⁴² - - -	ʨ i ⁴²	ʥ i ⁴² - - -	ʥ i ⁴²	ʨ i ³¹ - - -	ʨ i ³¹	ʥ i ⁴² - - -	ʥ i ⁴²	ʨ i ³¹ p ɛ ²¹	ʨ i ³¹ p ɛ ²¹	ʨ i ³¹ p ɛ ²¹	ʨ i ³¹ p ɛ ²¹	ʥ i ⁴² - - -	ʥ i ⁴²	ʨ i ³¹ - - -	ʨ i ³¹	ʨ i ³¹ - - -	ʨ i ³¹	ʨ ĩ ⁴⁴ p a ⁴²	ʨ ĩ ⁴⁴ p a ⁴²	t i ²¹ - - -	t i ²¹	ʨ i ³¹ p ɛ ²¹	ʨ i ³¹ p ɛ ²¹	ʑ i ²¹ - - -	ʑ i ²¹	j i ³¹ p ɛ ²¹	j i ³¹ p ɛ ²¹	ʨ i ³¹ - - -	ʨ i ³¹	ʨ i ³¹ - - -	ʨ i ³¹
earthworm_worm	- - - - - - - - - - t͡ʂ - o - ²¹	t͡ʂ o ²¹	- - - - - - - - - - ʨ - i w ²¹	ʨ i w ²¹	- - - - - - - - - - ʨ j o - ²¹	ʨ j o ²¹	kʲ - i ³¹ - - - k ɛ ³⁵ t͡ʂ - ɤ - ²¹	kʲ i ³¹ k ɛ ³⁵ t͡ʂ ɤ ²¹	- - - - - - - - - - ʣ w a - ¹²	ʣ w a ¹²	x w a ⁵⁵ tʰ u ³³ - - - ʦ w ɔ̃ - ²¹	x w a ⁵⁵ tʰ u ³³ ʦ w ɔ̃ ²¹	ʨ - i ²¹ ʨ ɛ ⁵⁵ - - - ʦ - ɤ - ²¹	ʨ i ²¹ ʨ ɛ ⁵⁵ ʦ ɤ ²¹	- - - - - - - - - - ʨ - i w ²¹	ʨ i w ²¹	- - - - - - - - - - ʦ - ɤ̃ - ²¹	ʦ ɤ̃ ²¹	k - u ⁵⁵ l u ⁵⁵ - - - ʦ - u - ²¹	k u ⁵⁵ l u ⁵⁵ ʦ u ²¹	- - - - - - - q ɔ ⁵⁵ ʨ - ɤ - ³¹	q ɔ ⁵⁵ ʨ ɤ ³¹	- - - - - - - - - - ʣ - õ - ²¹	ʣ õ ²¹	p - i ²¹ ʨ a ³⁵ - - - ʦ - ɤ - ²¹	p i ²¹ ʨ a ³⁵ ʦ ɤ ²¹	- - - - - - - - - - ʐ - ɤ - ³⁵	ʐ ɤ ³⁵	ɕ - i ³³ l i ³³ kʲ ɛ ³⁵ ʨ - ɛ̃ - ²¹	ɕ i ³³ l i ³³ kʲ ɛ ³⁵ ʨ ɛ̃ ²¹	ʨ - i ³¹ - - - k ɛ ³⁵ ʨ w a - ²¹	ʨ i ³¹ k ɛ ³⁵ ʨ w a ²¹	- - - - - - - - - - ʦ - ɤ - ²¹	ʦ ɤ ²¹
egg	s e n ⁴²	s e n ⁴²	s ɛ - ⁴²	s ɛ ⁴²	s ɛ - ⁴³	s ɛ ⁴³	s e - ⁴²	s e ⁴²	s e n ⁴²	s e n ⁴²	s ẽ - ⁴²	s ẽ ⁴²	s e - ⁴²	s e ⁴²	s ẽ - ⁴²	s ẽ ⁴²	s e n ⁴²	s e n ⁴²	s ɛ̃ - ⁴²	s ɛ̃ ⁴²	s æ̃ - ⁴²	s æ̃ ⁴²	s ɛ - ⁴²	s ɛ ⁴²	s e - ³²	s e ³²	s e n ²¹	s e n ²¹	s ẽ - ⁴²	s ẽ ⁴²	s ɛ - ⁴²	s ɛ ⁴²	s e - ⁴²	s e ⁴²
eight	p j a ⁴⁴	p j a ⁴⁴	ʨ ɥ a ⁴⁴	ʨ ɥ a ⁴⁴	p j a ⁵⁵	p j a ⁵⁵	p j a ⁴⁴	p j a ⁴⁴	ʨ w a ²⁴	ʨ w a ²⁴	p j a ⁴⁴	p j a ⁴⁴	p j a ⁴⁴	p j a ⁴⁴	ʨ w a ⁵⁵	ʨ w a ⁵⁵	p j o ⁴⁴	p j o ⁴⁴	p j a ⁴⁴	p j a ⁴⁴	ʧ w a ⁴⁴	ʧ w a ⁴⁴	p j a ⁴⁴	p j a ⁴⁴	p j a ⁴⁴	p j a ⁴⁴	ʨ - o ⁴²	ʨ o ⁴²	p j a ⁴⁴	p j a ⁴⁴	p j a ⁴⁴	p j a ⁴⁴	p j a ⁴⁴	p j a ⁴⁴
eye	- w ẽ - ³³	w ẽ ³³	ŋ w i - ²²	ŋ w i ²²	ŋ w i - ²²	ŋ w i ²²	ŋ w e - ³³	ŋ w e ³³	- w e n ²²	w e n ²²	- w ẽ - ³³	w ẽ ³³	- w ẽ - ³³	w ẽ ³³	m - i - ²²	m i ²²	- w ẽ - ³³	w ẽ ³³	- w ẽ - ⁴⁴	w ẽ ⁴⁴	m - i - ³³	m i ³³	ŋ w ɛ - ³³	ŋ w ɛ ³³	- w e - ³³	w e ³³	- w e n ³³	w e n ³³	- w ẽ - ³³	w ẽ ³³	ŋ w e - ³³	ŋ w e ³³	- w e - ³³	w e ³³
far	t w e n ³³	t w e n ³³	t - i - ²²	t i ²²	t ɥ ɛ - ²²	t ɥ ɛ ²²	t w e - ³³	t w e ³³	t ɥ e n ²²	t ɥ e n ²²	t w ẽ - ³³	t w ẽ ³³	t w ẽ - ³³	t w ẽ ³³	t - y j ²²	t y j ²²	t w e n ³³	t w e n ³³	t w ẽ - ⁴⁴	t w ẽ ⁴⁴	d - y - ³³	d y ³³	ʦ w e n ³³	ʦ w e n ³³	t w e - ³³	t w e ³³	t w e - ³³	t w e ³³	t w ẽ - ³³	t w ẽ ³³	t w e - ³³	t w e ³³	t w e - ³³	t w e ³³
fat	t͡ʂ i ⁵⁵	t͡ʂ i ⁵⁵	ʦ ɛ ⁵⁵	ʦ ɛ ⁵⁵	ʦ ɿ ²⁴	ʦ ɿ ²⁴	ʦ ɿ ³⁵	ʦ ɿ ³⁵	t͡ʂ i ⁵⁵	t͡ʂ i ⁵⁵	ʦ ɿ ⁵⁵	ʦ ɿ ⁵⁵	ʦ ɿ ⁵⁵	ʦ ɿ ⁵⁵	t͡ʂ i ⁵⁵	t͡ʂ i ⁵⁵	ʦ i ⁵⁵	ʦ i ⁵⁵	ʦ ɿ ⁵⁵	ʦ ɿ ⁵⁵	t͡ʂ ʅ ⁵⁵	t͡ʂ ʅ ⁵⁵	ʦ i ⁵⁵	ʦ i ⁵⁵	ʦ ɿ ³⁵	ʦ ɿ ³⁵	t͡ʂ i ⁵⁵	t͡ʂ i ⁵⁵	ʦ ɿ ³⁵	ʦ ɿ ³⁵	ʦ ɿ ³⁵	ʦ ɿ ³⁵	ʦ i ³⁵	ʦ i ³⁵
finger	ʂ - ɯ - ³³ t i - ³¹ - - - - - - - -	ʂ ɯ ³³ t i ³¹	ɕ - i - ²² - - - - ʦ - ɛ ²² - - - -	ɕ i ²² ʦ ɛ ²²	ɕ j ɯ - ²² - - - - ʦ - ɿ ²² - - - -	ɕ j ɯ ²² ʦ ɿ ²²	ʂ - ɯ - ³³ t ɯ - ²¹ ʦ - e ⁴⁴ n e - ³¹	ʂ ɯ ³³ t ɯ ²¹ ʦ e ⁴⁴ n e ³¹	ʂ - i - ²² - - - - t͡ʂ - i ²² - - - -	ʂ i ²² t͡ʂ i ²²	sʰ - ɯ - ³³ t ɯ - ²¹ t - i ⁵⁵ m ɔ w ³³	sʰ ɯ ³³ t ɯ ²¹ t i ⁵⁵ m ɔ w ³³	s - ɯ - ³³ t ɯ - ²¹ ʦ - ɿ ³³ - - - -	s ɯ ³³ t ɯ ²¹ ʦ ɿ ³³	ɕ - i - ²² - - - - t͡ʂ - ɚ ²² - - - -	ɕ i ²² t͡ʂ ɚ ²²	s - ɯ - ³³ - - - - ʦ - i ³³ - - - -	s ɯ ³³ ʦ i ³³	s - ɯ - ³³ t i - ⁵⁵ t j ɯ ³³ - - - -	s ɯ ³³ t i ⁵⁵ t j ɯ ³³	ɕ - i - ³³ - - - - ʨ - ɯ̃ ³¹ - - - -	ɕ i ³³ ʨ ɯ̃ ³¹	s - ǝ w ³³ - - - - ʦ - i ⁴⁴ - - - -	s ǝ w ³³ ʦ i ⁴⁴	s - ɯ - ³³ ʦ ɿ - ³¹ ʦ - ɿ ³³ - - - -	s ɯ ³³ ʦ ɿ ³¹ ʦ ɿ ³³	ɕ - ɨ w ³³ - - - - t͡ʂ - ɚ ³³ - - - -	ɕ ɨ w ³³ t͡ʂ ɚ ³³	s - o w ³³ t o w ²¹ ʦ - ɿ ³³ - - - -	s o w ³³ t o w ²¹ ʦ ɿ ³³	ʃ - ɤ - ³³ - - - - ʦ - ɿ ³³ - - - -	ʃ ɤ ³³ ʦ ɿ ³³	s - ɯ - ³³ - - - - ʦ - i ³³ - - - -	s ɯ ³³ ʦ i ³³
fingernail	ʂ - ɯ - ³³ - - - - - - - - k - a ⁴⁴ - - - -	ʂ ɯ ³³ k a ⁴⁴	ɕ - i - ²² - - - - - - - - q - a ⁴⁴ - - - -	ɕ i ²² q a ⁴⁴	- - - - - t j ɯ - ²¹ - - - q - a ²⁴ - - - -	t j ɯ ²¹ q a ²⁴	ʂ - ɯ - ³³ t - ɯ - ²¹ - - - kʲ - ɛ ⁴⁴ - - - -	ʂ ɯ ³³ t ɯ ²¹ kʲ ɛ ⁴⁴	- - - - - t͡ʂ - i - ²⁴ - - - q - a ²⁴ - - - -	t͡ʂ i ²⁴ q a ²⁴	sʰ - ɯ - ³³ t - ɯ - ²¹ - - - k - ɛ ⁴² - - - -	sʰ ɯ ³³ t ɯ ²¹ k ɛ ⁴²	s - ɯ - ³³ t - ɯ - ²¹ - - - k - ɛ ⁴⁴ - - - -	s ɯ ³³ t ɯ ²¹ k ɛ ⁴⁴	- - - - - - - - - - - - - q - a ⁴⁴ - - - -	q a ⁴⁴	s - ɯ - ³³ - - - - - - - - k - a ⁴⁴ - - - -	s ɯ ³³ k a ⁴⁴	s - ɯ - ³³ t - i - ⁵⁵ - - - k - ɛ ⁴⁴ pʰ j ɛ ⁵⁵	s ɯ ³³ t i ⁵⁵ k ɛ ⁴⁴ pʰ j ɛ ⁵⁵	ɕ - i - ³³ ʨ - ɯ̃ - ³¹ t ɯ ³¹ q w a ⁵⁵ - - - -	ɕ i ³³ ʨ ɯ̃ ³¹ t ɯ ³¹ q w a ⁵⁵	s - ǝɯ - ³³ - - - - - - - - k - ɚ ⁴⁴ - - - -	s ǝɯ ³³ k ɚ ⁴⁴	s - ɯ - ³³ ʨ - i - ³³ - - - k j ɛ ⁴⁴ - - - -	s ɯ ³³ ʨ i ³³ k j ɛ ⁴⁴	ɕ j ɯ - ³³ - - - - - - - - q - a ⁴² - - - -	ɕ j ɯ ³³ q a ⁴²	s - o w ³³ t - o w ²¹ - - - kʲ - ɛ ⁴⁴ - - - -	s o w ³³ t o w ²¹ kʲ ɛ ⁴⁴	ʃ - ɤ - ³³ t - ɯ - ²¹ - - - k - ɛ ⁴⁴ - - - -	ʃ ɤ ³³ t ɯ ²¹ k ɛ ⁴⁴	s - ɯ - ³³ - - - - - - - - k - a ⁴⁴ - - - -	s ɯ ³³ k a ⁴⁴
fire	x w i ³³	x w i ³³	f - i ²²	f i ²²	x w i ²²	x w i ²²	x w e ³³	x w e ³³	x w ɛ ²²	x w ɛ ²²	xʰ w e ³³	xʰ w e ³³	x w e ³³	x w e ³³	f - i ²²	f i ²²	x w i ³³	x w i ³³	x w e ⁴⁴	x w e ⁴⁴	f - i ³³	f i ³³	f - i ³³	f i ³³	x w e ³³	x w e ³³	x w e ³³	x w e ³³	x w e ³³	x w e ³³	x w e ³³	x w e ³³	x w i ³³	x w i ³³
firewood	ɕ j e n ⁵⁵	ɕ j e n ⁵⁵	s - ɛ - ⁵⁵	s ɛ ⁵⁵	s - i - ²⁴	s i ²⁴	ɕ - i - ⁵⁵	ɕ i ⁵⁵	χ j e n ⁵⁵	χ j e n ⁵⁵	ɕʰ - ĩ - ⁵⁵	ɕʰ ĩ ⁵⁵	ɕ - ĩ - ⁵⁵	ɕ ĩ ⁵⁵	s - ẽ - ⁵⁵	s ẽ ⁵⁵	ɕ j e n ⁵⁵	ɕ j e n ⁵⁵	ɕ - ĩ - ⁵⁵	ɕ ĩ ⁵⁵	s - ɛ̃ - ⁵⁵	s ɛ̃ ⁵⁵	ɕ - e n ⁵⁵	ɕ e n ⁵⁵	ɕ - i - ³⁵	ɕ i ³⁵	ɕ j e n ⁵⁵	ɕ j e n ⁵⁵	ɕ - ĩ - ⁵⁵	ɕ ĩ ⁵⁵	s - e - ⁵⁵	s e ⁵⁵	ɕ - i - ³⁵	ɕ i ³⁵
fish	- w ɤ̃ - ³⁵	w ɤ̃ ³⁵	ŋ - u - ⁵⁵	ŋ u ⁵⁵	ŋ - o - ²⁴	ŋ o ²⁴	- - ɤ - ³⁵	ɤ ³⁵	ŋ - o - ⁵⁵	ŋ o ⁵⁵	- - ũ - ⁵⁵	ũ ⁵⁵	- - ɤ̃ - ⁵⁵	ɤ̃ ⁵⁵	ŋ - u - ⁵⁵	ŋ u ⁵⁵	ṃ - - - ⁵⁵	ṃ ⁵⁵	- - ũ - ⁵⁵	ũ ⁵⁵	ɴ̣ - - - ³⁵	ɴ̣ ³⁵	- - o ŋ ⁵⁵	o ŋ ⁵⁵	ŋ - ɤ - ³⁵	ŋ ɤ ³⁵	ŋ - ɤ - ⁵⁵	ŋ ɤ ⁵⁵	ŋ - ɯ - ³⁵	ŋ ɯ ³⁵	ŋ - ɯ - ³⁵	ŋ ɯ ³⁵	ŋ - o - ³⁵	ŋ o ³⁵
five	- - õ ³³	õ ³³	ŋ - u ²²	ŋ u ²²	ŋ - u ²²	ŋ u ²²	ŋ - o ³³	ŋ o ³³	ŋ - o ²²	ŋ o ²²	ɣ - ũ ³³	ɣ ũ ³³	- - ɤ̃ ³³	ɤ̃ ³³	ŋ - u ²²	ŋ u ²²	- - ɤ̃ ³³	ɤ̃ ³³	- w õ ⁴⁴	w õ ⁴⁴	ŋ - ɤ̃ ³³	ŋ ɤ̃ ³³	ŋ̣̩ - - ³³	ŋ̣̩ ³³	ŋ - ɤ ³³	ŋ ɤ ³³	ŋ - ɤ ³³	ŋ ɤ ³³	- w ɔ̃ ³³	w ɔ̃ ³³	ŋ - u ³³	ŋ u ³³	m - u ³³	m u ³³
fly	f - ɤ ³⁵	f ɤ ³⁵	x w ɛ ⁵⁵	x w ɛ ⁵⁵	f - ɛ ²⁴	f ɛ ²⁴			p͡f - u ⁵⁵	p͡f u ⁵⁵					f - i ⁵⁵	f i ⁵⁵	f - ɤ ⁵⁵	f ɤ ⁵⁵					p - i ⁵⁵	p i ⁵⁵			f - ɚ ⁵⁵	f ɚ ⁵⁵					f - ɤ ³⁵	f ɤ ³⁵
foot	k o w ⁴⁴	k o w ⁴⁴	k u - ⁴⁴	k u ⁴⁴	k u - ⁵⁵	k u ⁵⁵	k o - ⁴⁴	k o ⁴⁴	k u - ²⁴	k u ²⁴	k o w ⁴⁴	k o w ⁴⁴	k o w ⁴⁴	k o w ⁴⁴	k o - ⁵⁵	k o ⁵⁵	k o w ⁴⁴	k o w ⁴⁴	k ɔ - ⁵⁵	k ɔ ⁵⁵	q u - ⁵⁵	q u ⁵⁵	k o - ⁴⁴	k o ⁴⁴	k o - ⁴⁴	k o ⁴⁴	k o - ⁴²	k o ⁴²	k ɔ - ⁴⁴	k ɔ ⁴⁴	k u - ³³	k u ³³	k o - ⁴⁴	k o ⁴⁴
four	ɕ i ⁴⁴	ɕ i ⁴⁴	s i ⁴⁴	s i ⁴⁴	s i ⁵⁵	s i ⁵⁵	ɕ i ⁴⁴	ɕ i ⁴⁴	ɕ i ²⁴	ɕ i ²⁴	ɕ i ⁴⁴	ɕ i ⁴⁴	ɕ i ⁴⁴	ɕ i ⁴⁴	ɕ i ⁴⁴	ɕ i ⁴⁴	ɕ i ⁴⁴	ɕ i ⁴⁴	ɕ i ⁴⁴	ɕ i ⁴⁴	s i ⁵⁵	s i ⁵⁵	ɕ i ⁴⁴	ɕ i ⁴⁴	ɕ i ⁴⁴	ɕ i ⁴⁴	ɕ i ⁴²	ɕ i ⁴²	ɕ i ⁴⁴	ɕ i ⁴⁴	ɕ i ⁴⁴	ɕ i ⁴⁴	ɕ i ⁴⁴	ɕ i ⁴⁴
fragrant	ɕ - o ŋ ³⁵	ɕ o ŋ ³⁵			ɕ j o - ²⁴	ɕ j o ²⁴	ɕ - ɔ - ³⁵	ɕ ɔ ³⁵	ɕ j o ŋ ⁵⁵	ɕ j o ŋ ⁵⁵	ɕ - õ w ⁵⁵	ɕ õ w ⁵⁵	ɕ - õ - ⁵⁵	ɕ õ ⁵⁵	ɕ - õ - ⁵⁵	ɕ õ ⁵⁵	ɕ j õ - ⁵⁵	ɕ j õ ⁵⁵	ɕ - o - ⁵⁵	ɕ o ⁵⁵			ɕ - o ŋ ⁵⁵	ɕ o ŋ ⁵⁵	ɕ - o - ³⁵	ɕ o ³⁵	ɕ - o ŋ ⁵⁵	ɕ o ŋ ⁵⁵	ɕ - ã - ³⁵	ɕ ã ³⁵	ɕ - ɔ - ³⁵	ɕ ɔ ³⁵	ɕ - o w ³⁵	ɕ o w ³⁵
frog	- - - - u - ³¹ - - - - - - - - - -	u ³¹	- - - - õ - ²¹ - - - - - - - - - -	õ ²¹	- - - - u - ²¹ - - - - - - - - - -	u ²¹	- - - - ɔ - ³¹ m ɛ ³⁵ - - - - - - -	ɔ ³¹ m ɛ ³⁵	- - - - õ - ¹² - - - - - - - - - -	õ ¹²	- - - - u - ³¹ m ɛ ³⁵ - - - - - - -	u ³¹ m ɛ ³⁵	- - - - õ - ²¹ m ɛ ⁵⁵ - - - - - - -	õ ²¹ m ɛ ⁵⁵	- - - - õ - ²¹ - - - - - - - - - -	õ ²¹	- - - - õ - ²¹ - - - - - - - - - -	õ ²¹	ʨʰ ɛ ⁴⁴ - ɔ̃ - ²¹ m ɛ ⁵⁵ - - - - - - -	ʨʰ ɛ ⁴⁴ ɔ̃ ²¹ m ɛ ⁵⁵	- a ⁴² ʔ õ - ⁴⁴ - - - - - - - - - -	a ⁴² ʔ õ ⁴⁴	l ɤ ⁴⁴ - ɛ - ³³ m ɚ ⁵⁵ - - - ʦ - i ³³	l ɤ ⁴⁴ ɛ ³³ m ɚ ⁵⁵ ʦ i ³³	- - - - o - ²¹ m ɛ ³⁵ - - - - - - -	o ²¹ m ɛ ³⁵	- - - - o ŋ ⁵⁵ - - - - - - - - - -	o ŋ ⁵⁵	ʨʰ ɛ̃ ²¹ - - - - m ɛ ²¹ m ɛ ³⁵ ʦ - ɿ ³³	ʨʰ ɛ̃ ²¹ m ɛ ²¹ m ɛ ³⁵ ʦ ɿ ³³	- - - w u - ²¹ - - - - - - ʦ w a ⁴²	w u ²¹ ʦ w a ⁴²	- - - - o w ²¹ - - - - - - - - - -	o w ²¹
frost	ʂ - o w ⁴⁴	ʂ o w ⁴⁴	ɕ w o ŋ ⁵⁵	ɕ w o ŋ ⁵⁵	ɕ j o - ²⁴	ɕ j o ²⁴	ʂ - ɔ - ⁵⁵	ʂ ɔ ⁵⁵	s - o ŋ ⁵⁵	s o ŋ ⁵⁵	sʰ - ɔ w ⁵⁵	sʰ ɔ w ⁵⁵	s - õ - ⁵⁵	s õ ⁵⁵	ɕ j õ - ⁵⁵	ɕ j õ ⁵⁵	s - õ - ⁵⁵	s õ ⁵⁵	s - õ - ⁵⁵	s õ ⁵⁵	ɕ - õ - ³³	ɕ õ ³³	s - o ŋ ⁵⁵	s o ŋ ⁵⁵	s - o - ⁵⁵	s o ⁵⁵	ɕ j o ŋ ⁵⁵	ɕ j o ŋ ⁵⁵	s - o w ⁵⁵	s o w ⁵⁵	s - o - ³³	s o ³³	s - o w ⁵⁵	s o w ⁵⁵
ghost	k - o ³³	k o ³³	ʦ - ɛ ²²	ʦ ɛ ²²	ʦ - ɿ ²²	ʦ ɿ ²²	k - ɤ ³³	k ɤ ³³	t͡ʂ - i ²²	t͡ʂ i ²²	k w ɔ ³³	k w ɔ ³³	k - ɤ ³³	k ɤ ³³	t͡ʂ - ɚ ²²	t͡ʂ ɚ ²²	k - ɤ ³³	k ɤ ³³	k w ɛ ³³	k w ɛ ³³	ʨ - ɯ ³³	ʨ ɯ ³³	ʨ - u ³³	ʨ u ³³	k - ɤ ³³	k ɤ ³³			k - ɯ ³³	k ɯ ³³	k - ɤ ³³	k ɤ ³³	k - ɤ ³³	k ɤ ³³
give	z i - ²¹	z i ²¹	z i - ⁴²	z i ⁴²	ʦ ɿ - ⁴³	ʦ ɿ ⁴³			z i - ⁴²	z i ⁴²					z i - ⁴²	z i ⁴²	s i - ³¹	s i ³¹					z ǝ w ²¹	z ǝ w ²¹			z i - ²¹	z i ²¹					z ɯ - ⁴²	z ɯ ⁴²
glutinous_rice	- - - s - õ ³³ - -	s õ ³³	- - - s - y ²² - -	s y ²²	- - - s - u ²² - -	s u ²²	x ɛ ⁵⁵ z - ɿ ³¹ - -	x ɛ ⁵⁵ z ɿ ³¹	- - - s w a ²² - -	s w a ²²	xʰ ɛ ⁵⁵ z - ɿ ³¹ - -	xʰ ɛ ⁵⁵ z ɿ ³¹	x ɛ ⁵⁵ s - ɿ ³¹ - -	x ɛ ⁵⁵ s ɿ ³¹	- - - s - y ²² - -	s y ²²	- - - s - ɤ ³³ - -	s ɤ ³³	x ɛ ⁵⁵ ʐ - ɯ ³³ - -	x ɛ ⁵⁵ ʐ ɯ ³³			s ɯ ³³ s - ɯ ³³ m ɛ	s ɯ ³³ s ɯ ³³ m ɛ	x ɛ ⁵⁵ s - ɿ ³¹ - -	x ɛ ⁵⁵ s ɿ ³¹	- - - s - ɤ ³³ - -	s ɤ ³³	x ɛ ⁵⁵ - - - - - -	x ɛ ⁵⁵	x ɛ ⁵⁵ z - ɿ ³¹ - -	x ɛ ⁵⁵ z ɿ ³¹	- - - s - i ⁵⁵ - -	s i ⁵⁵
good	x u ³³	x u ³³	x o ⁵⁵	x o ⁵⁵							x u ³³	x u ³³			x o ²²	x o ²²	x u ³³	x u ³³	ɕ o ⁴²	ɕ o ⁴²	x ɯ̃ ³³	x ɯ̃ ³³	x ǝ ³³	x ǝ ³³	x u ³³	x u ³³			x u ³³	x u ³³	x u ³³	x u ³³	x u ³³	x u ³³
hair							t - ɯ - ²¹ m a ³⁵	t ɯ ²¹ m a ³⁵					t - ɯ - ²¹ m a ⁵⁵	t ɯ ²¹ m a ⁵⁵					t j ɯ - ³³ m a ⁵⁵	t j ɯ ³³ m a ⁵⁵	t - e - ³¹ m e ⁵⁵	t e ³¹ m e ⁵⁵			t - ɯ - ²¹ m a ³⁵	t ɯ ²¹ m a ³⁵			t - o w ²¹ m a ³⁵	t o w ²¹ m a ³⁵	d - ɯ - ²¹ m a ³⁵	d ɯ ²¹ m a ³⁵		
hand	ʂʰ - ɯ - ³³ - - - -	ʂʰ ɯ ³³	ɕ - i - ²² - - - -	ɕ i ²²	ɕ j ɯ - ²² - - - -	ɕ j ɯ ²²	ʂ - ɯ - ³³ - - - -	ʂ ɯ ³³	ʂ - i - ²² - - - -	ʂ i ²²	sʰ - ɯ - ³³ - - - -	sʰ ɯ ³³	s - ɯ - ³³ - - - -	s ɯ ³³	ɕ - i - ²² - - - -	ɕ i ²²	s - ɯ - ³³ - - - -	s ɯ ³³	s - ɯ - ³³ pʰ w a ³³	s ɯ ³³ pʰ w a ³³	ɕ - i - ³³ - - - -	ɕ i ³³	s - ǝ w ³³ - - - -	s ǝ w ³³	s - ɯ - ³³ - - - -	s ɯ ³³	ɕ j ɯ - ³³ - - - -	ɕ j ɯ ³³	s - o w ³³ - - - -	s o w ³³	ʃ - ɤ - ³³ - - - -	ʃ ɤ ³³	s - ɯ - ³³ - - - -	s ɯ ³³
head	t - i - ⁴² - - - -	t i ⁴²	ʨ - u - ²² - - - -	ʨ u ²²	t - i w ²¹ - - - -	t i w ²¹	t - ɯ - ²¹ p - ɔ ²¹	t ɯ ²¹ p ɔ ²¹	d - i - ²¹ - - - -	d i ²¹	t - ɯ - ²¹ p - ɔ ²¹	t ɯ ²¹ p ɔ ²¹	t - ɯ - ²¹ p - o ²¹	t ɯ ²¹ p o ²¹	ʈ - o - ²² - - - -	ʈ o ²²	t - ǝ - ³¹ - - - -	t ǝ ³¹	t j ɯ - ³³ p w a ³¹	t j ɯ ³³ p w a ³¹	ʈ - ʊ - ³³ p w a ³¹	ʈ ʊ ³³ p w a ³¹	t - a - ⁴² - - - -	t a ⁴²	t - ɯ - ²¹ p - ɔ ²¹	t ɯ ²¹ p ɔ ²¹	d j ɯ - ³⁵ - - - -	d j ɯ ³⁵	t - o w ²¹ p - o ²¹	t o w ²¹ p o ²¹	d - ɯ - ²¹ p w a ²¹	d ɯ ²¹ p w a ²¹	t - ɯ - ³¹ - - - -	t ɯ ³¹
heart	ɕ j e n ⁵⁵	ɕ j e n ⁵⁵	s - ɛ - ⁵⁵	s ɛ ⁵⁵	s - i - ²⁴	s i ²⁴	ɕ - i - ⁵⁵	ɕ i ⁵⁵	ɕ - i n ⁵⁵	ɕ i n ⁵⁵	ɕʰ - ĩ - ⁵⁵	ɕʰ ĩ ⁵⁵	ɕ - ĩ - ⁵⁵	ɕ ĩ ⁵⁵	s - ẽ - ⁵⁵	s ẽ ⁵⁵	ɕ j e n ⁵⁵	ɕ j e n ⁵⁵	ɕ - ĩ - ⁵⁵	ɕ ĩ ⁵⁵	s - ẽ - ⁵⁵	s ẽ ⁵⁵	ɕ - e n ⁵⁵	ɕ e n ⁵⁵	ɕ - i - ³⁵	ɕ i ³⁵	ɕ j e n ⁵⁵	ɕ j e n ⁵⁵	ɕ - ĩ - ⁵⁵	ɕ ĩ ⁵⁵	s - e - ⁵⁵	s e ⁵⁵	ɕ - i - ³⁵	ɕ i ³⁵
heavy	t͡ʂ - õ - ³³	t͡ʂ õ ³³	ʥ - o - ²²	ʥ o ²²	d͡ʐ - o - ²²	d͡ʐ o ²²	t͡ʂ - ɤ - ³³	t͡ʂ ɤ ³³	ʣ - o ŋ ²²	ʣ o ŋ ²²	ʦ w ɔ̃ - ³³	ʦ w ɔ̃ ³³	ʦ - ɤ̃ - ³³	ʦ ɤ̃ ³³	ʥ - õ - ²²	ʥ õ ²²	ʦ - ɤ̃ - ³³	ʦ ɤ̃ ³³	ʦ - õ - ³³	ʦ õ ³³	ʥ - ɔ̃ - ³³	ʥ ɔ̃ ³³	ʦ - õ - ²¹	ʦ õ ²¹	ʦ - ɤ - ³³	ʦ ɤ ³³	ʐ - ɤ ŋ ³³	ʐ ɤ ŋ ³³	j - ɛ̃ - ³³	j ɛ̃ ³³	ʣ - ɤ - ³³	ʣ ɤ ³³	ʦ - ɤ - ³³	ʦ ɤ ³³
hemp	s i ³³	s i ³³			s i ³³	s i ³³	s ɯ ³³	s ɯ ³³	s i ³³	s i ³³	s ɿ ³³	s ɿ ³³	s ɿ ³³	s ɿ ³³			s i ³³	s i ³³	s ɿ ⁴⁴	s ɿ ⁴⁴	s ɿ ³³	s ɿ ³³	s i ³³	s i ³³	s ɿ ³³	s ɿ ³³	s i ³³	s i ³³	s ɤ ³⁵	s ɤ ³⁵	s ɿ ³³	s ɿ ³³		
high_tall	k ã - ³⁵	k ã ³⁵	q o - ⁵⁵	q o ⁵⁵	q a - ²⁴	q a ²⁴	k a - ³⁵	k a ³⁵	q a ŋ ⁵⁵	q a ŋ ⁵⁵	k ã - ⁵⁵	k ã ⁵⁵	k ã - ⁵⁵	k ã ⁵⁵	q ã - ⁵⁵	q ã ⁵⁵	k ɑ̃ - ⁵⁵	k ɑ̃ ⁵⁵	k ã - ⁵⁵	k ã ⁵⁵	q ɔ̃ - ⁵⁵	q ɔ̃ ⁵⁵	k a ŋ ⁵⁵	k a ŋ ⁵⁵	k a - ³⁵	k a ³⁵	q ɔ ŋ ⁵⁵	q ɔ ŋ ⁵⁵	k ã - ³⁵	k ã ³⁵	k a - ³⁵	k a ³⁵	k a - ³⁵	k a ³⁵
hoe	t͡ʂ - o ²¹ - - -	t͡ʂ o ²¹	ʨ - u ²¹ - - -	ʨ u ²¹	ʨ - o ²¹ - - -	ʨ o ²¹	t͡ʂ - ɔ ²¹ ʂ e ⁴²	t͡ʂ ɔ ²¹ ʂ e ⁴²	ʣ w a ¹² - - -	ʣ w a ¹²	ʦ w ɔ ²¹ s ẽ ⁴²	ʦ w ɔ ²¹ s ẽ ⁴²	ʦ - ɤ ²¹ s ẽ ⁴²	ʦ ɤ ²¹ s ẽ ⁴²	ʨ - u ²¹ - - -	ʨ u ²¹	ʦ - ɤ̃ ²¹ - - -	ʦ ɤ̃ ²¹	ʦ - u ²¹ s ẽ ⁴²	ʦ u ²¹ s ẽ ⁴²	ʨ - ʊ ²¹ - - -	ʨ ʊ ²¹	ʣ - u ²¹ - - -	ʣ u ²¹	ʦ - ɤ ²¹ - - -	ʦ ɤ ²¹			ʨ - ɛ̃ ²¹ - - -	ʨ ɛ̃ ²¹	ʦ - ɯ ²¹ s e ⁴²	ʦ ɯ ²¹ s e ⁴²	ʦ - ɤ ²¹ - - -	ʦ ɤ ²¹
horn	k - o - ⁴⁴	k o ⁴⁴	q - o - ⁴⁴	q o ⁴⁴	q - o - ⁵⁵	q o ⁵⁵	k - ɤ - ⁴⁴	k ɤ ⁴⁴	q w a - ²⁴	q w a ²⁴	k w ɔ - ⁴⁴	k w ɔ ⁴⁴	k - ɤ - ⁴⁴	k ɤ ⁴⁴	q - o - ⁵⁵	q o ⁵⁵	k - ɤ - ⁴⁴	k ɤ ⁴⁴	k - o - ⁵⁵	k o ⁵⁵	q - õ - ⁵⁵	q õ ⁵⁵	k - o ŋ ⁴⁴	k o ŋ ⁴⁴	k - ɤ - ⁴⁴	k ɤ ⁴⁴	q - o - ⁴²	q o ⁴²	k - ɯ - ³³	k ɯ ³³	k - ɤ - ⁴⁴	k ɤ ⁴⁴	k - ɤ - ⁴⁴	k ɤ ⁴⁴
horse	m ɚ - ³³	m ɚ ³³	m a - ²²	m a ²²	m æ - ²²	m æ ²²	m ɛ - ³³	m ɛ ³³	m æ - ²²	m æ ²²	m ɛ - ³³	m ɛ ³³	m ɛ - ³³	m ɛ ³³	m o - ²²	m o ²²	m a n ³³	m a n ³³	m ɛ - ³³	m ɛ ³³	m ɔ̃ - ³³	m ɔ̃ ³³	m ɚ - ³³	m ɚ ³³	m ɛ - ³³	m ɛ ³³	m a - ³³	m a ³³	m ɛ - ³³	m ɛ ³³	m ɛ - ³³	m ɛ ³³	m ɛ - ³³	m ɛ ³³
hot	- - - j e n ⁴⁴	j e n ⁴⁴	- - ɲ - i - ⁴⁴	ɲ i ⁴⁴	- - ɲ - i - ⁵⁵	ɲ i ⁵⁵	- - - - ɯ - ³¹	ɯ ³¹	- - ɲ - i - ²⁴	ɲ i ²⁴	- - - w ẽ - ⁵⁵	w ẽ ⁵⁵	- - - w ẽ - ⁵⁵	w ẽ ⁵⁵	- - ɲ - i - ⁴⁴	ɲ i ⁴⁴	- - - j ẽ - ⁴⁴	j ẽ ⁴⁴	ɯ ⁴² - j ɛ̃ - ⁴⁴	ɯ ⁴² j ɛ̃ ⁴⁴	- - ɲ - i - ⁵⁵	ɲ i ⁵⁵	- - ɲ j ɛ - ⁴⁴	ɲ j ɛ ⁴⁴	ɯ ³¹ ɲ - i - ⁴⁴	ɯ ³¹ ɲ i ⁴⁴	- - - j e n ⁴²	j e n ⁴²	- - - w ẽ - ³⁵	w ẽ ³⁵	- - - w ɛ - ³³	w ɛ ³³	- - ɲ j e - ⁴⁴	ɲ j e ⁴⁴
house	x - o w ³¹ - - - -	x o w ³¹	x - o - ⁴² - - - -	x o ⁴²	x - o - ⁴³ - - - -	x o ⁴³	x - ɔ - ²¹ - - - -	x ɔ ²¹	h - a - ⁴² - - - -	h a ⁴²	xʰ - ɔ w ³¹ - - - -	xʰ ɔ w ³¹	x - o w ²¹ - - - -	x o w ²¹	x - o - ⁴² - - - -	x o ⁴²	x - o w ³¹ - - - -	x o w ³¹	x - o - ³¹ k j ɛ̃ ⁵⁵	x o ³¹ k j ɛ̃ ⁵⁵	x - ɔ - ⁴² - - - -	x ɔ ⁴²	x - o - ²¹ - - - -	x o ²¹	x - ɔ - ²¹ - - - -	x ɔ ²¹	h - ɔ - ²¹ - - - -	h ɔ ²¹	x - ɔ - ²¹ - - - -	x ɔ ²¹	x w a - ²¹ - - - -	x w a ²¹	h - o - ³¹ - - - -	h o ³¹
hundred	- - - p - ɚ ⁴⁴	p ɚ ⁴⁴	- - - p - a ⁴⁴	p a ⁴⁴	- - - p - æ ⁵⁵	p æ ⁵⁵	- a ³¹ p - ɛ ⁴⁴	a ³¹ p ɛ ⁴⁴	- - - p - æ ²⁴	p æ ²⁴	- a ³¹ p - ɛ ⁴⁴	a ³¹ p ɛ ⁴⁴	- a ³¹ p - ɛ ⁴⁴	a ³¹ p ɛ ⁴⁴	- - - p - a ⁵⁵	p a ⁵⁵	- - - p - a ⁴⁴	p a ⁴⁴	- a ³¹ p - æ ⁴⁴	a ³¹ p æ ⁴⁴	ʔ a ⁴⁴ p w a ⁵⁵	ʔ a ⁴⁴ p w a ⁵⁵	- - - p - ɚ ⁴⁴	p ɚ ⁴⁴	- a ³¹ p - ɛ ⁴⁴	a ³¹ p ɛ ⁴⁴	- - - p - a ⁴²	p a ⁴²	- a ³¹ p - ɛ ⁴⁴	a ³¹ p ɛ ⁴⁴	- a ³¹ p - ɛ ⁴⁴	a ³¹ p ɛ ⁴⁴	- - - p - ǝ ⁴⁴	p ǝ ⁴⁴
ill_sick	p ɚ̃ - ³¹	p ɚ̃ ³¹			b æ - ⁴³	b æ ⁴³	p ɛ - ³¹	p ɛ ³¹	b a n ⁴²	b a n ⁴²	p ɛ̃ - ³¹	p ɛ̃ ³¹	p ɛ̃ - ³¹	p ɛ̃ ³¹			p a n ³¹	p a n ³¹	s ɔ̃ - ⁴²	s ɔ̃ ⁴²	s õ - ³¹	s õ ³¹	p ɚ̃ - ²¹	p ɚ̃ ²¹	p ɛ - ³¹	p ɛ ³¹	b a ŋ ²¹	b a ŋ ²¹	p ɛ̃ - ³¹	p ɛ̃ ³¹	p ɛ - ³¹	p ɛ ³¹	p ɛ - ²¹	p ɛ ²¹
interest			- - - pʰ u - ²¹	pʰ u ²¹	- - - b ɯ - ²¹	b ɯ ²¹	- - - p ɯ - ²¹	p ɯ ²¹	- - - b u - ¹²	b u ¹²	- - - p ɯ - ²¹	p ɯ ²¹	- - - p ɯ - ²¹	p ɯ ²¹	- - - p ɯ - ²¹	p ɯ ²¹			- - - p ɯ - ²¹	p ɯ ²¹	b o ⁵⁵ p ɯ - ³¹	b o ⁵⁵ p ɯ ³¹	- - - p ǝ - ²¹	p ǝ ²¹	- - - p ɯ - ²¹	p ɯ ²¹	- - - b ɯ - ³⁵	b ɯ ³⁵	- - - p o w ²¹	p o w ²¹	l i ⁵⁵ ɕ ɛ - ⁴⁴	l i ⁵⁵ ɕ ɛ ⁴⁴	- - - p ɯ - ²¹	p ɯ ²¹
intestine_gut	t͡ʂ - o - ŋ ²¹	t͡ʂ o ŋ ²¹	ʣ - ɨ w - ²¹	ʣ ɨ w ²¹	t j o - - ²¹	t j o ²¹	t͡ʂ - ɔ - - ²¹	t͡ʂ ɔ ²¹			ʦ - ɔ̃ w - ²¹	ʦ ɔ̃ w ²¹	ʦ - õ - - ²¹	ʦ õ ²¹	ʈ - õ - - ²¹	ʈ õ ²¹	ʦ - õ - - ²¹	ʦ õ ²¹	ʦ - õ - - ²¹	ʦ õ ²¹	t - õ - - ²¹	t õ ²¹	ʦ - o - ŋ ²¹	ʦ o ŋ ²¹	ʦ - o - - ²¹	ʦ o ²¹	d - ɤ - - ³⁵	d ɤ ³⁵	ʦ - ɤ̃ - - ²¹	ʦ ɤ̃ ²¹	ʦ w a - - ²¹	ʦ w a ²¹	ʦ - o w - ²¹	ʦ o w ²¹
to_ask	p j ɚ ⁴⁴	p j ɚ ⁴⁴	ʨ ɥ a ⁴⁴	ʨ ɥ a ⁴⁴	p j æ ⁵⁵	p j æ ⁵⁵	p j ɛ ⁴⁴	p j ɛ ⁴⁴	ʨ w ɛ ²⁴	ʨ w ɛ ²⁴	p j ɛ ⁴⁴	p j ɛ ⁴⁴	p j ɛ ⁴⁴	p j ɛ ⁴⁴	ʨ w a ⁵⁵	ʨ w a ⁵⁵	p j a ⁴⁴	p j a ⁴⁴	p j ɛ ⁴⁴	p j ɛ ⁴⁴	ʧ w a ⁴⁴	ʧ w a ⁴⁴	p j ɚ ⁴⁴	p j ɚ ⁴⁴	p j ɛ ⁴⁴	p j ɛ ⁴⁴	t͡ʂ w a ⁴²	t͡ʂ w a ⁴²	p j ɛ ⁴⁴	p j ɛ ⁴⁴	p j ɛ ⁴⁴	p j ɛ ⁴⁴	p j ɛ ⁴⁴	p j ɛ ⁴⁴
to_bark	p j a ⁴²	p j a ⁴²	ʨ ɥ a ²¹	ʨ ɥ a ²¹	p j a ²¹	p j a ²¹	p j a ⁴²	p j a ⁴²	ʥ w a ²¹	ʥ w a ²¹	p j a ⁴²	p j a ⁴²	p j a ⁴²	p j a ⁴²	ʨ w a ⁵³	ʨ w a ⁵³	p j o ⁴²	p j o ⁴²	p j a ⁴²	p j a ⁴²	ʧ w a ⁴⁴	ʧ w a ⁴⁴	pʰ j a ⁴²	pʰ j a ⁴²	p j a ⁴²	p j a ⁴²			p j a ⁴²	p j a ⁴²	p j a ⁴²	p j a ⁴²	p j a ⁴²	p j a ⁴²
to_blow	pʰ u - ⁵⁵	pʰ u ⁵⁵	pʰ ɯ - ⁵⁵	pʰ ɯ ⁵⁵	pʰ ɯ - ²⁴	pʰ ɯ ²⁴	pʰ ɯ - ⁵⁵	pʰ ɯ ⁵⁵	p u - ⁵⁵	p u ⁵⁵	pʰ ɯ - ⁵⁵	pʰ ɯ ⁵⁵	pʰ ɯ - ⁵⁵	pʰ ɯ ⁵⁵	pʰ ɯ - ⁵⁵	pʰ ɯ ⁵⁵	pʰ ɯ - ⁵⁵	pʰ ɯ ⁵⁵	pʰ u - ⁵⁵	pʰ u ⁵⁵	pʰ ɯ - ⁴⁴	pʰ ɯ ⁴⁴	pʰ ǝ w ⁵⁵	pʰ ǝ w ⁵⁵	pʰ ɯ - ⁵⁵	pʰ ɯ ⁵⁵	pʰ ɯ - ⁵⁵	pʰ ɯ ⁵⁵	pʰ o w ⁵⁵	pʰ o w ⁵⁵	pʰ ɯ - ⁵⁵	pʰ ɯ ⁵⁵	pʰ ǝ w ⁵⁵	pʰ ǝ w ⁵⁵
to_boil			x w a ⁴⁴	x w a ⁴⁴	χ w a ⁵⁵	χ w a ⁵⁵	x w a ⁴⁴	x w a ⁴⁴	x w a ²⁴	x w a ²⁴	x w a ⁴⁴	x w a ⁴⁴	x w a ⁴⁴	x w a ⁴⁴	x w a ⁵⁵	x w a ⁵⁵	x w ɑ ⁴⁴	x w ɑ ⁴⁴	x w a ⁴⁴	x w a ⁴⁴	χ w a ⁴⁴	χ w a ⁴⁴	x w a ⁴⁴	x w a ⁴⁴	x w a ⁴⁴	x w a ⁴⁴	h w ɔ ⁴²	h w ɔ ⁴²	x w a ⁴⁴	x w a ⁴⁴	x w a ⁴⁴	x w a ⁴⁴	x w a ⁴⁴	x w a ⁴⁴
to_buy	m ɚ ⁴²	m ɚ ⁴²	m a ⁴²	m a ⁴²	m æ ⁴³	m æ ⁴³	m ɛ ⁴²	m ɛ ⁴²	m æ ⁴²	m æ ⁴²	m ɛ ⁴²	m ɛ ⁴²	m ɛ ⁴²	m ɛ ⁴²	m a ⁴²	m a ⁴²	m a ⁴²	m a ⁴²	m æ ⁴²	m æ ⁴²	m a ³¹	m a ³¹	m ɚ ²¹	m ɚ ²¹	m ɛ ³²	m ɛ ³²	m a ²¹	m a ²¹	m ɛ ⁴²	m ɛ ⁴²	m ɛ ⁴²	m ɛ ⁴²	m ɛ ⁴²	m ɛ ⁴²
to_chirp	m ɚ - ²¹	m ɚ ²¹			m æ - ²¹	m æ ²¹	m ɛ - ²¹	m ɛ ²¹	m æ - ¹²	m æ ¹²	m ɛ - ²¹	m ɛ ²¹	m ɛ - ²¹	m ɛ ²¹			m a n ²¹	m a n ²¹	m æ - ²¹	m æ ²¹	m ã - ³¹	m ã ³¹	m ɚ̃ - ²¹	m ɚ̃ ²¹	m ɛ - ²¹	m ɛ ²¹	m a - ³⁵	m a ³⁵	k ɯ - ³⁵	k ɯ ³⁵	m ɛ - ²¹	m ɛ ²¹		
to_close	m e ³⁵	m e ³⁵			m i ²⁴	m i ²⁴	m i ³⁵	m i ³⁵	m i ⁵⁵	m i ⁵⁵	m e ³⁵	m e ³⁵	m e ⁵⁵	m e ⁵⁵			m e ⁵⁵	m e ⁵⁵	m ĩ ⁵⁵	m ĩ ⁵⁵			m i ⁵⁵	m i ⁵⁵	m e ³⁵	m e ³⁵	m i ⁵⁵	m i ⁵⁵	m i ³⁵	m i ³⁵	m i ³⁵	m i ³⁵		
to_comb							s - ɤ ³¹	s ɤ ³¹			s w ɔ ³¹	s w ɔ ³¹	s - ɤ̃ ³¹	s ɤ̃ ³¹					s - u ³¹	s u ³¹	ɕ - u ³³	ɕ u ³³			s - ɤ ³¹	s ɤ ³¹			ɕ - ɛ ²¹	ɕ ɛ ²¹	ʃ - ɤ ³¹	ʃ ɤ ³¹		
to_cry			- - - qʰ - u - ⁴⁴	qʰ u ⁴⁴	- - - qʰ - u - ⁵⁵	qʰ u ⁵⁵	- - - kʰ - ɔ - ⁴⁴	kʰ ɔ ⁴⁴	- - - qʰ - u - ²²⁴	qʰ u ²²⁴	xʰ ɛ ⁵⁵ k w ɔ - ⁵⁵	xʰ ɛ ⁵⁵ k w ɔ ⁵⁵	- - - kʰ - o w ⁴⁴	kʰ o w ⁴⁴	- - - qʰ - o - ⁵⁵	qʰ o ⁵⁵	- - - kʰ - o w ⁴⁴	kʰ o w ⁴⁴	- - - kʰ - u - ³³	kʰ u ³³	- - - qʰ - o - ⁵⁵	qʰ o ⁵⁵	- - - kʰ - o - ⁴⁴	kʰ o ⁴⁴	- - - kʰ - o - ⁴⁴	kʰ o ⁴⁴	- - - qʰ - o - ⁴²	qʰ o ⁴²	- - - kʰ - ɔ w ⁴⁴	kʰ ɔ w ⁴⁴	- - - kʰ - u - ⁴⁴	kʰ u ⁴⁴	- - - kʰ - ɑ - ⁴⁴	kʰ ɑ ⁴⁴
to_cut	ʂʰ - ɚ ⁴⁴ - - -	ʂʰ ɚ ⁴⁴	ɕ - a ⁴⁴ - - -	ɕ a ⁴⁴	ɕ j æ ⁵⁵ - - -	ɕ j æ ⁵⁵	ʂ - ɛ ⁴⁴ - - -	ʂ ɛ ⁴⁴	s - æ ²⁴ - - -	s æ ²⁴	sʰ - ɛ ⁴⁴ - - -	sʰ ɛ ⁴⁴	s - ɛ ⁴⁴ - - -	s ɛ ⁴⁴	ɕ - a ⁵⁵ q a ²¹	ɕ a ⁵⁵ q a ²¹	s - a ⁴⁴ - - -	s a ⁴⁴	s - ɛ ⁴⁴ - - -	s ɛ ⁴⁴	ɕ - a ⁵⁵ - - -	ɕ a ⁵⁵	s - ɚ ⁴⁴ - - -	s ɚ ⁴⁴	s - ɛ ⁴⁴ - - -	s ɛ ⁴⁴	ɕ - a ⁴² - - -	ɕ a ⁴²	s - ɛ ⁴⁴ - - -	s ɛ ⁴⁴	s - ɛ ⁴⁴ - - -	s ɛ ⁴⁴	s - ɛ ⁴⁴ - - -	s ɛ ⁴⁴
to_cut_up	ʦʰ w ã - ³³	ʦʰ w ã ³³			ʨʰ ɥ ɛ - ²²	ʨʰ ɥ ɛ ²²	ʦʰ w a - ³³	ʦʰ w a ³³	ʦʰ w a ŋ ²²	ʦʰ w a ŋ ²²	ʦʰ w ã - ³³	ʦʰ w ã ³³	ʦʰ w ã - ³³	ʦʰ w ã ³³			ʦʰ w ɑ̃ - ³³	ʦʰ w ɑ̃ ³³	ʨʰ w ã - ⁴⁴	ʨʰ w ã ⁴⁴	ɕ - o - ⁴⁴	ɕ o ⁴⁴	ʦʰ w e n ³³	ʦʰ w e n ³³	ʧʰ w a - ³³	ʧʰ w a ³³	ʦʰ - o ŋ ³³	ʦʰ o ŋ ³³	ʦʰ w ã - ³³	ʦʰ w ã ³³	ʦʰ w a - ³³	ʦʰ w a ³³	ʦʰ w a - ³³	ʦʰ w a ³³
to_die	ɕ i ³³	ɕ i ³³	s i ²²	s i ²²	s i ²²	s i ²²	ɕ i ³³	ɕ i ³³	ɕ i ²²	ɕ i ²²	ɕ i ³³	ɕ i ³³	ɕ i ³³	ɕ i ³³	ɕ i ²²	ɕ i ²²	ɕ i ³³	ɕ i ³³	ɕ i ⁴⁴	ɕ i ⁴⁴	s i ⁴⁴	s i ⁴⁴	ɕ i ³³	ɕ i ³³	ɕ i ³³	ɕ i ³³	ɕ i ³³	ɕ i ³³	ɕ i ³³	ɕ i ³³	ɕ i ³³	ɕ i ³³	ɕ i ³³	ɕ i ³³
to_drink	- ǝ̃ - ³³	ǝ̃ ³³	- ɯ̃ - ²²	ɯ̃ ²²	- ɯ - ²²	ɯ ²²	- ɯ - ³³	ɯ ³³			- ɯ - ³³	ɯ ³³	- ɯ̃ - ³³	ɯ̃ ³³	- ɯ̃ - ²²	ɯ̃ ²²	- ǝ̃ - ³³	ǝ̃ ³³	- ɯ̃ - ⁴⁴	ɯ̃ ⁴⁴	- ɯ̃ - ³³	ɯ̃ ³³	- o ŋ ³³	o ŋ ³³	- ɯ - ³³	ɯ ³³	- ɯ̃ - ³³	ɯ̃ ³³	- ẽ - ³³	ẽ ³³	ʔ ɯ - ³³	ʔ ɯ ³³	- ɯ - ³³	ɯ ³³
to_eat	j ɯ - ⁴⁴	j ɯ ⁴⁴	j i - ⁴⁴	j i ⁴⁴	j ɯ - ⁵⁵	j ɯ ⁵⁵	j ɯ - ⁴⁴	j ɯ ⁴⁴	j u - ⁴²	j u ⁴²	j ɯ - ⁴⁴	j ɯ ⁴⁴	j ɯ - ⁴⁴	j ɯ ⁴⁴	j i - ⁵⁵	j i ⁵⁵	j ɯ - ⁴⁴	j ɯ ⁴⁴	j ɯ - ⁴⁴	j ɯ ⁴⁴	j i - ⁴⁴	j i ⁴⁴	j i - ⁴⁴	j i ⁴⁴	ɣ ɯ - ³³	ɣ ɯ ³³	j u - ⁴²	j u ⁴²	j o w ⁴⁴	j o w ⁴⁴	j ɯ - ⁴⁴	j ɯ ⁴⁴	j ɯ - ⁴⁴	j ɯ ⁴⁴
to_fall_down_to_drop			t w a - ⁴² - - -	t w a ⁴²	d w a - ²¹ - - -	d w a ²¹	t - o - ⁴⁴ p a ⁴⁴	t o ⁴⁴ p a ⁴⁴	ʨ - ɛ - ²⁴ - - -	ʨ ɛ ²⁴	t - o w ⁴⁴ - - -	t o w ⁴⁴	t w ɛ - ⁴⁴ f ɛ̃ ³³	t w ɛ ⁴⁴ f ɛ̃ ³³	t w a - ⁴² - - -	t w a ⁴²	t w ɑ - ⁴² - - -	t w ɑ ⁴²	t w ɛ - ⁴⁴ f ɛ̃ ³³	t w ɛ ⁴⁴ f ɛ̃ ³³	t - u - ⁵⁵ x a ⁴⁴	t u ⁵⁵ x a ⁴⁴			t - o - ⁴⁴ x ɯ ⁵⁵	t o ⁴⁴ x ɯ ⁵⁵					t - o - ⁴⁴ f ɛ ⁴⁴	t o ⁴⁴ f ɛ ⁴⁴	t w a - ⁴² - - -	t w a ⁴²
to_grind							ŋ w e ⁴² - - -	ŋ w e ⁴²			- w ɛ ⁴² kʰ a ⁴⁴	w ɛ ⁴² kʰ a ⁴⁴	- w ẽ ⁴² - - -	w ẽ ⁴²					- w ẽ ⁴² kʰ a ⁴⁴	w ẽ ⁴² kʰ a ⁴⁴	m - i ⁴² p ẽ ³³	m i ⁴² p ẽ ³³			- w e ³² - - -	w e ³²			- w ẽ ⁴² - - -	w ẽ ⁴²	ŋ w e ⁴² - - -	ŋ w e ⁴²		
to_hide	ʦ o ŋ ²¹	ʦ o ŋ ²¹	ʦ u - ²¹	ʦ u ²¹	ʦ o - ²¹	ʦ o ²¹	ʦ ɔ - ²¹	ʦ ɔ ²¹	ʣ o ŋ ¹²	ʣ o ŋ ¹²	ʦ ɔ̃ w ²¹	ʦ ɔ̃ w ²¹	ʦ õ - ²¹	ʦ õ ²¹	ʦ õ - ⁴²	ʦ õ ⁴²	ʦ õ - ²¹	ʦ õ ²¹	ʦ ɔ̃ - ²¹	ʦ ɔ̃ ²¹	ʦ ɔ̃ - ³¹	ʦ ɔ̃ ³¹	ʦ o ŋ ²¹	ʦ o ŋ ²¹	ʦ o - ²¹	ʦ o ²¹	z o ŋ ³⁵	z o ŋ ³⁵	ʦ ã - ²¹	ʦ ã ²¹	ʦ ɔ - ²¹	ʦ ɔ ²¹	ʦ o w ²¹	ʦ o w ²¹
to_itch	- j o ŋ ³³	j o ŋ ³³	ɲ j õ - ²²	ɲ j õ ²²	ɲ j o - ²²	ɲ j o ²²			- j o ŋ ²²	j o ŋ ²²					ɲ j õ - ²²	ɲ j õ ²²	- j õ - ³³	j õ ³³					- j o ŋ ³³	j o ŋ ³³			- j ɤ ŋ ³³	j ɤ ŋ ³³					- j o w ⁴⁴	j o w ⁴⁴
