ID	Abbekerk(NH)_REF	Abbekerk(NH)_SEQ	Aduard(Gn)_REF	Aduard(Gn)_SEQ	Almkerk(NB)_REF	Almkerk(NB)_SEQ	Ameide(ZH)_REF	Ameide(ZH)_SEQ	Bilzen(BeLb)_REF	Bilzen(BeLb)_SEQ	Bollezeele(FrVl)_REF	Bollezeele(FrVl)_SEQ	Brielle(ZH)_REF	Brielle(ZH)_SEQ	Brouckerque(FrVl)_REF	Brouckerque(FrVl)_SEQ	Brouwershaven(Ze)_REF	Brouwershaven(Ze)_SEQ	Buren(Fr)_REF	Buren(Fr)_SEQ	Buurmalsen(Gl)_REF	Buurmalsen(Gl)_SEQ	Callantsoog(NH)_REF	Callantsoog(NH)_SEQ	DenHoorn(NH)_REF	DenHoorn(NH)_SEQ	Gouderak(ZH)_REF	Gouderak(ZH)_SEQ	Haamstede(Ze)_REF	Haamstede(Ze)_SEQ	Holwerd(Fr)_REF	Holwerd(Fr)_SEQ	Humbeek(BeBr)_REF	Humbeek(BeBr)_SEQ	Ingen(Gl)_REF	Ingen(Gl)_SEQ	Kantens(Gn)_REF	Kantens(Gn)_SEQ	Kerkrade(Lb)_REF	Kerkrade(Lb)_SEQ	Knokke(BeWv)_REF	Knokke(BeWv)_SEQ	Koedijk(NH)_REF	Koedijk(NH)_SEQ	Koekelare(BeWv)_REF	Koekelare(BeWv)_SEQ	Kortrijk(BeWv)_REF	Kortrijk(BeWv)_SEQ	Leermens(Gn)_REF	Leermens(Gn)_SEQ	Lies(Fr)_REF	Lies(Fr)_SEQ	Meerbeek(BeBr)_REF	Meerbeek(BeBr)_SEQ	Midsland(Fr)_REF	Midsland(Fr)_SEQ	Moorslede(BeWv)_REF	Moorslede(BeWv)_SEQ	Mouscron(Be)_REF	Mouscron(Be)_SEQ	Mussel(Gn)_REF	Mussel(Gn)_SEQ	Nazareth(BeOv)_REF	Nazareth(BeOv)_SEQ	Nieurlet(FrVl)_REF	Nieurlet(FrVl)_SEQ	Nijeholtpade(Fr)_REF	Nijeholtpade(Fr)_SEQ	Nijmegen(Gl)_REF	Nijmegen(Gl)_SEQ	Ooike(BeOv)_REF	Ooike(BeOv)_SEQ	Oostende(BeWv)_REF	Oostende(BeWv)_SEQ	Oosterend(Fr)_REF	Oosterend(Fr)_SEQ	Oudeschoot(Fr)_REF	Oudeschoot(Fr)_SEQ	Piershil(ZH)_REF	Piershil(ZH)_SEQ	Poperinge(BeWv)_REF	Poperinge(BeWv)_SEQ	Renkum(Gl)_REF	Renkum(Gl)_SEQ	Schagen(NH)_REF	Schagen(NH)_SEQ	Scheveningen(ZH)_REF	Scheveningen(ZH)_SEQ	Schinnen(Lb)_REF	Schinnen(Lb)_SEQ	Silvolde(Gl)_REF	Silvolde(Gl)_SEQ	Sint-Annen(Gn)_REF	Sint-Annen(Gn)_SEQ	Sloten(Fr)_REF	Sloten(Fr)_SEQ	Smilde(Dr)_REF	Smilde(Dr)_SEQ	TerApel(Gn)_REF	TerApel(Gn)_SEQ	Ulft(Gl)_REF	Ulft(Gl)_SEQ	Valthermond(Dr)_REF	Valthermond(Dr)_SEQ	Varsseveld(Gl)_REF	Varsseveld(Gl)_SEQ	Walshoutem(BeBr)_REF	Walshoutem(BeBr)_SEQ	Waregem(BeWv)_REF	Waregem(BeWv)_SEQ	Wateringen(ZH)_REF	Wateringen(ZH)_SEQ	West-Terschelling(Fr)_REF	West-Terschelling(Fr)_SEQ	Wierum(Fr)_REF	Wierum(Fr)_SEQ	Workum(Fr)_REF	Workum(Fr)_SEQ	Zevenaar(Gl)_REF	Zevenaar(Gl)_SEQ	Zutendaal(BeLb)_REF	Zutendaal(BeLb)_SEQ	Zuydcoote(FrVl)_REF	Zuydcoote(FrVl)_SEQ
aarde	- - - - aː˞ - - d ə	aː˞ d ə			- - - - ɒ ɹ - d ɪ	ɒ ɹ d ɪ	- - - - ɒ ʁ - d ə	ɒ ʁ d ə	d ə _ j iə - - t -	d ə _ j iə t	- - - - æ r - d ə	æ r d ə	- - - - aː ɹ - d ə	aː ɹ d ə			- - - - æː r - d ə	æː r d ə	- - - - aː˞ - - d ə	aː˞ d ə	- - - - ɑ - - d ə	ɑ d ə	- - - - a ɹ - d ə	a ɹ d ə	- - - - a ɾ - d ə	a ɾ d ə	- - - - aːə r - d ə	aːə r d ə	- - - - ɛ ɾ ə d ɪ	ɛ ɾ ə d ɪ	- - - - iɪ - - d ə	iɪ d ə	- - - j ɛː r - - -	j ɛː r	- - - - ɑ ʁ - d ə	ɑ ʁ d ə					- - - - æː r - d ə	æː r d ə	- - - - aː r - d ə	aː r d ə	- - - - ɛː r - d ə	ɛː r d ə	- - - - ɛː r - d ə	ɛː r d ə	- - - - ouɚ - - d ə	ouɚ d ə			d - _ - ɛː r - - -	d _ ɛː r	- - - - aː r - d ə	aː r d ə			- - - - ɛə ʀ - d ə	ɛə ʀ d ə	- - - - ɔː˞ - - d ə	ɔː˞ d ə	- - - - eə r - d ə	eə r d ə			- - - - ɪə - - d ə	ɪə d ə	- - - - æ ʀ - d ə	æ ʀ d ə	- - - - eə r - d ə	eə r d ə	- - - - æː r - d ə	æː r d ə	- - - - iə - - d ə	iə d ə			- - - - aːə ɾ - d ə	aːə ɾ d ə	- - - - ɛː r - d ə	ɛː r d ə	- - - - a ɾ - d ə	a ɾ d ə	- - - - ɪ˞ - - d ə	ɪ˞ d ə	- - - - eːə ɹ - d ə	eːə ɹ d ə	- - - - ɛːə r - t -	ɛːə r t	- - - - ɪːə - - d ə	ɪːə d ə	- - - - o˞ - - d ə	o˞ d ə	- - - - iə - - d ə	iə d ə	- - - - ɪː ɹ - d ə	ɪː ɹ d ə	- - - - aː - - d ə	aː d ə	- - - - aː r - d ə	aː r d ə	- - - - ɔː ɹ - d ə	ɔː ɹ d ə	- - - - aː r - d ə	aː r d ə	- - - - ɛː - - t -	ɛː t	- - - - eə r - d ə	eə r d ə	- - - - aː r - d ə	aː r d ə	- - - - iː r - d ə	iː r d ə	- - - - iə - - d ə	iə d ə	- - - - iə - - d ə	iə d ə	- - - - aː˞ - - d ə	aː˞ d ə	- - - - ɛː ʀ - t -	ɛː ʀ t	- - - - æ r - d ə	æ r d ə
adem	- - - - a s - ə m -	a s ə m	- - - - ɔə - d ə m -	ɔə d ə m	- - - - ɑ s - ə m -	ɑ s ə m	- - - - ɒ - j ə m -	ɒ j ə m	- - - - ɔ - j ə m -	ɔ j ə m	- - - - a - j - m -	a j m	- - - - aː s - ə m -	aː s ə m	- - n _ a - j - m -	n _ a j m	- - - - æː s - ə m -	æː s ə m	- - - - aː - d ə m -	aː d ə m	- - - - ɒ - j ə m -	ɒ j ə m	- - - - a - d ə m -	a d ə m	- - - - a - d ə m -	a d ə m	- - - - aːə - d ə m -	aːə d ə m	- - - - ɛ s - ə m -	ɛ s ə m	- - - - ɑː - d ə m -	ɑː d ə m	- - - - a s - u m -	a s u m	- - - - ɑ - j ə m -	ɑ j ə m	- - - - o - d ə m -	o d ə m	- - - - - - - ɔə m -	ɔə m	- - - - ɔː s - ə m -	ɔː s ə m	- - - - a s - ə m -	a s ə m	- - - - ɔːə s - - m̩ -	ɔːə s m̩	- - - - ɔː s - ə m -	ɔː s ə m	- - - - ouə - d ə m -	ouə d ə m	- - - - aː z - ə m -	aː z ə m	n ə n _ ɑː s - ə m -	n ə n _ ɑː s ə m	- - - - aɪ - d ə m -	aɪ d ə m	- - - - ɔ ʃ - ə m ə	ɔ ʃ ə m ə	- - - - ɔ s - ə m -	ɔ s ə m	- - - - ɔː - d ə m -	ɔː d ə m	- - - - oə s - ə m -	oə s ə m	- - - - a - j - m -	a j m	- - - - ɑː s - ə m -	ɑː s ə m	- - - - ɒ - d ə m -	ɒ d ə m	- - - - oə s - ə m -	oə s ə m	- - - - ɔː s - ə m -	ɔː s ə m	- - - - aː z - ə m -	aː z ə m	- - - - aɪ z d ə m -	aɪ z d ə m	- - - - aːə - d ə m -	aːə d ə m	- - - - ɔː s - ə m ə	ɔː s ə m ə	- - - - ɔ - j ə m -	ɔ j ə m	- - - - a s - ə m -	a s ə m	- - - - eːə - d ə m -	eːə d ə m	- - - - - - - ɔ m -	ɔ m	- - - - ɔː - d ə m -	ɔː d ə m	- - - - oə - d ə m -	oə d ə m	- - - - ɑː - d ə m -	ɑː d ə m	- - - - ɒː z - ə m -	ɒː z ə m	- - - - aː - d ə m -	aː d ə m	- - - - aː - d ə m -	aː d ə m	- - - - ɔː - d ə m -	ɔː d ə m	- - - - ɒ - d ə m -	ɒ d ə m	- - - - ɔː s - ə m -	ɔː s ə m	- - - - oə s - ə m -	oə s ə m	- - - - aː - d ə m -	aː d ə m	- - - - aə s - ə m -	aə s ə m	- - - - aː z - ə m -	aː z ə m	- - - - aː - d ə m -	aː d ə m	- - - - ɒː - j ə m -	ɒː j ə m	- - - - oː - j ə m -	oː j ə m	- - - - ɔə s - - m̩ -	ɔə s m̩
blaadje	- - - b l a t j ə -	b l a t j ə	- - - b l ɔː c ç ɨ -	b l ɔː c ç ɨ	- - - b l ɑː j k ə -	b l ɑː j k ə	ə n _ b l ɔi - x i -	ə n _ b l ɔi x i	- - - b l ɛː t ʃ ə -	b l ɛː t ʃ ə	- - - b l ɑ t - ə -	b l ɑ t ə			- - - b l ɑ t - ə -	b l ɑ t ə	ə m _ b l æː - ç ɪ -	ə m _ b l æː ç ɪ	- - - b l a c - ɵ -	b l a c ɵ	- n̩ _ b l ɔ t j ə -	n̩ _ b l ɔ t j ə	ə n _ b l a t - ə -	ə n _ b l a t ə	ə m _ bˁ ɫ a t ɕ ɪ -	ə m _ bˁ ɫ a t ɕ ɪ	- - - b ɫ aːə t - ə -	b ɫ aːə t ə	ə m _ b l ɛ - ç ɪ -	ə m _ b l ɛ ç ɪ	- - - b l ɛ t ʃ ə -	b l ɛ t ʃ ə	- - - b l ɔː r k ə -	b l ɔː r k ə	- - - b l ɒ t j ə -	b l ɒ t j ə	- m _ b l o - j ɪ -	m _ b l o j ɪ	- - - b l ɛ t ʃ ə -	b l ɛ t ʃ ə	- - - b l ɑ t - ə -	b l ɑ t ə	- - - b l a t j ɛ -	b l a t j ɛ	- - - b l ɑ t - ə -	b l ɑ t ə	- - - b l ɑ t - ə -	b l ɑ t ə	- - - b l a d j ə -	b l a d j ə	- - - b l ɛː t ʃ ə -	b l ɛː t ʃ ə	- - - b l ɔi - k ə -	b l ɔi k ə	- - - b l ɒ t ʃ ə -	b l ɒ t ʃ ə	- - - b l ɑ t - ə -	b l ɑ t ə	- - - b l ɑ t - ə -	b l ɑ t ə	- m̩ _ b l ɔ ɟ j ɨ -	m̩ _ b l ɔ ɟ j ɨ	- - - b l oə r k ə -	b l oə r k ə	- - - b l ɑ t - ə -	b l ɑ t ə	- - - b l ɑ tʰ - i n	b l ɑ tʰ i n	- - - b l ɒ d j ə -	b l ɒ d j ə	- - - b l oːə r k ə -	b l oːə r k ə	- - - b l ɑ t - ə -	b l ɑ t ə	- - - b l ɛː t ʃ i -	b l ɛː t ʃ i	- - - b l ɛ t ʃ ə -	b l ɛ t ʃ ə	- - - b ɫ aːə t - ə -	b ɫ aːə t ə	- - - b l ɑ t - ə -	b l ɑ t ə	ə n _ b l ɒɪ t j ə -	ə n _ b l ɒɪ t j ə	ə m _ b l aː t j ə -	ə m _ b l aː t j ə	- - - b ɫ eːi t - ə -	b ɫ eːi t ə	- - - b l ɛ tʰ j ə -	b l ɛ tʰ j ə	- m̩ _ b l ɛː tʲ - ɨ n	m̩ _ b l ɛː tʲ ɨ n	- m̩ _ b l ɑ ɟ j ə -	m̩ _ b l ɑ ɟ j ə	ə m _ b l ɛ t ʃ ə -	ə m _ b l ɛ t ʃ ə	- - - b l a t - i -	b l a t i	- - - b l ʌ t j ə -	b l ʌ t j ə			ə m _ b l ai t ç ə -	ə m _ b l ai t ç ə			- - - b l ɛ t ʃ ə -	b l ɛ t ʃ ə	- - - b l oə t s ə -	b l oə t s ə	- - - b ɫ ɑ t - ə -	b ɫ ɑ t ə	- - - b l ɛː t s ə -	b l ɛː t s ə	- - - b l ɛ t ʃ ə -	b l ɛ t ʃ ə	- - - b l ɛ t ʃ ə -	b l ɛ t ʃ ə	- - - b l ɛː c ç ə -	b l ɛː c ç ə	- - - b l ɛː t ʃ ə -	b l ɛː t ʃ ə	- - - b l ɑ t - ə -	b l ɑ t ə
bloempje	- - - b ɫ u m p i - - -	b ɫ u m p i	- m̩ _ b l ɔ m - - k ɨ -	m̩ _ b l ɔ m k ɨ			- - - b l ɔ m - ə x i -	b l ɔ m ə x i	- - - b l ø m - - k ə -	b l ø m k ə	- - - b l u m - ə t ə -	b l u m ə t ə	- - - b l u m p i - - -	b l u m p i	- - - b l u m - - t ə -	b l u m t ə	- - - b ɫ ɔ m - ə ç ə -	b ɫ ɔ m ə ç ə	- - - b l u m - - c ɵ -	b l u m c ɵ	- - - b l ɔ m - - k ə -	b l ɔ m k ə	ə n _ b l ɔ m p i - - -	ə n _ b l ɔ m p i	ə m _ b ɫ ɔ m p - - i -	ə m _ b ɫ ɔ m p i	- - - b ɫ ɔ m - ə x i -	b ɫ ɔ m ə x i	- - - b l ɔ m - ə ç ə -	b l ɔ m ə ç ə	ə - _ b l ʊ m - - k ɵ -	ə _ b l ʊ m k ɵ	- - - b l ø m - ə k ə -	b l ø m ə k ə	- - - b l u m p - j ə -	b l u m p j ə	- m _ b l ɔ m - - k ə -	m _ b l ɔ m k ə	ə - _ b l œ m - - ʃ ə n	ə _ b l œ m ʃ ə n	- - - b l ɔ m - ə t ə -	b l ɔ m ə t ə	- - - b l ɔ m p i ç - -	b l ɔ m p i ç	- - - b l ɔ m - - t ə -	b l ɔ m t ə	- - - b l u m - - k ə -	b l u m k ə	- - - b l ɑu m - - k ə -	b l ɑu m k ə	- - - b l o m - - k ə -	b l o m k ə	- - - b l u m - ə k ə -	b l u m ə k ə	- - - b l o m - - k ə -	b l o m k ə	- - - b l u m - - k ə -	b l u m k ə	- - - b l o m - - k ə -	b l o m k ə	- - - b l ɑu - p i - - -	b l ɑu p i	- - - b l o m - ə k ə -	b l o m ə k ə	- - - b l u m - - t ə -	b l u m t ə	- - - b l u m p i - - n	b l u m p i n	- - - b l y m - - k ə -	b l y m k ə	- - - b l o m - ə k ə -	b l o m ə k ə	- - - b l ɔ m - ə t ə -	b l ɔ m ə t ə	- - - b l ɔ m - - k ə -	b l ɔ m k ə	- - - b l o m - - k ə -	b l o m k ə	- - - b ɫ u m p - ç ə -	b ɫ u m p ç ə	- - - b l o m - - t ə -	b l o m t ə	- n̩ _ b l y m - - k ə -	n̩ _ b l y m k ə	- - - b l u m p i - - -	b l u m p i	- - - b l u m - ə t ə -	b l u m ə t ə	- - - b l ɵ m - - k ə -	b l ɵ m k ə	- - - b l y m - - k ə n	b l y m k ə n	- m̩ _ b l ɔ m - - k ə -	m̩ _ b l ɔ m k ə	ə m _ b ɫ ɔ m - - k ə -	ə m _ b ɫ ɔ m k ə	- - - b l u m p i - - -	b l u m p i	- - - b l ʌu m p i - - -	b l ʌu m p i	ə m _ b l u m p - j ə -	ə m _ b l u m p j ə	- - - b l au m p i - - -	b l au m p i	ə m _ b l y m - - k ə n	ə m _ b l y m k ə n	- - - b l o m - - k ə -	b l o m k ə	- - - b l o m - ə k ə -	b l o m ə k ə	- - - b l ʉ m - ə ç ə -	b l ʉ m ə ç ə	- - - b l o m - - k ə -	b l o m k ə	- - - b l o m - - k ə -	b l o m k ə	- - - b l o m - - k ə -	b l o m k ə	- - - b l y m - - k ə -	b l y m k ə	- - - b l e m - - k ə -	b l e m k ə	- - - b l ɔ m - - t ə -	b l ɔ m t ə
buiten	b - œy t ə n	b œy t ə n	b - ʉ t - n̩	b ʉ t n̩	b - œy t ə -	b œy t ə	b - ɔi t ə -	b ɔi t ə	b - ou t ə s	b ou t ə s	b - y t ə -	b y t ə	b - œ t ə n	b œ t ə n	b - y t ə -	b y t ə	b - y t ə -	b y t ə	b - y t - n̩	b y t n̩	b - ɒi t ə -	b ɒi t ə	b - œy t ə n	b œy t ə n	b - y t ə -	b y t ə	b - aːy t ə -	b aːy t ə	b - y t ə -	b y t ə	b - u t - n̩	b u t n̩	b - oːi t ə -	b oːi t ə	b - œy t ə -	b œy t ə	b - u t - n̩	b u t n̩	b - uː s ə -	b uː s ə	b - y t - n̩	b y t n̩	b - œy t ə n	b œy t ə n	b - y t - n̩	b y t n̩	b - y t ə n	b y t ə n	b - u t - n	b u t n	b - y t ə n	b y t ə n	b - oːi t ə -	b oːi t ə	b - y t ə n	b y t ə n	b - y t - n̩	b y t n̩	b - y tˁ - n̩	b y tˁ n̩	b - u ʔ - n̩	b u ʔ n̩	b - œ d - n̩	b œ d n̩	b - y t ə -	b y t ə	b - y t - n̩	b y t n̩	b - y t ə -	b y t ə	b - œː d - n̩	b œː d n̩	b - y t - n̩	b y t n̩	b - y t ə n	b y t ə n	b - u t - n̩	b u t n̩	b - aːy t ə n	b aːy t ə n	b - y t - n̩	b y t n̩	b - y t ə -	b y t ə	b - œy t ə n	b œy t ə n	b - ʌːə t ə -	b ʌːə t ə	b - uː t ə -	b uː t ə	b - y t - n̩	b y t n̩	b - u t - n̩	b u t n̩	b - y t - n̩	b y t n̩	b - y t - n̩	b y t n̩	b - u t - n̩	b u t n̩	b - yː t ə n	b yː t ə n	b - u t - n̩	b u t n̩	b - y t - n̩	b y t n̩	b - œː t ə -	b œː t ə	b - œi t - n̩	b œi t n̩	b - ʌy t ə -	b ʌy t ə	b - y t ə n	b y t ə n	b w u t - n̩	b w u t n̩	b - y t - n̩	b y t n̩	b - y t ə -	b y t ə	b - y t ə -	b y t ə	b - y t - n̩	b y t n̩
goed	ɣ u t	ɣ u t	χ ɑu t	χ ɑu t	x u t	x u t	ɣ u tʰ	ɣ u tʰ	ɣ uɔ t	ɣ uɔ t	h uːə t	h uːə t	x u t	x u t	h uːə t	h uːə t	ɣ u tʰ	ɣ u tʰ	g uːə d	g uːə d	x u t	x u t	x u t	x u t	χ u t	χ u t	x u t	x u t	ħ u t	ħ u t	g uə t	g uə t	ɣ u t	ɣ u t	x u t	x u t	x ɑu t	x ɑu t	j u t	j u t	h uːə t	h uːə t	x u tʰ	x u tʰ	h uːə t	h uːə t	h uː -	h uː	ɣ au tʰ	ɣ au tʰ	ɣ uːə t	ɣ uːə t	ɣ uː t	ɣ uː t	ɣ u d	ɣ u d	h uːə t	h uːə t	h u t	h u t	χ ɑu t	χ ɑu t	h u -	h u	h uːə t	h uːə t	x u tʰ	x u tʰ	x u d	x u d	h u -	h u	h uːə t	h uːə t	x uːə t	x uːə t	g uə t	g uə t	x u t	x u t	h uːə t	h uːə t	x ʉ tʰ	x ʉ tʰ	x u t	x u t	x ʉ t	x ʉ t	x oː t	x oː t	x uː t	x uː t	χ ɑu t	χ ɑu t	g uə t	g uə t	x u tʰ	x u tʰ	x ʌu tʰ	x ʌu tʰ	x uː t	x uː t	x au t	x au t	x u t	x u t	ɣ ou t	ɣ ou t	h u t	h u t	x u t	x u t	x uə t	x uə t	g uə t	g uə t	g uə -	g uə	ɣ uː t	ɣ uː t	ɣ oː t	ɣ oː t	h uːə t	h uːə t
gras	ɣ ɾ ɑ s	ɣ ɾ ɑ s	χ r ɑ s	χ r ɑ s	x r ɑ s	x r ɑ s	ɣ ʁ æ s	ɣ ʁ æ s	ɣ ʀ ɔː s	ɣ ʀ ɔː s	h - ɑ s	h ɑ s	x ɾ ɑ s	x ɾ ɑ s	h - ɑ s	h ɑ s	ɣ - ɔ s	ɣ ɔ s	g - ɛ s	g ɛ s	ɣ ɾ a s	ɣ ɾ a s	x r ɑ s	x r ɑ s	χ r ɑ s	χ r ɑ s	x r ɑ ʃ	x r ɑ ʃ	ɣ - ɔ s	ɣ ɔ s	g - ɛː s	g ɛː s	- - æ s	æ s	x ʀ ɪ s	x ʀ ɪ s	x r ɑ s	x r ɑ s	j ʁ aː s	j ʁ aː s	h - ɑ s	h ɑ s	x r ɑ s	x r ɑ s	h - ɑ s	h ɑ s	h - æ s	h æ s	ɣ r æ s	ɣ r æ s	ʝ - ɛ s	ʝ ɛ s	ɣ - æ s	ɣ æ s	ɣ - ɛ s	ɣ ɛ s	h - æ s	h æ s	h - æ s	h æ s	χ ɾ ɛ s	χ ɾ ɛ s	h - æ s	h æ s	h - ɑ s	h ɑ s	x r œ s	x r œ s	x r ɑ s	x r ɑ s	h - æ s	h æ s	h - ɑ s	h ɑ s	x - ɛ s	x ɛ s	g - ɛː s	g ɛː s	x r ɑ s	x r ɑ s	h - æ s	h æ s	x ʁ ɑ s	x ʁ ɑ s	x r ɑ s	x r ɑ s	x ʀ ɑ s	x ʀ ɑ s	ɣ r a s	ɣ r a s	x r ɛ s	x r ɛ s	x r ɑ s	x r ɑ s	g - ɛ s	g ɛ s	x r ɵ s	x r ɵ s	x r ʌ s	x r ʌ s	x r ɛ s	x r ɛ s	x r a s	x r a s	ɣ r ɛ s	ɣ r ɛ s	ɣ r ɔː s	ɣ r ɔː s	h - æ s	h æ s	x r ɑ s	x r ɑ s	x - ɛ s	x ɛ s	ɣ j ɛ s	ɣ j ɛ s	ɣ - ɛːə s	ɣ ɛːə s	x r ɑ s	x r ɑ s	ɣ ʀ ɔː s	ɣ ʀ ɔː s	h - ɑ s	h ɑ s
graven	ɣ ɾ a ʋ ə - -	ɣ ɾ a ʋ ə	χ r ɔː b - m̩ -	χ r ɔː b m̩	ɣ r ɒ v ə - -	ɣ r ɒ v ə	x ʁ ɒ v ə - -	x ʁ ɒ v ə	ɣ ʀ ɔː v ə - ʀ	ɣ ʀ ɔː v ə ʀ	h r a v ə - s	h r a v ə s	x ɾ aː v ə - -	x ɾ aː v ə	h r a v - m̩ -	h r a v m̩	hˁ r æː v ə n -	hˁ r æː v ə n	g r aː v ə n -	g r aː v ə n	x ɾ ɑ f - - -	x ɾ ɑ f	x r a v ə - -	x r a v ə	χ r a v ə - -	χ r a v ə	x r aːə f ə n -	x r aːə f ə n	x r ɛ v ə n -	x r ɛ v ə n	g r ɛə v ɵ n -	g r ɛə v ɵ n	ɣ r a v ə - -	ɣ r a v ə	x ʀ ɑ v ə - -	x ʀ ɑ v ə	ɣ r o b - m̩ -	ɣ r o b m̩	x ʁ aː v ə - x	x ʁ aː v ə x	h r ɔː v - ɱ̩ -	h r ɔː v ɱ̩	x r aː v ə - -	x r aː v ə			h r ɔː v ə n -	h r ɔː v ə n	x r ɔːɔ b - m̩ -	x r ɔːɔ b m̩	ɣ r ɛː v ə n -	ɣ r ɛː v ə n	ɣ r ɔː v ə - -	ɣ r ɔː v ə	ɣ r aː v ə n -	ɣ r aː v ə n	h r ɔ v - m̩ -	h r ɔ v m̩	h ʀ ɑ v - n̩ -	h ʀ ɑ v n̩	χ r ɔ - - m̩ -	χ r ɔ m̩	h r ɑ v - m̩ -	h r ɑ v m̩			x r ɛː b - m̩ -	x r ɛː b m̩	x ʀ aː v ə - -	x ʀ aː v ə	ɣ r aː v - n̩ -	ɣ r aː v n̩	h r ɑ v - m̩ -	h r ɑ v m̩	x ɾ ɛː v ə n -	x ɾ ɛː v ə n	ɣ r ɛː v - n̩ -	ɣ r ɛː v n̩	x r aːə v ə n -	x r aːə v ə n	h r ɑː v - m̩ -	h r ɑː v m̩	ɣ ʁ a v ə n -	ɣ ʁ a v ə n	ɣ ɾ aː v ə - -	ɣ ɾ aː v ə	x ʀ eːi v ə - -	x ʀ eːi v ə	ɣ r aː v ə - r	ɣ r aː v ə r	x ɾ aː v ə - -	x ɾ aː v ə	x r oː b - m̩ -	x r oː b m̩	g ɾ ɛ ʋ ɵ - -	g ɾ ɛ ʋ ɵ	x r æː b - m̩ -	x r æː b m̩	x r oː - - m̩ -	x r oː m̩	x r a v ə n -	x r a v ə n	x r ɔː b - m -	x r ɔː b m	ɣ r a v ə - -	ɣ r a v ə	ɣ r ɔː v ə - -	ɣ r ɔː v ə	h r ɑ v - m̩ -	h r ɑ v m̩	x r aː v ə - -	x r aː v ə	x r ɛː v ə n -	x r ɛː v ə n	ɣ r ɛː v ə n -	ɣ r ɛː v ə n	g r ɛː v ə n -	g r ɛː v ə n	x r ɑː f - - -	x r ɑː f	ɣ ʀ ɔː v ə - ʀ	ɣ ʀ ɔː v ə ʀ	h r a v - n̩ -	h r a v n̩
grijs	ɣ ɾ ɒi s - -	ɣ ɾ ɒi s	χ r iː s - -	χ r iː s	x r ɛi s - -	x r ɛi s	x ʁ ɛi s - -	x ʁ ɛi s	ɣ ʀ eːə s - -	ɣ ʀ eːə s	h r i s - -	h r i s	x ɾ ɪ s - -	x ɾ ɪ s	h r i s - -	h r i s	hˁ r i s - -	hˁ r i s	g r iː s - -	g r iː s	x ɾ ai s - -	x ɾ ai s	x r aɪ s - -	x r aɪ s	χ r iː s - -	χ r iː s	x r ɛi s - -	x r ɛi s	ɣ r i s - -	ɣ r i s	g r i s - -	g r i s	ɣ r ɑːi s - -	ɣ r ɑːi s	x ʀ ɛi s - -	x ʀ ɛi s	x r i s - -	x r i s	j ʁ iː s - -	j ʁ iː s	h r i s t -	h r i s t	x ɾ ai s - -	x ɾ ai s	h r i z d ə	h r i z d ə	h r i z d ə	h r i z d ə	x r iː s - -	x r iː s	ɣ r iː s - -	ɣ r iː s	ɣ r ɑːi s - -	ɣ r ɑːi s	ɣ r iː s - -	ɣ r iː s	h r i s t -	h r i s t	h ʀ i s t -	h ʀ i s t	x r i s - -	x r i s	ɣ r ɛː s - -	ɣ r ɛː s	h r i s t -	h r i s t	x ɾ ɪ s - -	x ɾ ɪ s	x ʀ i s - -	x ʀ i s	ɣ r ɛ s - -	ɣ r ɛ s	h r i s - -	h r i s	x ɾ iː s - -	x ɾ iː s	g r iː s - -	g r iː s	x r ɛi s - -	x r ɛi s	h r i s t -	h r i s t	x ʁ ɛi s - -	x ʁ ɛi s	x ɾ ɑi s - -	x ɾ ɑi s	x ʀ ɛːə s - -	x ʀ ɛːə s	x ɾ iː s - -	x ɾ iː s	x ɾ i s - -	x ɾ i s	χ r iː s - -	χ r iː s	ɣ ɾ iː s - -	ɣ ɾ iː s	x r i s - -	x r i s	x r iː s - -	x r iː s	x r i s - -	x r i s	x r i s - -	x r i s	x r i s - -	x r i s	ɣ r ɛːi s - -	ɣ r ɛːi s	h r ɛi s - -	h r ɛi s	x r ɛi s - -	x r ɛi s	x r i s - -	x r i s	g r i s - -	g r i s	g r iː s - -	g r iː s	ɣ r i s - -	ɣ r i s	ɣ r ii s - -	ɣ r ii s	h r i s t -	h r i s t
groot	ɣ - ɾ oː t	ɣ ɾ oː t	χ - r oː t	χ r oː t	x - r oːə t	x r oːə t	x - ʁ oˀ t	x ʁ oˀ t	ɣ - ʀ ɵːɔ t	ɣ ʀ ɵːɔ t	h - r oə t	h r oə t	x - ɾ œː t	x ɾ œː t	h - r oə t	h r oə t	ħ - r ɔə tʰ	ħ r ɔə tʰ	g - r oə t	g r oə t	x - ɾ oː t	x ɾ oː t	x - r ɔ t	x r ɔ t	x - r ʊə t	x r ʊə t	x - r ɔə t	x r ɔə t	ɣ - r ɔə t	ɣ r ɔə t	ɣ - r ɵə t	ɣ r ɵə t	ɣ - r uoː t	ɣ r uoː t	x - ʀ oə t	x ʀ oə t	x - r ou t	x r ou t	j ə ʀ uə s	j ə ʀ uə s	h - r oə t	h r oə t	x - r oː tʰ	x r oː tʰ	h - r uːɔ t	h r uːɔ t	h - r uə -	h r uə	x - r ou tʰ	x r ou tʰ	ɣ - r ɪə t	ɣ r ɪə t	ɣ - r uːɔ t	ɣ r uːɔ t	ɣ - r oə t	ɣ r oə t	h - r uə t	h r uə t	h - ʀ uə t	h ʀ uə t	χ - r oː t	χ r oː t	ɣ - r yə t	ɣ r yə t	h - r oə t	h r oə t	x - r oː tʰ	x r oː tʰ	x - ʀ oː t	x ʀ oː t	ɣ - r yə t	ɣ r yə t	h - r oː t	h r oː t	x - ɾ ɪə t	x ɾ ɪə t	g - r ɵ t	g r ɵ t	x - r ou t	x r ou t	h - r oə t	h r oə t	x - ʁ o t	x ʁ o t	x - ɾ oː t	x ɾ oː t	x - ʀ ɔːə t	x ʀ ɔːə t	x - r uɑ t	x r uɑ t	x - ɾ oː t	x ɾ oː t	χ - r ou t	χ r ou t	g - ɾ ɵ t	g ɾ ɵ t	x - r oː tʰ	x r oː tʰ	x - r o tʰ	x r o tʰ	x - r oə t	x r oə t	x - r ou t	x r ou t	x - r o t	x r o t	ɣ - r uɔ t	ɣ r uɔ t	h - r uə t	h r uə t	x - r ou t	x r ou t	x - r ɪə t	x r ɪə t	g - r ɵ t	g r ɵ t	g - r ɵ t	g r ɵ t	ɣ - r oː t	ɣ r oː t	ɣ - r u t	ɣ r u t	h - r uɔ t	h r uɔ t
handje	h ɑ n d - j ɪ s	h ɑ n d j ɪ s	h ɑ ŋ ɟ - j ɨ -	h ɑ ŋ ɟ j ɨ	h a ɲ t - ç ə -	h a ɲ t ç ə	h ɑ n t - j i -	h ɑ n t j i	h æ n t - ʃ ə -	h æ n t ʃ ə	- ɑ n t - - ə -	ɑ n t ə	h ɑ n t - j ə -	h ɑ n t j ə	- ɑ n - ə t ə -	ɑ n ə t ə	- ɑ n t - j ə -	ɑ n t j ə	h a n c - - ə -	h a n c ə	h a n t - j ə -	h a n t j ə	h ɑ ɲ t - - ə -	h ɑ ɲ t ə	h ɑ ɲ t - ɕ ɪ -	h ɑ ɲ t ɕ ɪ	h æ n t - - i -	h æ n t i	- ɑ n t - j ɪ -	ɑ n t j ɪ	h ɔ n t - ʃ ə -	h ɔ n t ʃ ə	h ɑ n - ə k ə -	h ɑ n ə k ə	h æi ɲ t - j ə -	h æi ɲ t j ə	h ɑ ɲ - - j ɪ -	h ɑ ɲ j ɪ	h ɛ ŋ - - k ə -	h ɛ ŋ k ə	- ɑ n t - - ə -	ɑ n t ə	h ɑ n t - ɕ ə -	h ɑ n t ɕ ə	- ɑː n t - - ə -	ɑː n t ə	- ɑ n t - - ə -	ɑ n t ə	h ɑ n t - j ə -	h ɑ n t j ə	h ɒ n t - ʃ ə -	h ɒ n t ʃ ə	- ɑ n t - j ə -	ɑ n t j ə	h ɑə n t - ʃ ə -	h ɑə n t ʃ ə	- ɛ n t - - ə -	ɛ n t ə	- ɑ n t - - ə -	ɑ n t ə	h ɑː c - - ç ə -	h ɑː c ç ə	- a n t - ʃ ə -	a n t ʃ ə	- ɑ n d ə t ə -	ɑ n d ə t ə	h a n t - - i n	h a n t i n	h æ ɲ t - ç ə -	h æ ɲ t ç ə	- ɑ n t - ʃ ə -	ɑ n t ʃ ə	- ɑ n t - - ə -	ɑ n t ə	h ɒː n t - ʃ ə -	h ɒː n t ʃ ə	h ɔ n t - ʃ ə -	h ɔ n t ʃ ə	h a n t - ç ə -	h a n t ç ə	- ɑ n t - - ə -	ɑ n t ə	h ɑ n t - j ə -	h ɑ n t j ə	h ɑ n t - j ə -	h ɑ n t j ə	ʔ ɑ n t - - ə -	ʔ ɑ n t ə	h æ ɲ tʰ - j ə -	h æ ɲ tʰ j ə	h ɛ n t - j ɨ n	h ɛ n t j ɨ n	h ɑ ɲ ɟ - j ə -	h ɑ ɲ ɟ j ə	h ɒ n t - ʃ ə -	h ɒ n t ʃ ə	h aː n t - - i -	h aː n t i	- ʌː ɲ t - j ə -	ʌː ɲ t j ə	h ɛ ɲ t - ɕ ə -	h ɛ ɲ t ɕ ə	h a ɲ t - ç ə -	h a ɲ t ç ə	h ɛ ɲ t - ɕ ə n	h ɛ ɲ t ɕ ə n	h æ n t - ʃ ə -	h æ n t ʃ ə	- ɑ n t - s ə -	ɑ n t s ə	h ɑ n t - ç ɪ -	h ɑ n t ç ɪ	h a n t - s ə -	h a n t s ə	h o n t - ʃ ə -	h o n t ʃ ə	h ɑ n t - ʃ ə -	h ɑ n t ʃ ə	h ɛ ɲ c - ç ə -	h ɛ ɲ c ç ə	h æ n t - ʃ ə -	h æ n t ʃ ə	- ɑ n t - - ə -	ɑ n t ə
kaas	k ɛi s -	k ɛi s	k eːi s -	k eːi s	k ɛː s -	k ɛː s	k ei s -	k ei s	k eːi s -	k eːi s	k ɔː s -	k ɔː s	k ɒː s -	k ɒː s	k ɔə s -	k ɔə s	k æ s -	k æ s	k ei s -	k ei s	k ɛː s -	k ɛː s	k eɪ s -	k eɪ s	k ɪe s -	k ɪe s	k aːə s -	k aːə s	k ɛ s -	k ɛ s	ʦ iː s -	ʦ iː s	k ɛː s -	k ɛː s	k ɑɑ s -	k ɑɑ s	k e s -	k e s	k iə s -	k iə s	k ɔː s -	k ɔː s	k ɛi s -	k ɛi s	k ɔː s -	k ɔː s	k ɔː s -	k ɔː s	k ei s -	k ei s	ʧ iː s -	ʧ iː s	k ɛː s -	k ɛː s	k ɪːə s -	k ɪːə s	k ɔə s -	k ɔə s	k ɔ s -	k ɔ s	k ei z ə	k ei z ə	k oə s -	k oə s	k ɔə s -	k ɔə s	k e z ə	k e z ə	k eː s -	k eː s	k oə s -	k oə s	k ɔː s -	k ɔː s	ʧ iːə s -	ʧ iːə s	ʧ iː s -	ʧ iː s	k aːə s -	k aːə s	k ɔə s -	k ɔə s	k a s -	k a s	k ei s -	k ei s	k eːə s -	k eːə s	k ɪə s -	k ɪə s	k ɛː z ə	k ɛː z ə	k ei s -	k ei s	ʦ iː s -	ʦ iː s	k eː s ə	k eː s ə	k eː z ə	k eː z ə	k ɛː s -	k ɛː s	k eːi z ə	k eːi z ə	k e z ə	k e z ə	k eːə s -	k eːə s	k oə s -	k oə s	k aː s -	k aː s	ʦ iːə s -	ʦ iːə s	ʦ iː s -	ʦ iː s	ʦ iː s -	ʦ iː s	k ɛː s -	k ɛː s	k iːe s -	k iːe s	k ɔ s -	k ɔ s
kopen	k ou p - ə -	k ou p ə	k o ʔ - - m̩	k o ʔ m̩	k oː p - ə -	k oː p ə	k o p - ə -	k o p ə	k oː p - ə -	k oː p ə	k o p - ə -	k o p ə	k ou p - ə -	k ou p ə			k ɒː p - ə -	k ɒː p ə	kʰ oː p - ə -	kʰ oː p ə	k oː p - ə -	k oː p ə	k ou p - ə -	k ou p ə	k ɔːə p - ə -	k ɔːə p ə	k oːu p - ə -	k oːu p ə	k ɔː p - ə -	k ɔː p ə	k ɪə p j ə -	k ɪə p j ə	k uːɔ p - ə -	k uːɔ p ə	k o p - ə n	k o p ə n	k o p - - m̩	k o p m̩			k oːə p - - m̩	k oːə p m̩	k ou p - ə -	k ou p ə	k oː p - - m̩	k oː p m̩	k uə p - - m̩	k uə p m̩	kʰ ou p - - m	kʰ ou p m	k ɪə p j ə -	k ɪə p j ə	k oːu p - ə -	k oːu p ə	k oː p - ə -	k oː p ə	k uə p - - m̩	k uə p m̩	k uə pˁ - - m̩	k uə pˁ m̩	k ou - - - m̩	k ou m̩	k yə b - - m̩	k yə b m̩	k o p - ə -	k o p ə	k oː p - - m̩	k oː p m̩	k oː p - ə -	k oː p ə	k yə b - - m̩	k yə b m̩	k oː pˁ - - m̩	k oː pˁ m̩	k ɪːə p j ə -	k ɪːə p j ə	k eː p j ə -	k eː p j ə	k ou p - ə -	k ou p ə	k oː p - - m̩	k oː p m̩	k o p - ə -	k o p ə	k ou p - ə -	k ou p ə	k ɔːə p - ə -	k ɔːə p ə			k oː p - ə n	k oː p ə n	k o p - - m̩	k o p m̩	k ɪə p j ə -	k ɪə p j ə	k oː p - - m̩	k oː p m̩	k o p - - n̩	k o p n̩	k oː p - ə n	k oː p ə n	k oːu p - - m̩	k oːu p m̩	k o p - - m̩	k o p m̩	k uɔ p - ə -	k uɔ p ə	k uə p - - m̩	k uə p m̩	k ou p - ə -	k ou p ə	k ɪə p j ə -	k ɪə p j ə	kʰ ɪː p j ə -	kʰ ɪː p j ə	k e p j ə -	k e p j ə	k oː p - ə -	k oː p ə	k ɑi p - ə -	k ɑi p ə	k oː p - - m̩	k oː p m̩
kort	k ʊ r t	k ʊ r t	k ɔː˞ - t	k ɔː˞ t	k ɔ r t	k ɔ r t	k ɔ - t	k ɔ t	k ɔ - t	k ɔ t	k ɔ r t	k ɔ r t	k ɔ ɾ t	k ɔ ɾ t	k ɔ r t	k ɔ r t	k ɔ r tʰ	k ɔ r tʰ	k ɔ - t	k ɔ t	k ɔ - t	k ɔ t	k ɔ r t	k ɔ r t	k ɔ r t	k ɔ r t	k ɔ r t	k ɔ r t	k ɔ r t	k ɔ r t	k ua - t	k ua t	k œ - t	k œ t	k ɔ ʁ t	k ɔ ʁ t	k o ɾ t	k o ɾ t	k u - t	k u t	k ɔ r t	k ɔ r t	k ɔ r tʰ	k ɔ r tʰ	k ɔ r t	k ɔ r t	k ɔ r t	k ɔ r t	k ɔːə - tʰ	k ɔːə tʰ	k ɔ - t	k ɔ t	k œ - t	k œ t	k o - t	k o t	k ɔ r t	k ɔ r t	k ɔ ʀ t	k ɔ ʀ t	k œː˞ - t	k œː˞ t	k œə r t	k œə r t	k ɔ r t	k ɔ r t	k ɔ - tʰ	k ɔ tʰ	k œ ʁ t	k œ ʁ t	k œə r t	k œə r t	k ɔ r t	k ɔ r t	k ɔə - t	k ɔə t	k ua - t	k ua t	k ɔ - t	k ɔ t	k ɔ r t	k ɔ r t	k ɔ ʁ t	k ɔ ʁ t	k ʊ˞ - t	k ʊ˞ t	k ɔ ɹ t	k ɔ ɹ t	k ɔ r t	k ɔ r t	k ɔ - t	k ɔ t	k ɔː˞ - t	k ɔː˞ t	k œ - t	k œ t	k ɵ ɹ t	k ɵ ɹ t	k œː - tʰ	k œː tʰ	k œ ɹ t	k œ ɹ t	kʰ œː ɹ t	kʰ œː ɹ t	k ɔ˞ - t	k ɔ˞ t	k ɔ - t	k ɔ t	k o r t	k o r t	k ɔ r t	k ɔ r t	k ɔ˞ - t	k ɔ˞ t	k ua - t	k ua t	k ɔ - t	k ɔ t	k ɔ˞ - t	k ɔ˞ t	k ɔ ʀ t	k ɔ ʀ t	k ɔ r t	k ɔ r t
lang	l ɑ ŋ - -	l ɑ ŋ	l ɑː ŋ - -	l ɑː ŋ	l ɑ ŋ - -	l ɑ ŋ	l ɑ ŋ - -	l ɑ ŋ	l ɑ ŋ - k	l ɑ ŋ k	l ɑ ŋ - k	l ɑ ŋ k	l ɑ ŋ - -	l ɑ ŋ	l ɑ ŋ - k	l ɑ ŋ k	l ɑ ŋ ə -	l ɑ ŋ ə	l a ŋ - -	l a ŋ	l æ ŋ - -	l æ ŋ	ɫ ɑ ŋ - -	ɫ ɑ ŋ	l ɑ ŋ - -	l ɑ ŋ	ɫ æ ŋ - -	ɫ æ ŋ	l ɑ ŋ - k	l ɑ ŋ k	l a ŋ - -	l a ŋ	l ɑ ŋ - k	l ɑ ŋ k	l æ ŋ - -	l æ ŋ	l ɑ ŋ - k	l ɑ ŋ k	l ɑ ŋ - -	l ɑ ŋ	l ɑ ŋ - k	l ɑ ŋ k	l ɑ ŋ - -	l ɑ ŋ	l ɑ ŋ - k	l ɑ ŋ k	l ɑ ŋ - k	l ɑ ŋ k	l ɛː ŋ - -	l ɛː ŋ	l a ŋ - -	l a ŋ	l ɑ ŋ - k	l ɑ ŋ k	l a ŋ - -	l a ŋ	l ɑ ŋ ə -	l ɑ ŋ ə	l ɑ ŋ - k	l ɑ ŋ k	l ɑː - - k	l ɑː k	l ɑ ŋ ə -	l ɑ ŋ ə	l ɑ ŋ - k	l ɑ ŋ k	l a ŋ ə -	l a ŋ ə	l ɑ ŋ - -	l ɑ ŋ	l ɑ ŋ - k	l ɑ ŋ k	l ɑ ŋ - k	l ɑ ŋ k	l a ŋ - -	l a ŋ	l a ŋ - -	l a ŋ	ɫ a ŋ - -	ɫ a ŋ	l ɑ ŋ - -	l ɑ ŋ	l ɑ ŋ - -	l ɑ ŋ	ɫ ɑ ŋ - -	ɫ ɑ ŋ	l a ŋ - -	l a ŋ	l ɑ ŋ - k	l ɑ ŋ k	l ɑ ŋ - -	l ɑ ŋ	l ɑː ŋ - k	l ɑː ŋ k	l ɑ ŋ - -	l ɑ ŋ	l a ŋ - -	l a ŋ	l ʌ ŋ - -	l ʌ ŋ	l ɑ ŋ - -	l ɑ ŋ	l æː ŋ - k	l æː ŋ k	l ɑ ŋ ə -	l ɑ ŋ ə	l ɑ ŋ - -	l ɑ ŋ	l ɑ ŋ ə -	l ɑ ŋ ə	ɫ ɑ ŋ - -	ɫ ɑ ŋ	l a ŋ - -	l a ŋ	l a ŋ - -	l a ŋ	l a ŋ - -	l a ŋ	l ɑ ŋ - -	l ɑ ŋ	l ɑ ŋ - -	l ɑ ŋ	l ɑ ŋ - k	l ɑ ŋ k
melk	m ə ɫ ə k -	m ə ɫ ə k	m ɛː ɫ - k -	m ɛː ɫ k	m ʌ l ə k -	m ʌ l ə k	m ɛ l ə k -	m ɛ l ə k	m ɛ l ə k -	m ɛ l ə k	m æː j - k -	m æː j k	m a l ə k -	m a l ə k	m æː - - k -	m æː k	m aː ɫ ə kʰ -	m aː ɫ ə kʰ	m ɛ ɫ - k -	m ɛ ɫ k	m ɛ l ɨ k -	m ɛ l ɨ k	m ɛ ɫ ə k -	m ɛ ɫ ə k	m ɛ l ə k -	m ɛ l ə k	m ɛ ɫ ə k -	m ɛ ɫ ə k	m æ ɫ ə k -	m æ ɫ ə k	m ɔ ɫ - k ə	m ɔ ɫ k ə	m ɛ l e k -	m ɛ l e k	m ɛ l ə k -	m ɛ l ə k	m ɛ l - k -	m ɛ l k	m ɪ l ɨ x -	m ɪ l ɨ x	m æ l - k -	m æ l k	m ɛ ɫ ə k -	m ɛ ɫ ə k	m æː j - k -	m æː j k	m æ l - k -	m æ l k	m ɛɑ - - k -	m ɛɑ k	m o ɫ ə k -	m o ɫ ə k	m ɛ l e k -	m ɛ l e k	m ɛ l ə k -	m ɛ l ə k	m ɑ l - k -	m ɑ l k	m æ l - k -	m æ l k	m ɛ l - k -	m ɛ l k	m æ l - k -	m æ l k	m æː j - k -	m æː j k	m ɛ l ə k -	m ɛ l ə k	m ɛ l ə k -	m ɛ l ə k	m æ l - k -	m æ l k	m æː - - k -	m æː k	m ɔ l - k -	m ɔ l k	m ɔ l - k ə	m ɔ l k ə	m ɛ ɫ ə k -	m ɛ ɫ ə k	m aː - - k -	m aː k	m ɛ l ə kʰ -	m ɛ l ə kʰ	m ɛ ɫ ə k -	m ɛ ɫ ə k	m ɛ l ə k -	m ɛ l ə k	m ɛ l ə k -	m ɛ l ə k	m ɛ ɫ ə k -	m ɛ ɫ ə k	m ɛː ɫ - k -	m ɛː ɫ k	m ɒ l - k ə	m ɒ l k ə	m ɛ l ə k -	m ɛ l ə k	m ɛː l - kʰ -	m ɛː l kʰ	m ɛ l ə k -	m ɛ l ə k	m ɛːə l - k -	m ɛːə l k	m ɛ l ə k -	m ɛ l ə k	m ɛ l ə k -	m ɛ l ə k	m æ l - k -	m æ l k	m ɛ ɫ ə k -	m ɛ ɫ ə k	m ɔː l ə k -	m ɔː l ə k	m ɔ ɫ - k ə	m ɔ ɫ k ə	m ɔ l ə k ə	m ɔ l ə k ə	m ɛ ɫ ə k -	m ɛ ɫ ə k	m ɛ l e k -	m ɛ l e k	m æ - - k -	m æ k
n_aap	- - ə n _ - aː pʰ -	ə n _ aː pʰ	- - - n̩ _ ʔ ɔː p -	n̩ _ ʔ ɔː p	ə n ə - _ - ɒ p -	ə n ə _ ɒ p	- - ə n _ - ɒ p -	ə n _ ɒ p	- n ə n _ - ɔː p -	n ə n _ ɔː p	- - ɛ n _ - aː p -	ɛ n _ aː p	- - - n̩ _ ʔ aː p -	n̩ _ ʔ aː p	- - ə n _ - aː p -	ə n _ aː p	- - ə n _ - ɑ pʰ -	ə n _ ɑ pʰ	- - - - - - a pʰ -	a pʰ	- - - n̩ _ - ɑ p -	n̩ _ ɑ p	- - ə n _ - a p -	ə n _ a p	- - ə n _ - aː p -	ə n _ aː p	- - ei n _ ʔ aːə p -	ei n _ ʔ aːə p	- - ə n _ - ɔ pʰ -	ə n _ ɔ pʰ	- - ə n _ - ɑː p -	ə n _ ɑː p	- n ə n _ - a p -	n ə n _ a p	- - ə n _ - ɑɑ p -	ə n _ ɑɑ p	- - ɔi n _ ʔ o p -	ɔi n _ ʔ o p	- - ɛ ŋ _ - ɑ f -	ɛ ŋ _ ɑ f	- - ə n _ - ɔː p -	ə n _ ɔː p	- - - - - - a pʰ -	a pʰ	- n ə n _ - ɔː p -	n ə n _ ɔː p	- n ə n _ - ɔː p -	n ə n _ ɔː p	- - - n̩ _ - ɔːə p -	n̩ _ ɔːə p	- - - - - h aː p -	h aː p	- n ə n _ - ɔː p -	n ə n _ ɔː p	- - - - - - aː p -	aː p	- n ə n _ - ɔ p -	n ə n _ ɔ p	- n ə n _ - ɑ p -	n ə n _ ɑ p	- - - n̩ _ ʔ ɔː b ə	n̩ _ ʔ ɔː b ə	- n ə n _ - ɑ p -	n ə n _ ɑ p	- - ɛ n _ - aː p -	ɛ n _ aː p	- - ə n _ - ɛːə p -	ə n _ ɛːə p	- - - - - - ɒ p -	ɒ p	- n ə n _ - ɑ p -	n ə n _ ɑ p	- - ə n _ - ɔː p -	ə n _ ɔː p	- - ə n _ - aː p -	ə n _ aː p	- - - - - - aːʰ p -	aːʰ p	- - ei n _ ʔ aːə p -	ei n _ ʔ aːə p	- - ə n _ - ɔː p -	ə n _ ɔː p	- - ə n _ - a pʰ -	ə n _ a pʰ	- - - - - - aː pʰ -	aː pʰ	- - ə n _ ʔ ei p -	ə n _ ʔ ei p	ɪ n ə n _ - a p -	ɪ n ə n _ a p	- - ə n _ - aː p -	ə n _ aː p	- - - n̩ _ ʔ oː pʰ -	n̩ _ ʔ oː pʰ	- - ə n _ - ɑ p -	ə n _ ɑ p	- - - - - ʔ ɛː p -	ʔ ɛː p	- - ə n _ - oː pʰ -	ə n _ oː pʰ	- - ə n _ - aː p -	ə n _ aː p	- - ə n _ - ɔː b ə	ə n _ ɔː b ə	- - - - - - aː p -	aː p	- - - - - - ɑː p -	ɑː p	- n ə n _ - ɔ p -	n ə n _ ɔ p	- - ə n _ ʔ aː p -	ə n _ ʔ aː p	- - - - - h aː p -	h aː p	- - - - - - aː p -	aː p	- - - - - - aː pʰ -	aː pʰ	- - - n _ ʔ ɑː p -	n _ ʔ ɑː p	ə n ə n _ - ɔː p -	ə n ə n _ ɔː p	- - ɛ n _ - a p ə	ɛ n _ a p ə
n_appel	- - ə n _ ɑ p ɔ ɫ -	ə n _ ɑ p ɔ ɫ	- - - n̩ _ ɑ b ə ɫ -	n̩ _ ɑ b ə ɫ	ə n ə n _ ɑ p ə l -	ə n ə n _ ɑ p ə l	- - ə n _ æ p ə l -	ə n _ æ p ə l	- - - - - ɑ p ə l -	ɑ p ə l	- - ə n _ ɑ p ə l -	ə n _ ɑ p ə l	- - - n̩ _ ɑ p ə ɫ -	n̩ _ ɑ p ə ɫ	- - ə n _ ɑ p ə l -	ə n _ ɑ p ə l	- - ə n _ ɑ p ə l -	ə n _ ɑ p ə l	- - - - - ɑ p ə l -	ɑ p ə l	- - ə n _ æ p ə l -	ə n _ æ p ə l	- - ə n _ ɑ p o h -	ə n _ ɑ p o h	- - ə n _ ɑ p ɔ ɫ -	ə n _ ɑ p ɔ ɫ	- - ei n _ ɑ p ə ɫ -	ei n _ ɑ p ə ɫ	- - ə n _ ɑ p ɔ l -	ə n _ ɑ p ɔ l	- - ə n _ a p - ɫ̩ -	ə n _ a p ɫ̩	- n ə n _ ɑ p ə l -	n ə n _ ɑ p ə l	- - ə n _ æ p ə l -	ə n _ æ p ə l	- - ɔi n _ ɑ b - ɫ̩ -	ɔi n _ ɑ b ɫ̩	ɛ n ə - _ ɑ p ə l -	ɛ n ə _ ɑ p ə l	- - ə n _ ɑ p ə l -	ə n _ ɑ p ə l	- - ə n _ ɑ p ə l -	ə n _ ɑ p ə l	- n ə n _ ɑ p ə l ə	n ə n _ ɑ p ə l ə	- n ə n _ ɑ p ə l -	n ə n _ ɑ p ə l	- - - n̩ _ æ p ə ɫ -	n̩ _ æ p ə ɫ	- - - - - a p ə ɫ -	a p ə ɫ	- n ə n _ ɑ p ə l -	n ə n _ ɑ p ə l	- - - - - a p ə l -	a p ə l	- n ə n _ ɑ p - l ə	n ə n _ ɑ p l ə	- n ə n _ ɑ p ə l -	n ə n _ ɑ p ə l	- - - n̩ _ ɑ p ə l -	n̩ _ ɑ p ə l	- n ə n _ æ b ə l ə	n ə n _ æ b ə l ə	- - ə n _ ɑ p ə l -	ə n _ ɑ p ə l	- - ə n _ a p ə l -	ə n _ a p ə l	- - - n _ ɑ p ə l -	n _ ɑ p ə l	- n ə n _ ɑ b ə l ə	n ə n _ ɑ b ə l ə	- - ə n _ ɑ p ə l -	ə n _ ɑ p ə l	- - - - - a p ə l -	a p ə l	- - - - - a p ə l -	a p ə l	- - ei n _ ɑ p ə ɫ -	ei n _ ɑ p ə ɫ	- - ə n _ ɑ p ə l -	ə n _ ɑ p ə l	- - ə n _ ɑ p ɔ l -	ə n _ ɑ p ɔ l	- - - - - ɑ p ɔ ɫ -	ɑ p ɔ ɫ	- - ə n _ ɑ p ə ɫ -	ə n _ ɑ p ə ɫ	ɛ n ə n _ ɑ p ə l -	ɛ n ə n _ ɑ p ə l	- - ə n _ ɑ p ɔ ɫ -	ə n _ ɑ p ɔ ɫ	- - - n̩ _ ɑ p - l̩ -	n̩ _ ɑ p l̩	- - ə n _ ɑ p - ɫ̩ -	ə n _ ɑ p ɫ̩	- - ə n _ a p ə ɫ -	ə n _ a p ə ɫ	- - - - - ʌ p ə l -	ʌ p ə l	- - ə n _ ɑ p ɔ - -	ə n _ ɑ p ɔ	- - ə n _ a p ə l -	ə n _ a p ə l	- - ə n _ ɑ p ɔ l -	ə n _ ɑ p ɔ l	- - - - - ɑ p ə l -	ɑ p ə l	- n ə n _ ɑ p ə l ə	n ə n _ ɑ p ə l ə	- - ə n _ ɑ p ə ɫ -	ə n _ ɑ p ə ɫ	- - - - - a p ə ɫ -	a p ə ɫ	- - - - - aː p ə l -	aː p ə l	- - - - - a p ə l -	a p ə l	- - - n _ ɑ p ə ɫ -	n _ ɑ p ə ɫ	ə n ə n _ ɑ p ə l -	ə n ə n _ ɑ p ə l	- - ɛ n _ ɑ p - l ə	ɛ n _ ɑ p l ə
n_arm	- - - - - ɑ ɾ ə m -	ɑ ɾ ə m	- - - n̩ _ aː˞ - - m̩ -	n̩ _ aː˞ m̩	ə n ə n _ æ r ə m -	ə n ə n _ æ r ə m	- - - - - ɛ ʁ ə m -	ɛ ʁ ə m	- n ə n _ æ ʀ ə m -	n ə n _ æ ʀ ə m	- - ə n _ ɛ r - m ə	ə n _ ɛ r m ə	- - - n̩ _ ɑ ɾ ə m -	n̩ _ ɑ ɾ ə m	- - - - - ɛ r - m ə	ɛ r m ə	- - ə n _ aː r ə m -	ə n _ aː r ə m	- - - - - aː r ə m -	aː r ə m	- - ə n _ a ɾ ə m -	ə n _ a ɾ ə m	- - ə n _ ɑ r ə m -	ə n _ ɑ r ə m	- - ə n _ ɔ ɾ ə m -	ə n _ ɔ ɾ ə m	- - ə n _ ɑ r ə m -	ə n _ ɑ r ə m	- - ə n _ aː r ə m -	ə n _ aː r ə m	- - ə n _ ɪə r - m -	ə n _ ɪə r m	- n ə n _ æ r ə m -	n ə n _ æ r ə m	- - - - - æ ʁ ə m -	æ ʁ ə m	- - ɔi n _ a b - m̩ -	ɔi n _ a b m̩	ɛ n ə - _ æ ʁ ə m -	ɛ n ə _ æ ʁ ə m	- - ə n _ ɔːə r ə m -	ə n _ ɔːə r ə m	ə n ə - _ ɑ ɾ ə m -	ə n ə _ ɑ ɾ ə m	- n ə n _ ɔːə r - m -	n ə n _ ɔːə r m	- - ə n _ ɔː r ə m -	ə n _ ɔː r ə m	- - - n̩ _ æː b - m̩ -	n̩ _ æː b m̩	- - - - - ɪː r ə m -	ɪː r ə m	- n ə n _ ɛ r ə m -	n ə n _ ɛ r ə m	- - - - - a r ə m -	a r ə m	- n ə n _ ɔə r - m ə	n ə n _ ɔə r m ə	- n ə n _ ɔ ʀ ə m -	n ə n _ ɔ ʀ ə m	- - - n̩ _ aː˞ - - m -	n̩ _ aː˞ m	- n ə n _ oə r - m -	n ə n _ oə r m	- - ə n _ ɛ r - m ə	ə n _ ɛ r m ə	- - ə n _ aː r ə m -	ə n _ aː r ə m	- - - - - æ ʀ ə m -	æ ʀ ə m	- n ə n _ oə r - m -	n ə n _ oə r m	- - ə n _ ɔː r - m̩ -	ə n _ ɔː r m̩	- - ə n _ eː ɾ ə m -	ə n _ eː ɾ ə m	- - - - - ɪə r - m -	ɪə r m	- - - - - ɑ r ə m -	ɑ r ə m	- - ə n _ ɔːə r ə m -	ə n _ ɔːə r ə m	- - ə n _ ɛ ʁ ə m -	ə n _ ɛ ʁ ə m	- - - - - ɑ ɾ ə m -	ɑ ɾ ə m	- - ə n _ ɑ ʀ ə m -	ə n _ ɑ ʀ ə m	ɛ n ə n _ æ r ə mː -	ɛ n ə n _ æ r ə mː	- - ə n _ ɑ r ə m -	ə n _ ɑ r ə m	- - - n̩ _ aː˞ - - m̩ -	n̩ _ aː˞ m̩	- - ə n _ ɪə ɾ ə m -	ə n _ ɪə ɾ ə m	- - ə nː _ a r ə m -	ə nː _ a r ə m	- - - n̩ _ aː - - m -	n̩ _ aː m	- - ə n _ ɑ r ə m -	ə n _ ɑ r ə m	- - - n _ aː r - m -	n _ aː r m	- - ə n _ a r ə m -	ə n _ a r ə m	- - - - - ɑ r ə m -	ɑ r ə m	- n ə n _ oə r - m -	n ə n _ oə r m	- - - - - ɑ r ə m -	ɑ r ə m	- - - - - ɛː r ə m -	ɛː r ə m	- - - - - ɪːə r ə m -	ɪːə r ə m	- - - - - ɪː r ə m -	ɪː r ə m	- - - n _ ɑ r ə m -	n _ ɑ r ə m	ə n ə n _ æ ʀ ə m -	ə n ə n _ æ ʀ ə m	- - - - - ɑ r - m -	ɑ r m
n_baard	- - - m̩ _ b ɪː˞ - t	m̩ _ b ɪː˞ t	- - - m̩ _ b ɔː˞ - t	m̩ _ b ɔː˞ t	ə n ə m _ b ɒː ɾ t	ə n ə m _ b ɒː ɾ t	- - ə n _ b ɛ - t	ə n _ b ɛ t	- - - - - b ɔː - t	b ɔː t	- - ɛ - _ b aː r t	ɛ _ b aː r t	- - - m̩ _ b aː ɹ t	m̩ _ b aː ɹ t	- - - - - b aː r t	b aː r t	- - ə m _ b æ r tʰ	ə m _ b æ r tʰ	- - - - - b ɪə - d	b ɪə d	- - - n̩ _ b ɑ - t	n̩ _ b ɑ t	- - ə m _ b ɪ r t	ə m _ b ɪ r t	- - ə m _ b ɪː r t	ə m _ b ɪː r t	- - - - - b aːə r t	b aːə r t	- - ə m _ b ɛ r tʰ	ə m _ b ɛ r tʰ	- - ə m _ b ɵ - t	ə m _ b ɵ t	- n ə m _ b ɑː - t	n ə m _ b ɑː t	- - ə m _ b ɑ ʁ t	ə m _ b ɑ ʁ t	- - ɔi m _ b o ɾ t	ɔi m _ b o ɾ t	ɛ n ə - _ b aː - t	ɛ n ə _ b aː t	- n ə ɱ _ b ɔːə r t	n ə ɱ _ b ɔːə r t	- - ə m _ b ɪːə r tʰ	ə m _ b ɪːə r tʰ	- n ə - _ b ɔːə r t	n ə _ b ɔːə r t	- n ə m _ b ɔː r -	n ə m _ b ɔː r	- - - m̩ _ b ouɚ - tʰ	m̩ _ b ouɚ tʰ	- - - - - b ɪə˞ - t	b ɪə˞ t	- n ə m _ b ɔː - t	n ə m _ b ɔː t	- - - - - b ɪː r d	b ɪː r d	- n ə m _ b ɔə r t	n ə m _ b ɔə r t	- n ə m _ b ɔə ʀ t	n ə m _ b ɔə ʀ t	- - - n̩ _ b ɔː˞ - t	n̩ _ b ɔː˞ t	- n ə m _ b oə r t	n ə m _ b oə r t	- - ɛ - _ b aː r t	ɛ _ b aː r t	- - ə m _ b ɑː - tʰ	ə m _ b ɑː tʰ	- - ə m _ b ɶ ʀ t	ə m _ b ɶ ʀ t	- n ə m _ b oə r t	n ə m _ b oə r t	- - ə - _ b ɔː r t	ə _ b ɔː r t	- - ə n _ b ɪə - t	ə n _ b ɪə t	- - - - - b ɵ˞ - t	b ɵ˞ t	- - - - - b aːə r t	b aːə r t	- - ə - _ b ɔəː r t	ə _ b ɔəː r t	- - - - - b ɒ ʁ t	b ɒ ʁ t	- - - - - b ɪː ɾ t	b ɪː ɾ t	- - ə m _ b eːə ɹ t	ə m _ b eːə ɹ t	ə n ə - _ b a r t	ə n ə _ b a r t	- - - - - b ɑː˞ - t	b ɑː˞ t	- - - n̩ _ b o˞ - t	n̩ _ b o˞ t	- - ə - _ b ɵ - t	ə _ b ɵ t	- - ə m _ b ɒː ɹ t	ə m _ b ɒː ɹ t	- - - - - b oː - tʰ	b oː tʰ	- - ə m _ b ɑː r t	ə m _ b ɑː r t	- - ə n _ b ɔː ɹ t	ə n _ b ɔː ɹ t	- - ə m _ b a - tʰ	ə m _ b a tʰ	- - - - - b ɑː - t	b ɑː t	- n ə m _ b oə r t	n ə m _ b oə r t	- - - - - b aː r t	b aː r t	- - - - - b ɪə - t	b ɪə t	- - - - - b ɵ - t	b ɵ t	- - - - - b aː˞ - t	b aː˞ t	- - - m̩ _ b aː - t	m̩ _ b aː t	ə n ə - _ b oː ʀ t	ə n ə _ b oː ʀ t	- - - - - b ɔ r t	b ɔ r t
n_been	- m̩ - _ b ei n	m̩ _ b ei n	- m̩ - _ b ɑi n	m̩ _ b ɑi n	ə n - _ b eə n	ə n _ b eə n	- n̩ - _ b ɪə n	n̩ _ b ɪə n	- - - - b eːə n	b eːə n	ɛ - - _ b eə n	ɛ _ b eə n	- m̩ - _ b ei n	m̩ _ b ei n	- - - - b eə n	b eə n	ə m - _ b ɪə n	ə m _ b ɪə n	- - - - b iə n	b iə n	- - - - b eː n	b eː n	ə m - _ b i n	ə m _ b i n	ə m - _ b iː n	ə m _ b iː n	- - - - b eːi n	b eːi n	ə m - _ b ɪə n	ə m _ b ɪə n			ə m - _ b ii n	ə m _ b ii n	ə m - _ b eə n	ə m _ b eə n	ɔi - - _ b ɔi n	ɔi _ b ɔi n	ə - - _ b eː -	ə _ b eː	- n ə _ b eə n	n ə _ b eə n	ə m - _ b i nː	ə m _ b i nː	ə ɱ - _ b eɛ n	ə ɱ _ b eɛ n	ə m - _ b iə n	ə m _ b iə n	- m̩ - _ b ɑːi n	m̩ _ b ɑːi n			ə - - _ b iə n	ə _ b iə n			ə m - _ b iə n	ə m _ b iə n	ə m - _ b eə n	ə m _ b eə n	- m - _ b ei n	m _ b ei n	ə m - _ b iə n	ə m _ b iə n	ɛ - - _ b eə n	ɛ _ b eə n	ə m - _ b i n	ə m _ b i n	ə m - _ b e n	ə m _ b e n	ə m - _ b iə n	ə m _ b iə n	ə - - _ b ɛː n	ə _ b ɛː n					- - - - b ei n	b ei n	ə - - _ b eə n	ə _ b eə n	ə n - _ b e n	ə n _ b e n	ə m - _ b i n	ə m _ b i n	ə m - _ b i n	ə m _ b i n	ɛ - - _ b ɛːi n	ɛ _ b ɛːi n	ə m - _ b eː n	ə m _ b eː n	- n̩ - _ b ɑi n	n̩ _ b ɑi n			ə m - _ b iː -	ə m _ b iː	- - - - b ʌiː n	b ʌiː n	ə m - _ b e n	ə m _ b e n	ə - - _ b aːi n	ə _ b aːi n	ə m - _ b e n	ə m _ b e n	- - - - b ii n	b ii n	ə m - _ b iə n	ə m _ b iə n	- - - - b ei n	b ei n							- m̩ - _ b eː n	m̩ _ b eː n	ə - - _ b ai n	ə _ b ai n	ə - - _ b iə -	ə _ b iə
n_beest	- m̩ _ b ei s t -	m̩ _ b ei s t	- m̩ _ b ɑi s tʰ -	m̩ _ b ɑi s tʰ	- - - b eə s t -	b eə s t	ə n _ b e s t -	ə n _ b e s t	ə n _ b eːi s - -	ə n _ b eːi s	ɛ - _ b eə s t ə	ɛ _ b eə s t ə	- m̩ _ b ei s t -	m̩ _ b ei s t	ɛ - _ b eə s t ə	ɛ _ b eə s t ə	ə m _ b ɪə s tʰ -	ə m _ b ɪə s tʰ	- - - b ei s t -	b ei s t	- - - b eː s t -	b eː s t	ə m _ b ɛɪ s t -	ə m _ b ɛɪ s t	ə m _ b eː s t -	ə m _ b eː s t	ə m _ b eːi s t -	ə m _ b eːi s t	ə m _ b ɪə s t -	ə m _ b ɪə s t	ə m _ b eː s t -	ə m _ b eː s t	ə m _ b iːə s t -	ə m _ b iːə s t	ə m _ b eɪ s t -	ə m _ b eɪ s t	- m _ b ɑi s t -	m _ b ɑi s t			ə - _ b eə s t ə	ə _ b eə s t ə	ə - _ b ɛi s tʰ -	ə _ b ɛi s tʰ	ə - _ b eɛ s t ə	ə _ b eɛ s t ə	ə m _ b iə s t ə	ə m _ b iə s t ə	- m̩ _ b ɑi s tʰ -	m̩ _ b ɑi s tʰ	- - - b ei s t -	b ei s t	ə m _ b iə s t -	ə m _ b iə s t	- - - b eː s t -	b eː s t	ə m _ b iə s t ə	ə m _ b iə s t ə	ə m _ b eə s t ə	ə m _ b eə s t ə	- m̩ _ b ei s t -	m̩ _ b ei s t	ə m _ b iə s t ə	ə m _ b iə s t ə	ɛ - _ b eə s t ə	ɛ _ b eə s t ə	ə m _ b e s tʰ -	ə m _ b e s tʰ	ə m _ b e s t -	ə m _ b e s t	ə m _ b iə s t ə	ə m _ b iə s t ə	ə - _ b ɛː s t ə	ə _ b ɛː s t ə	ə n _ b eː s t -	ə n _ b eː s t	- - - b eː s t -	b eː s t	- - - b ei s t -	b ei s t	ə - _ b eə s t ə	ə _ b eə s t ə	- - - b ei s t -	b ei s t	ə m _ b ɛi s - -	ə m _ b ɛi s	ə m _ b ɛːə s t -	ə m _ b ɛːə s t			ə m _ b eː s t -	ə m _ b eː s t	ə n _ b ɑi s t -	ə n _ b ɑi s t	ə - _ b e s t -	ə _ b e s t	ə m _ b iː s t -	ə m _ b iː s t	- - - b ʌi s tʰ -	b ʌi s tʰ	ə m _ b e s t -	ə m _ b e s t	ə - _ b ei s t -	ə _ b ei s t	ə m _ b eː s t -	ə m _ b eː s t	- - - b ii s t -	b ii s t	ə m _ b iə s t ə	ə m _ b iə s t ə	- - - b ei s t -	b ei s t	- - - b eː s t -	b eː s t	- - - b eː s t -	b eː s t	- - - b eː s t -	b eː s t	- - - b eː s - -	b eː s	ə - _ b iːə s - -	ə _ b iːə s	æ - _ b iə s t ə	æ _ b iə s t ə
n_beitel	- - - m̩ _ b ɒi - t ə ɫ -	m̩ _ b ɒi t ə ɫ	- - - m̩ _ b ɑi - t - l̩ -	m̩ _ b ɑi t l̩	- - - - - b ʌi - t ə l -	b ʌi t ə l	- - ə n _ b ɑi - t ɔ l -	ə n _ b ɑi t ɔ l	- - - - - b iə - t ə l -	b iə t ə l	- - ɛ - _ b e - t ə l -	ɛ _ b e t ə l	- - - m̩ _ b æi - t ə ɫ -	m̩ _ b æi t ə ɫ	- - - - - b eə - t - l̩ -	b eə t l̩	- - ə m _ b æi - t ə l -	ə m _ b æi t ə l	- - - - - b ɛː - t ə ɫ -	b ɛː t ə ɫ	- - - - - b ɛ - t ə l -	b ɛ t ə l	- - ə m _ b ɛɪ - t ɔ h -	ə m _ b ɛɪ t ɔ h	- - ə m _ b ɛi - t ɔ ɫ -	ə m _ b ɛi t ɔ ɫ	- - - - - b ɛi - t ə ɫ -	b ɛi t ə ɫ	- - ə m _ b ɛi - t ə l -	ə m _ b ɛi t ə l	- - ə m _ b æi - t - l̩ -	ə m _ b æi t l̩	- n ə m _ b ɑː - t ə l -	n ə m _ b ɑː t ə l	- - - - - b ɛi - t ə l -	b ɛi t ə l	- - ɔi - _ b ɑi - d - l̩ -	ɔi _ b ɑi d l̩	- - - - - b eː - s ə l -	b eː s ə l	- - ə - _ b eə - t ə - -	ə _ b eə t ə	- - - - - b ai - t ɔ ɫ -	b ai t ɔ ɫ	- n ə ɱ _ b eɛ - t ə l ə	n ə ɱ _ b eɛ t ə l ə	- n ə m _ b iə - t ə l -	n ə m _ b iə t ə l	- - - m̩ _ b ɑ - ɾ ə l -	m̩ _ b ɑ ɾ ə l	- - - - - b ɛi - t ə ɫ -	b ɛi t ə ɫ	- n ə m _ b ɑː - t ə l -	n ə m _ b ɑː t ə l	- - - - - b ɛi - t - ɫ̩ -	b ɛi t ɫ̩	- n ə m _ b iə - t ə l ə	n ə m _ b iə t ə l ə	- n ə m _ b eə - t ə l -	n ə m _ b eə t ə l	- - - m̩ _ b ɛi - ɾ - l̩ -	m̩ _ b ɛi ɾ l̩	- n ə m _ b iə - d ə ɫ -	n ə m _ b iə d ə ɫ	- - ɛ - _ b e - t ə l -	ɛ _ b e t ə l	- - ə m _ b ɛi - t ə l -	ə m _ b ɛi t ə l	- - ə m _ b ɛ - t ə l -	ə m _ b ɛ t ə l	- n ə m _ b iə - d ə l -	n ə m _ b iə d ə l	- - ə - _ b ɛː - t ə l -	ə _ b ɛː t ə l	- - ə n _ b ɛi - t ə l -	ə n _ b ɛi t ə l	- - - - - b æi - t - l̩ -	b æi t l̩	- - - - - b ɛːi - t ə ɫ -	b ɛːi t ə ɫ	- - ə - _ b eə - t ə l -	ə _ b eə t ə l	- - ə n _ b ɛi - t ɔ l -	ə n _ b ɛi t ɔ l	- - ə m _ b ɑi - t ɔ ɫ -	ə m _ b ɑi t ɔ ɫ	- - ə m _ b ɛːə - t ə ɫ -	ə m _ b ɛːə t ə ɫ	- n ə - _ b ɛi - t ə l -	n ə _ b ɛi t ə l	- - ə m _ b ɛi - t ə l -	ə m _ b ɛi t ə l	- - - n̩ _ b ɑə - t - l̩ -	n̩ _ b ɑə t l̩	- - ə - _ b ɑi - t - ɫ̩ -	ə _ b ɑi t ɫ̩	- - ə m _ b ɛi - t ə l -	ə m _ b ɛi t ə l	- - - - - b ʌi - d - l̩ -	b ʌi d l̩	- - ə m _ b ɛi - t ɔ l -	ə m _ b ɛi t ɔ l	- - ə n _ b aːi - t ə l -	ə n _ b aːi t ə l	- - ə m _ b ɛi - t ɔ l̩ -	ə m _ b ɛi t ɔ l̩	- - - - - b ɛi - t ə l -	b ɛi t ə l	- n ə m _ b iə r t - l̩ ə	n ə m _ b iə r t l̩ ə	- - ə n _ b ɛi - t ə ɫ -	ə n _ b ɛi t ə ɫ	- - - - - b ɛi - t ə ɫ -	b ɛi t ə ɫ	- - - - - b ɑi - t ə ɫ -	b ɑi t ə ɫ	- - - - - b ɛi - t ə l -	b ɛi t ə l	- - - m̩ _ b ɛi - t ə ɫ -	m̩ _ b ɛi t ə ɫ	ə n ə - _ b æi - t ə l -	ə n ə _ b æi t ə l	- - æ - _ b iə - t ə l -	æ _ b iə t ə l
n_berg	- - - m̩ _ b ɛ ɾ ə x -	m̩ _ b ɛ ɾ ə x	- - - m̩ _ b ɑː˞ - - χ -	m̩ _ b ɑː˞ χ	- - - - - b ɛ r ə x -	b ɛ r ə x	- - ə n _ b ɛ ʁ ə x -	ə n _ b ɛ ʁ ə x	- n ə - _ b æ ʀ e x -	n ə _ b æ ʀ e x	- - æ - _ b e r - x -	æ _ b e r x	- - - m̩ _ b ɛ ɾ ə x -	m̩ _ b ɛ ɾ ə x	- - - - - b æ r - x -	b æ r x	- - ə m _ b aː ɾ ə x -	ə m _ b aː ɾ ə x	- - - - - b ɛ r ə ç -	b ɛ r ə ç	- - - - - b a ɾ ə ç -	b a ɾ ə ç	- - ə m _ b ɛ r ə x -	ə m _ b ɛ r ə x	- - ə m _ b ɛ r ə χ -	ə m _ b ɛ r ə χ	- - - - - b ɛ r ə x -	b ɛ r ə x	- - - - - b æ ɾ ə x -	b æ ɾ ə x	- - ə m _ b ɛ r ə x -	ə m _ b ɛ r ə x	- n ə m _ b æ r ə x -	n ə m _ b æ r ə x	- - - - - b ɛ ʁ ə x -	b ɛ ʁ ə x	- - ɔi - _ b æ - - x -	ɔi _ b æ x	- - - - - b ɛ ʁ ɨ x -	b ɛ ʁ ɨ x	- - - m̩ _ b æ r - xˁ -	m̩ _ b æ r xˁ	- - ə n _ b ɛ ɾ ə x -	ə n _ b ɛ ɾ ə x	- n ə ɱ _ b æ r - xˁ -	n ə ɱ _ b æ r xˁ	- n ə m _ b æ r - xˁ -	n ə m _ b æ r xˁ	- - - m̩ _ b ɛː - - x -	m̩ _ b ɛː x	- - - - - b ɛ r ə x -	b ɛ r ə x	- n ə m _ b æ r e x -	n ə m _ b æ r e x	- - - - - b ɛ r ə x -	b ɛ r ə x	- n ə m _ b æ r - xˁ -	n ə m _ b æ r xˁ	- n ə m _ b æ ʀ - xˁ -	n ə m _ b æ ʀ xˁ	- - - m̩ _ b aː˞ - - χ -	m̩ _ b aː˞ χ	- n ə m _ b eə r - x -	n ə m _ b eə r x			- - ə m _ b ɑ r ə x -	ə m _ b ɑ r ə x	- - ə n _ b ɛ ʀ - x -	ə n _ b ɛ ʀ x	- n ə m _ b eə r - x -	n ə m _ b eə r x	- - ə - _ b æ r - xˁ -	ə _ b æ r xˁ	- - ə n _ b ɛ ɾ - x -	ə n _ b ɛ ɾ x	- - - - - b ɛ r ə x -	b ɛ r ə x	- - - - - b ɛ r ə x -	b ɛ r ə x	- - ə - _ b æ r - xˁ -	ə _ b æ r xˁ	- - ə n _ b ɛ ʁ ə x -	ə n _ b ɛ ʁ ə x	- - ə m _ b ɛ ɾ ə x -	ə m _ b ɛ ɾ ə x	- - ə m _ b ʌ ʀ ə x -	ə m _ b ʌ ʀ ə x	ə n ə - _ b ɛ r ə x -	ə n ə _ b ɛ r ə x	- - - m̩ _ b ɑ ɾ ə x -	m̩ _ b ɑ ɾ ə x	- - - n̩ _ b aː˞ - - χ -	n̩ _ b aː˞ χ	- - ə - _ b ɛ r - x -	ə _ b ɛ r x	- - ə m _ b ɛ r ə x ə	ə m _ b ɛ r ə x ə	- - - - - b aː ɣ ə - -	b aː ɣ ə	- - ə m _ b ɛ r ə x -	ə m _ b ɛ r ə x	- - ə m _ b æː ʁ - x -	ə m _ b æː ʁ x	- - ə m _ b ɑ r ɨ x -	ə m _ b ɑ r ɨ x	- - - - - b æ r e x -	b æ r e x	- n ə m _ b eə r - xˁ -	n ə m _ b eə r xˁ	- - ə - _ b ɛ r ə x -	ə _ b ɛ r ə x	- - - - - b ɔ r ə x -	b ɔ r ə x	- - - - - b ɛ r ə x -	b ɛ r ə x	- - - - - b ɛ r ə ç -	b ɛ r ə ç	- - - m̩ _ b ɑ r - x -	m̩ _ b ɑ r x	ə n ə - _ b ɛː ʀ e x -	ə n ə _ b ɛː ʀ e x	- - æ - _ b æː r - xˁ -	æ _ b æː r xˁ
n_blad	ə - _ b l ɑ t - -	ə _ b l ɑ t	- m̩ _ b l ɑ tʰ - -	m̩ _ b l ɑ tʰ	ə m _ b l ɑ t - -	ə m _ b l ɑ t	- - - b l æ t - -	b l æ t	ə - _ b l ɔː t - -	ə _ b l ɔː t	ɛ - _ b l ɑ t - -	ɛ _ b l ɑ t	- m̩ _ b l ɑ t - -	m̩ _ b l ɑ t	- - - b l ɑ t - -	b l ɑ t	ə m _ b l ɑ tʰ - -	ə m _ b l ɑ tʰ	- - - b l ɑː d - -	b l ɑː d	- n̩ _ b l a d - -	n̩ _ b l a d	ə m _ b l ɑ t - -	ə m _ b l ɑ t	ə m _ bˁ ɫ ɑ t - -	ə m _ bˁ ɫ ɑ t	- - - b ɫ ɑ t - -	b ɫ ɑ t	ə m _ b l ɑ t - -	ə m _ b l ɑ t	ə m _ b l ɛə t - -	ə m _ b l ɛə t	- - - b l ɑ t - -	b l ɑ t	- - - b l ɑ t - -	b l ɑ t	ɔi - _ b l ɑ t - -	ɔi _ b l ɑ t	ə - _ b l ɑ t - -	ə _ b l ɑ t	- m̩ _ b l ɑ t - -	m̩ _ b l ɑ t	ə - _ b l ɑ tʰ - -	ə _ b l ɑ tʰ	ə ɱ _ b l ɑ t - -	ə ɱ _ b l ɑ t	ə - _ b l ɑ t - -	ə _ b l ɑ t	- m̩ _ b l a tʰ - -	m̩ _ b l a tʰ	- - - b l ɛː t - -	b l ɛː t	ə m _ b l ɑ t - -	ə m _ b l ɑ t	- - - b l ɔː d - -	b l ɔː d	ə m _ b l ɑ t - -	ə m _ b l ɑ t	ə m _ b l ɑ t - -	ə m _ b l ɑ t	- m̩ _ b l ɑ t - -	m̩ _ b l ɑ t	ə m _ b l ɑ t - -	ə m _ b l ɑ t	ɛ - _ b l ɑ t - -	ɛ _ b l ɑ t	ə m _ b l a tʰ - -	ə m _ b l a tʰ	ə m _ b l ɑ t - -	ə m _ b l ɑ t	ə m _ b l oːə r - ə	ə m _ b l oːə r ə	ə - _ b l ɑ t - -	ə _ b l ɑ t	ə n _ b l ɛː t - -	ə n _ b l ɛː t	- - - b l ɛ t - -	b l ɛ t	- - - b ɫ ɑ t - -	b ɫ ɑ t	ə - _ b l ɑ t - -	ə _ b l ɑ t	ə n _ b l ɑ t s ɛi	ə n _ b l ɑ t s ɛi	ə m _ b ɫ ɑ t - -	ə m _ b ɫ ɑ t	ə m _ b ɫ ɑ t - -	ə m _ b ɫ ɑ t	ə - _ b l aː t - -	ə _ b l aː t	ə m _ b l a t - -	ə m _ b l a t	- m̩ _ b l ɑ t - -	m̩ _ b l ɑ t	ə - _ b l ɛː t - -	ə _ b l ɛː t	ə m _ b l a t - -	ə m _ b l a t	- - - b l ʌ tʰ - -	b l ʌ tʰ	ə m _ b l ɑ tʰ - -	ə m _ b l ɑ tʰ	aːi m _ b l a t - -	aːi m _ b l a t	ə m _ b l ɑ tʰ - -	ə m _ b l ɑ tʰ	- - - b l ɑ t - -	b l ɑ t	ə m _ b l ɑ t - -	ə m _ b l ɑ t	ə - _ b ɫ ɑ t - -	ə _ b ɫ ɑ t	- - - b l ɛː t - -	b l ɛː t	- - - b l ɛː t - -	b l ɛː t	- - - b l ɛ t - -	b l ɛ t	- m̩ _ b l ɑ t - -	m̩ _ b l ɑ t	ə - _ b l ɔː t - -	ə _ b l ɔː t	æ - _ b l ɔ r - ə	æ _ b l ɔ r ə
n_bloem	ə m _ b ɫ u m -	ə m _ b ɫ u m	- m̩ _ b l ɔ m -	m̩ _ b l ɔ m	ə m _ b l ɔ m -	ə m _ b l ɔ m	ə n _ b l ɔ m -	ə n _ b l ɔ m	- - - b l o m -	b l o m	ɛ - _ b l u m ə	ɛ _ b l u m ə	- m̩ _ b l u m -	m̩ _ b l u m	ɛ - _ b l u m ə	ɛ _ b l u m ə	ə m _ b ɫ ɔ m ə	ə m _ b ɫ ɔ m ə	- - - b l u m -	b l u m	- - - b l ɔ m -	b l ɔ m	ə m _ b l ɔ m -	ə m _ b l ɔ m	ə m _ b ɫ ɔ m -	ə m _ b ɫ ɔ m			- m̩ _ b l ɔ m ə	m̩ _ b l ɔ m ə	ə m _ b l ʊ m -	ə m _ b l ʊ m	ə m _ b l ø m -	ə m _ b l ø m	ə m _ b l u m -	ə m _ b l u m	- m _ b l ɔ m -	m _ b l ɔ m	ɛ ŋ _ b l ɔ m -	ɛ ŋ _ b l ɔ m	ə - _ b l ɔ m ə	ə _ b l ɔ m ə	ə m _ b l u m -	ə m _ b l u m	ə ɱ _ b l ɔ m ə	ə ɱ _ b l ɔ m ə	ə m _ b l u m ə	ə m _ b l u m ə	- m̩ _ b l ɑo m -	m̩ _ b l ɑo m	- - - b l o m -	b l o m	ə m _ b l o m -	ə m _ b l o m	- - - b l o m -	b l o m	ə m _ b l u m ə	ə m _ b l u m ə	ə m _ b l o m ə	ə m _ b l o m ə	- - - b l ɑu m ə	b l ɑu m ə	ə m _ b l o m ə	ə m _ b l o m ə	ɛ - _ b l u m ə	ɛ _ b l u m ə	ə m _ b l u m ə	ə m _ b l u m ə	ə m _ b l u m -	ə m _ b l u m	ə m _ b l o m ə	ə m _ b l o m ə	ə - _ b l ɔ m ə	ə _ b l ɔ m ə	ə n _ b l ɔ m -	ə n _ b l ɔ m	- - - b l o m -	b l o m	- - - b ɫ u m -	b ɫ u m	ə - _ b l o m ə	ə _ b l o m ə	- n̩ _ b l u m -	n̩ _ b l u m	- - - b l u m -	b l u m	ə m _ b l u m -	ə m _ b l u m	ə m _ b l oː m -	ə m _ b l oː m	- m̩ _ b l u m -	m̩ _ b l u m	- m̩ _ b l ɔ m -	m̩ _ b l ɔ m	ə - _ b ɫ ɔ m -	ə _ b ɫ ɔ m	ə m _ b l o m ə	ə m _ b l o m ə	- - - b l ʌu m ə	b l ʌu m ə	ə m _ b l u m -	ə m _ b l u m	ə - _ b l au m ə	ə _ b l au m ə	ə m _ b l uː m ə	ə m _ b l uː m ə	- - - b l o m -	b l o m	ə m _ b l o m ə	ə m _ b l o m ə	- - - b l ʉ m -	b l ʉ m	- - - b l o m -	b l o m	- - - b l o m -	b l o m	- - - b l o m -	b l o m	- - - b l u m -	b l u m	ə m _ b l ou m -	ə m _ b l ou m	æ - _ b l ɔ m ə	æ _ b l ɔ m ə
n_brief	- - ə m _ b r i v	ə m _ b r i v	- - - m̩ _ b r ɑi f	m̩ _ b r ɑi f	- - ə m _ b r i f	ə m _ b r i f	- - ə n _ b ʁ i f	ə n _ b ʁ i f	- n ə - _ b ʀ ii f	n ə _ b ʀ ii f	- - æ - _ b r iə f	æ _ b r iə f	- - - m̩ _ b ɾ i f	m̩ _ b ɾ i f	- - ɛ - _ b r iə f	ɛ _ b r iə f	- - ə m _ b r i f	ə m _ b r i f	- - - - - b r i f	b r i f	- - ə n _ b ɾ i f	ə n _ b ɾ i f	- - ə m _ b r i f	ə m _ b r i f	- - ə m _ b r iː f	ə m _ b r iː f	- - ə m _ b r i f	ə m _ b r i f	- - ə m _ b r i f	ə m _ b r i f	- - - - - b r iə f	b r iə f	- n ə m _ b r i f	n ə m _ b r i f	- - ə m _ b r i f	ə m _ b r i f	- - ɔi - _ b r ʌi f	ɔi _ b r ʌi f	ɛ n ə - _ b ʁ ɪ f	ɛ n ə _ b ʁ ɪ f	- n ə m _ b r iːə f	n ə m _ b r iːə f	- - - n̩ _ b r i f	n̩ _ b r i f	- n ə - _ b r iːə f	n ə _ b r iːə f	- n ə m _ b r iː f	n ə m _ b r iː f	- - - - - b r ɑi f	b r ɑi f	- - - - - b r iə f	b r iə f	- n ə m _ b r ei f	n ə m _ b r ei f	- - - - - b r iː f	b r iː f	- n ə m _ b r iːə f	n ə m _ b r iːə f	- n ə m _ b ʀ i f	n ə m _ b ʀ i f	- - - m̩ _ b r ɑi f	m̩ _ b r ɑi f	- n ə m _ b r i f	n ə m _ b r i f	- - ɛ - _ b r iə f	ɛ _ b r iə f	- - ə m _ b r iː f	ə m _ b r iː f	- - ə m _ b ʀ i f	ə m _ b ʀ i f	- n ə m _ b r i f	n ə m _ b r i f	- - ə - _ b r iːə f	ə _ b r iːə f	- - - - - b ɾ iːə f	b ɾ iːə f	- - - - - b r iː f	b r iː f	- - ə m _ b r i f	ə m _ b r i f	- - ə - _ b r iːə f	ə _ b r iːə f	- - ə n _ b ɾ i f	ə n _ b ɾ i f	- - ə m _ b r i f	ə m _ b r i f	- - ə m _ b ʀ i f	ə m _ b ʀ i f	- n ə - _ b r e f	n ə _ b r e f	- - ə m _ b r iː f	ə m _ b r iː f	- - - n̩ _ b r ɑi f	n̩ _ b r ɑi f	- - ə - _ b ɾ iː f	ə _ b ɾ iː f	- - ə m _ b r iː f	ə m _ b r iː f	- - - - - b r ʌiː f	b r ʌiː f	- - ə m _ b r iː f	ə m _ b r iː f	- - ə - _ b r ai f	ə _ b r ai f	- - ə m _ b r i f	ə m _ b r i f	- - - - - b r ei f	b r ei f	- n ə m _ b r i f	n ə m _ b r i f	- - ə - _ b r i f	ə _ b r i f	- - - - - b r iː f	b r iː f	- - - - - b r iə f	b r iə f	- - - - - b r iː f	b r iː f	- - - m̩ _ b r iː f	m̩ _ b r iː f	ə n ə - _ b ʀ eː f	ə n ə _ b ʀ eː f	- - ɛ - _ b r iːə f	ɛ _ b r iːə f
n_broer	- - ə m _ b r uː - - ɾ -	ə m _ b r uː ɾ	- - - m̩ _ b r œː˞ə - - r -	m̩ _ b r œː˞ə r	- - ə m _ b r yː - - r -	ə m _ b r yː r	- - - - - b ʁ u - - ʁ -	b ʁ u ʁ	- - ə - _ b ʀ uː - - ʀ -	ə _ b ʀ uː ʀ	- - æ - _ b r uə - - r ə	æ _ b r uə r ə	- - - m̩ _ b ɾ uː - - ɾ -	m̩ _ b ɾ uː ɾ	- - - - - b r uə - - r ə	b r uə r ə	- - - - - b r u - - r -	b r u r	- - - - - b r uə - - r -	b r uə r	- - - - - b ɾ yə - - ɾ -	b ɾ yə ɾ	- - ə m _ b r u - - r -	ə m _ b r u r	- - ə m _ b r u - - r -	ə m _ b r u r	- - ə m _ b r uːə - - r -	ə m _ b r uːə r	- - ə m _ b r uː - - r -	ə m _ b r uː r	- - ə m _ b r uə - - r -	ə m _ b r uə r	- - ə m _ b r yː - - r -	ə m _ b r yː r	- - ə m _ b ʀ yə - - ʁ -	ə m _ b ʀ yə ʁ	- - ɔi - _ b r ʌiə - - r -	ɔi _ b r ʌiə r	ɛ n ə - _ b ʁ o - - x -	ɛ n ə _ b ʁ o x			- - ə n _ b r uːə - - r -	ə n _ b r uːə r	- - ə - _ b r uːə - - r ə	ə _ b r uːə r ə	- - ə m _ b r uː - - r ə	ə m _ b r uː r ə	- - - n̩ _ b r aːəiə - - r -	n̩ _ b r aːəiə r	- - - - - b r uə - - r -	b r uə r	- n ə m _ b r øy - - - -	n ə m _ b r øy	- - - - - b r uː - - r -	b r uː r	- - ə m _ b r uːə - - r ə	ə m _ b r uːə r ə	- - ə m _ b ʀ u - - ʀ ə	ə m _ b ʀ u ʀ ə	- - - - - b r œːi - - r -	b r œːi r	- - ə m _ b r u - - r ə	ə m _ b r u r ə	- - ɛ - _ b r uə - - r ə	ɛ _ b r uə r ə	- - ə m _ b r ɵə - - r -	ə m _ b r ɵə r	- - ə n _ b ʀ y - - ʀ -	ə n _ b ʀ y ʀ	- - - m̩ _ b r u - - r ə	m̩ _ b r u r ə	- - ə - _ b r uːə - - r ə	ə _ b r uːə r ə	- - - - - b ɾ uː - - ɾ -	b ɾ uː ɾ	- - - - - b r uə - - r -	b r uə r	- - - - - b r u d ə r -	b r u d ə r	- - ə - _ b r uːə - - r ə	ə _ b r uːə r ə	- - - - - b ɾ yː - - ɾ -	b ɾ yː ɾ	- - ə m _ b ɾ uː - - r -	ə m _ b ɾ uː r	- - ə m _ b ʀ uːə - - ɹ -	ə m _ b ʀ uːə ɹ	- n ə - _ b r ɔ - - r -	n ə _ b r ɔ r	- - ə m _ b r yə - - - -	ə m _ b r yə	- - - n̩ _ b r ɶː - - r -	n̩ _ b r ɶː r	- - ə m _ b ɾ uː - - r -	ə m _ b ɾ uː r	- - ə m _ b r yː - - r -	ə m _ b r yː r	- - - - - b r œː - - r -	b r œː r	- - ə m _ b r y - - r -	ə m _ b r y r	- - ə m _ b r œːiə - - r -	ə m _ b r œːiə r	- - ə m _ b r y - - r -	ə m _ b r y r	- - - - - b r øy - - r -	b r øy r	- - ə m _ b r u - - r ə	ə m _ b r u r ə	- - - - - b r uː - - r -	b r uː r	- - - - - b r uː - - r -	b r uː r	- - - - - b r uə - - r -	b r uə r	- - - - - b r uə - - ɾ -	b r uə ɾ	- - - m̩ _ b r yː˞ - - r -	m̩ _ b r yː˞ r	ə n ə - _ b ʀ oː - - ʀ -	ə n ə _ b ʀ oː ʀ	- - - - - b r uːə - - r ə	b r uːə r ə
n_burgemeester	b ɵ r - ɣ ə m ei s t ə r -	b ɵ r ɣ ə m ei s t ə r	b ɵ˞ ʁ - - - m e s t ə r -	b ɵ˞ ʁ m e s t ə r	b ɵ r ə ɣ ə m eː s t ə r -	b ɵ r ə ɣ ə m eː s t ə r	b ʌ ʁ ə ɣ ə m e s t ə ʁ -	b ʌ ʁ ə ɣ ə m e s t ə ʁ	b ø ʀ - ɣ ə m eː s t ə ʀ -	b ø ʀ ɣ ə m eː s t ə ʀ	b u r - h ə m eə s t ə r -	b u r h ə m eə s t ə r	b œ ɾ ə ɣ ə m ei s t ə ɾ -	b œ ɾ ə ɣ ə m ei s t ə ɾ	b œ r - h ə m eə s t ə r -	b œ r h ə m eə s t ə r	b ɵ r ə h ə m ɪə s t ə r -	b ɵ r ə h ə m ɪə s t ə r	b ɵ r - ɣ ə m eː s t ə r -	b ɵ r ɣ ə m eː s t ə r	b ɵ ɾ ə ɣ ə m ɛ s t ə r -	b ɵ ɾ ə ɣ ə m ɛ s t ə r	b ɵ r - ɣ ə m e s t ə r -	b ɵ r ɣ ə m e s t ə r	b ɵ r ə x ə m e s t ə r -	b ɵ r ə x ə m e s t ə r	b ʌ r ə x ə m eːi s - ə r -	b ʌ r ə x ə m eːi s ə r	b ɵ ɾ ə ħ ə m e s t ə r -	b ɵ ɾ ə ħ ə m e s t ə r	b ɵ r - ɣ ə m eː s t ə r -	b ɵ r ɣ ə m eː s t ə r	b œ r ə ɣ ə m iə s t ə r -	b œ r ə ɣ ə m iə s t ə r	b ɵ ʁ - ɣ ə m ɛ s t ə ʁ -	b ɵ ʁ ɣ ə m ɛ s t ə ʁ	b ɵ - - ɣ ə m e s t ə r -	b ɵ ɣ ə m e s t ə r	b ɵ ʁ ə j ə m eː s t ə ʀ -	b ɵ ʁ ə j ə m eː s t ə ʀ	b œ r - h ə m eə s t - r ə	b œ r h ə m eə s t r ə	b ɵ r ə ɣ ə m ɛi s t ə r -	b ɵ r ə ɣ ə m ɛi s t ə r	b œ r - h ə m eɛ s t - r ə	b œ r h ə m eɛ s t r ə	b œ r - h ə m iə s t ə r -	b œ r h ə m iə s t ə r	b ɵ - - h ə m e s t ə r -	b ɵ h ə m e s t ə r	b ɵ r - ɣ ə m ɛɪ s t - r̩ -	b ɵ r ɣ ə m ɛɪ s t r̩	b œ r - ɣ ə m e s t ə r -	b œ r ɣ ə m e s t ə r	b ɵ r ə ɣ ə m eː s t - r̩ -	b ɵ r ə ɣ ə m eː s t r̩	b œ r - h ə m iə s t ə r -	b œ r h ə m iə s t ə r	b ø ʀ - h ə m eə s t ə ʀ ə	b ø ʀ h ə m eə s t ə ʀ ə	b ɵ - - ɣ ə m ei s t ə r -	b ɵ ɣ ə m ei s t ə r	b œə r - h ə m iə s t ə r ə	b œə r h ə m iə s t ə r ə			b ɵ r - ɣ ə m e s t ə ɾ -	b ɵ r ɣ ə m e s t ə ɾ	b œ ʁ - ɣ ə m e s t ə ʀ -	b œ ʁ ɣ ə m e s t ə ʀ	b œ r - - ə m iə s t - r ə	b œ r ə m iə s t r ə	b œ r - h ə m ɛː s t ə r -	b œ r h ə m ɛː s t ə r	b ɔ ɾ - ɣ ə m ʌi s t ə ɾ -	b ɔ ɾ ɣ ə m ʌi s t ə ɾ	b ɵ r - ɣ ə m a s t ə r -	b ɵ r ɣ ə m a s t ə r	b ʌ r ə x ə m eːi s t ə r -	b ʌ r ə x ə m eːi s t ə r	b œ r - h ə m eə s t ə r -	b œ r h ə m eə s t ə r	b ʌ ʁ ə ɣ ə m ei s t ə ɾ -	b ʌ ʁ ə ɣ ə m ei s t ə ɾ	b ɵ ɾ ə ɣ ə m ɛi s t ə ɾ -	b ɵ ɾ ə ɣ ə m ɛi s t ə ɾ	b ʌ ʁ ə x ə m ei s t ə ɹ -	b ʌ ʁ ə x ə m ei s t ə ɹ	b ɵ r ə ɣ ə m ɛi s t ə r -	b ɵ r ə ɣ ə m ɛi s t ə r	b œ ɾ ə ɣ ə m æi s t ə - -	b œ ɾ ə ɣ ə m æi s t ə	b ɵ˞ ɣ - - - m ei s t ɚ - -	b ɵ˞ ɣ m ei s t ɚ	b ɵ r - ɣ ə m ei s t - r̩ -	b ɵ r ɣ ə m ei s t r̩	b ɵ ɹ - x ə m eː s t ə r -	b ɵ ɹ x ə m eː s t ə r	b ə r - x ə m e s t ə r -	b ə r x ə m e s t ə r	b ɵ r ə x ə m ɛi s t ə r -	b ɵ r ə x ə m ɛi s t ə r	b ɵə - - x ə m eː s t ə r -	b ɵə x ə m eː s t ə r	b ɵ r ə ɣ ə m ɛi s t ə ʁ -	b ɵ r ə ɣ ə m ɛi s t ə ʁ	b œ r - ɣ ə m iː s t ə r -	b œ r ɣ ə m iː s t ə r	b œ r - h ə m iə s t ə r ə	b œ r h ə m iə s t ə r ə	b œ r ə x ə m ei s t ə r -	b œ r ə x ə m ei s t ə r	b ɵ r ə ɣ ə m eː s t ə r -	b ɵ r ə ɣ ə m eː s t ə r	b ɵ r ə ɣ ə m eː s t ə r -	b ɵ r ə ɣ ə m eː s t ə r	b ɵ r - ɣ ə m eː s t ə r -	b ɵ r ɣ ə m eː s t ə r	b ɵ r ə ɣ ə m ɛi s t ə r -	b ɵ r ə ɣ ə m ɛi s t ə r	b œ ʀ - ɣ ə m ai s t ɛ ʀ -	b œ ʀ ɣ ə m ai s t ɛ ʀ	b œ r - h ə m iə s t ə r -	b œ r h ə m iə s t ə r
n_dag	- - - n̩ _ d ɑ x	n̩ _ d ɑ x	- - - n̩ _ d ɑː χ	n̩ _ d ɑː χ	ə n ə n _ d ɑ x	ə n ə n _ d ɑ x	- - ə n _ d æ x	ə n _ d æ x	- n ə n _ d ɔː x	n ə n _ d ɔː x	- - ɛ - _ d a x	ɛ _ d a x	- - - n̩ _ d ɑ x	n̩ _ d ɑ x	- - ɛ - _ d ɑ x	ɛ _ d ɑ x	- - - - - d ɑ x	d ɑ x	- - - - - d a x	d a x	- - - n̩ _ d æ x	n̩ _ d æ x	- - ə n _ d ɑ x	ə n _ d ɑ x	- - ə n _ d ɑ χ	ə n _ d ɑ χ	- - ə n _ d ɑ x	ə n _ d ɑ x	- - ə n _ d ɑ x	ə n _ d ɑ x	- - ə n _ d æi -	ə n _ d æi	- n ə n _ d ɑ x	n ə n _ d ɑ x	- - - - - d ɑə x	d ɑə x	- - ɔi - _ d ɑ χ	ɔi _ d ɑ χ	- d ə ʀ _ d aː x	d ə ʀ _ d aː x	- - ə n _ d ɑ xˁ	ə n _ d ɑ xˁ	- - ə n _ d ɑ x	ə n _ d ɑ x	- - - n̩ _ d ɑ xˁ	n̩ _ d ɑ xˁ	- n ə n _ d ɑ x	n ə n _ d ɑ x	- - - n̩ _ d æ x	n̩ _ d æ x	- - - - - d ɛi -	d ɛi	- n ə n _ d ɑ x	n ə n _ d ɑ x	- - - - - d a x	d a x	- n ə n _ d ɑ -	n ə n _ d ɑ	- n ə n _ d ɑ h	n ə n _ d ɑ h	- - - n̩ _ d ɑ χ	n̩ _ d ɑ χ	- n ə n _ d ɑ x	n ə n _ d ɑ x	- - ɛ - _ d ɑ x	ɛ _ d ɑ x	- - ə n _ d a x	ə n _ d a x	- - ə n _ d ɑ x	ə n _ d ɑ x	- n ə n _ d ɑ x	n ə n _ d ɑ x	- - ə n _ d ɑ xˁ	ə n _ d ɑ xˁ	- - ə n _ d ei -	ə n _ d ei	- - - - - d æi -	d æi	- - - - - d a x	d a x	- - ə - _ d ɑ x	ə _ d ɑ x	- - - - - d ɑ x	d ɑ x	- - ə n _ d ɑ x	ə n _ d ɑ x	- - ə n _ d ɑ x	ə n _ d ɑ x	ə n ə n _ d aː x	ə n ə n _ d aː x	- - - n̩ _ d a x	n̩ _ d a x	- - - n̩ _ d ɑː x	n̩ _ d ɑː x	- - ə n _ d ai -	ə n _ d ai	- - ə n _ d a x	ə n _ d a x	- - - - - d ʌ x	d ʌ x	- - ə n _ d ɑ x	ə n _ d ɑ x	- - ai n _ d a x	ai n _ d a x	- - ə n _ d ɑ x	ə n _ d ɑ x	- - - - - d ɑ x	d ɑ x	- n ə n _ d ɑ xˁ	n ə n _ d ɑ xˁ	- - - - - d ɑ x	d ɑ x	- - - - - d ɛi -	d ɛi	- - - - - d ɑi -	d ɑi	- - - - - d ɛi -	d ɛi	- - ə n _ d ɑ x	ə n _ d ɑ x	ə n ə n _ d oː x	ə n ə n _ d oː x	- - ɛ - _ d ɑ xˁ	ɛ _ d ɑ xˁ
n_dak	- - n̩ _ d ɑ k -	n̩ _ d ɑ k	- ə n _ d ɑː χ -	ə n _ d ɑː χ	- ə n _ d ɑ k -	ə n _ d ɑ k	- ə n _ d æ k -	ə n _ d æ k	- ə n _ d ɔː k -	ə n _ d ɔː k	- ɛ - _ d a k -	ɛ _ d a k	- - n̩ _ d ɑ k -	n̩ _ d ɑ k	- ɛ - _ d ɑ k -	ɛ _ d ɑ k	- - - - d a kʰ -	d a kʰ	- - - - d a k -	d a k	- - n̩ _ d æ k -	n̩ _ d æ k	- ə n _ d ɑ k -	ə n _ d ɑ k	- ə n _ d ɑ k -	ə n _ d ɑ k	- ei n _ d ɑ k -	ei n _ d ɑ k	- ə n _ d ɑ k -	ə n _ d ɑ k	- ə n _ d a k -	ə n _ d a k	- ə n _ d ɑ k -	ə n _ d ɑ k	- - - - d ɑ k -	d ɑ k	- - - - d ɑ k -	d ɑ k	- ə - _ d aː x -	ə _ d aː x	- ə - _ d æ k -	ə _ d æ k	- ə n _ d ɑ k -	ə n _ d ɑ k	- ə n _ d æ k -	ə n _ d æ k	- ə n _ d ɑ k -	ə n _ d ɑ k	- - n̩ _ d æ k -	n̩ _ d æ k	- - - - d ɛ k -	d ɛ k	- ə - _ d ɑ k -	ə _ d ɑ k	- - - - d a k -	d a k	- ə n _ d ɑ k -	ə n _ d ɑ k	- ə n _ d ɑ k -	ə n _ d ɑ k	- - n̩ _ d ɑ k -	n̩ _ d ɑ k	- ə n _ d ɑ k -	ə n _ d ɑ k	- ɛ - _ d ɑ k -	ɛ _ d ɑ k	- ə n _ d ɒː k ə	ə n _ d ɒː k ə	- ə n _ d ɑ k -	ə n _ d ɑ k	- - n̩ _ d ɑ k -	n̩ _ d ɑ k	- ə - _ d æ k -	ə _ d æ k	- ə n _ d ɛ k -	ə n _ d ɛ k	- - - - d a k -	d a k	- - - - d ɑ k -	d ɑ k	- ə - _ d ɑ k -	ə _ d ɑ k	- ə n _ d ɑ kʰ -	ə n _ d ɑ kʰ	- ə n _ d ɑ k -	ə n _ d ɑ k	- ə n _ d ɑ k -	ə n _ d ɑ k	n ə n _ d aː k -	n ə n _ d aː k	- - n̩ _ d a k -	n̩ _ d a k	- - n̩ _ d ɑ k -	n̩ _ d ɑ k	- ə n _ d a k -	ə n _ d a k	- ə n _ d a k -	ə n _ d a k	- - - - d ʌ kʰ -	d ʌ kʰ	- ə n _ d ɑ k -	ə n _ d ɑ k	- ə n _ d a k -	ə n _ d a k	- ə n _ d a kʰ -	ə n _ d a kʰ	- - - - d ɑː k -	d ɑː k	- ə n _ d ɑ k -	ə n _ d ɑ k	- - - - d ɑ k -	d ɑ k	- - - - d a k -	d a k	- - - - d a k -	d a k	- - - - d a k -	d a k	- ə n _ d ɑ k -	ə n _ d ɑ k	- ə - _ d oː k -	ə _ d oː k	- - - - t æ k -	t æ k
n_dief	- - - n̩ _ d i v	n̩ _ d i v	- - - n̩ _ d ɑi f	n̩ _ d ɑi f	ə n ə n _ d i f	ə n ə n _ d i f	- - - - - d i f	d i f	- n ə n _ d iːi f	n ə n _ d iːi f	- - ɛ - _ d iə f	ɛ _ d iə f	- - - n̩ _ d i f	n̩ _ d i f	- - - - - d iə f	d iə f	- - ə n _ d i f	ə n _ d i f	- - - - - d iːə f	d iːə f	- - ə n _ d i f	ə n _ d i f	- - ə n _ d i f	ə n _ d i f	- - ə n _ d iː f	ə n _ d iː f	- - ə n _ d i f	ə n _ d i f	- - ə n _ d i f	ə n _ d i f	- - ə n _ d iə f	ə n _ d iə f	- n ə n _ d ii f	n ə n _ d ii f	- - - - - d i f	d i f	- - - n _ d ɒi f	n _ d ɒi f			- - - n̩ _ d iːə f	n̩ _ d iːə f	- - ə n _ d i f	ə n _ d i f	- n ə n _ d iːɛ f	n ə n _ d iːɛ f	- n ə n _ d iː f	n ə n _ d iː f	- - - - - d ɑi f	d ɑi f	- - - - - d iː f	d iː f	- n ə n _ d iː f	n ə n _ d iː f	- - - - - d iː f	d iː f	- n ə n _ d i f	n ə n _ d i f	- n ə n _ d i f	n ə n _ d i f	- - - n̩ _ d ɑi f	n̩ _ d ɑi f	- n ə n _ d i f	n ə n _ d i f	- - ɛ - _ d iə f	ɛ _ d iə f	- - ə n _ d iː f	ə n _ d iː f	- - ə n _ d iː f	ə n _ d iː f	- n ə n _ d i f	n ə n _ d i f	- - ə - _ d iːə f	ə _ d iːə f	- - - - - d iː f	d iː f	- - - - - d iː f	d iː f	- - - - - d i f	d i f	- - ə - _ d iːə f	ə _ d iːə f	- - ə n _ d i f	ə n _ d i f	- - ə n _ d i f	ə n _ d i f	- - ə n _ d i f	ə n _ d i f	- n ə n _ d eː f	n ə n _ d eː f	- - ə n _ d i f	ə n _ d i f	- - - n̩ _ d ɑi f	n̩ _ d ɑi f	- - ə n _ d iː f	ə n _ d iː f	- - ə n _ d iː f	ə n _ d iː f	- - - - - d ʌi f	d ʌi f	- - ə n _ d i f	ə n _ d i f	- - ə - _ d aɪ f	ə _ d aɪ f	- - ə n _ d i f	ə n _ d i f			- n ə n _ d i f	n ə n _ d i f	- - - - - d i f	d i f	- - - - - d iː f	d iː f	- - - - - d iə f	d iə f	- - - - - d iː f	d iː f	- - ə n _ d iː f	ə n _ d iː f			- - ɛ - _ d iːə f	ɛ _ d iːə f
n_dochter	- - d ɔ ɣ d ə r -	d ɔ ɣ d ə r	- n̩ d ɔ χ t ə r -	n̩ d ɔ χ t ə r	ə n d ɔ x t ə r -	ə n d ɔ x t ə r	- - d ɔ x t ə ʁ -	d ɔ x t ə ʁ	- - d ɔ x t ə ʀ -	d ɔ x t ə ʀ	æ - d ɔ x t ə r -	æ d ɔ x t ə r	- n̩ d ɔ x t ə ɾ -	n̩ d ɔ x t ə ɾ	- - d ɔ x t ə r -	d ɔ x t ə r	- - d ɔ x t ə ɾ -	d ɔ x t ə ɾ	- - d ɔ x t ə r -	d ɔ x t ə r	ə n d ɔ x t ə ɾ -	ə n d ɔ x t ə ɾ	ə n d ɔ x t ə r -	ə n d ɔ x t ə r	ə n d ɔ χ t ə r -	ə n d ɔ χ t ə r	ə n d ɔ x t ə r -	ə n d ɔ x t ə r	ə n d ɔ x t ə r -	ə n d ɔ x t ə r	ə n d ɔ x t ə r -	ə n d ɔ x t ə r	ə n d ɔ x t ə r -	ə n d ɔ x t ə r	- - d ɔ x t ə ʁ -	d ɔ x t ə ʁ	- n d ɔ χ t ə r -	n d ɔ χ t ə r	ɛ ŋ d ɔə - t ə x -	ɛ ŋ d ɔə t ə x	ə - d ɔ xˁ t ə r -	ə d ɔ xˁ t ə r	- n̩ d ɔ x t ə r -	n̩ d ɔ x t ə r	ə - d ɔ xˁ t ə r ə	ə d ɔ xˁ t ə r ə	ə n d ɔ xˁ t ə r -	ə n d ɔ xˁ t ə r	- n̩ d ɑ x t ə r -	n̩ d ɑ x t ə r	- - d ɔ x t ə r -	d ɔ x t ə r	ə n d ɔ x t ə r -	ə n d ɔ x t ə r	- - d ɔ x t ə r -	d ɔ x t ə r	- - d ɔ x t ə r ə	d ɔ x t ə r ə	ə n d ɔ xˁ t ə ʀ -	ə n d ɔ xˁ t ə ʀ	- n̩ d ɔ χ t ə r -	n̩ d ɔ χ t ə r	ə n d o x t ə r ə	ə n d o x t ə r ə	- - d ɔ x t ə r -	d ɔ x t ə r	ə n d ɑ x tʰ ə ɾ -	ə n d ɑ x tʰ ə ɾ	ə n d ɔ x t ə ʀ -	ə n d ɔ x t ə ʀ	ə n d o x t ə r ə	ə n d o x t ə r ə	ə - d ɔ xˁ t ə r -	ə d ɔ xˁ t ə r	ə n d ɔ x t ə ɾ -	ə n d ɔ x t ə ɾ	- - d ɔ x t ə r -	d ɔ x t ə r	- - d ɔ ç t ə r -	d ɔ ç t ə r	ə - d ɔ xˁ t ə r -	ə d ɔ xˁ t ə r	- - d ɔ x t ə ɾ -	d ɔ x t ə ɾ	ə n d ɒ x t ə ɾ -	ə n d ɒ x t ə ɾ	ə n d ɔ x t ə ʀ -	ə n d ɔ x t ə ʀ	ə n d ɔ x t ə r -	ə n d ɔ x t ə r	ə n d ɔ x t ə ɾ -	ə n d ɔ x t ə ɾ	- n̩ d ɔ x t ə r -	n̩ d ɔ x t ə r	ə - d ɒ x t - r̩ -	ə d ɒ x t r̩	ə n d ɔ c t ə r -	ə n d ɔ c t ə r	- - d ɔ x t ə r -	d ɔ x t ə r	ə n d ɔ x t ə r -	ə n d ɔ x t ə r	ə - d ɔ x t ə r -	ə d ɔ x t ə r	ə n d ɔ x t ə - -	ə n d ɔ x t ə	- - d ɔ x t ə r -	d ɔ x t ə r	ə n d o xˁ t ə r ə	ə n d o xˁ t ə r ə	- - d ɔ x t ə r -	d ɔ x t ə r	- - d ɔ x t ə r -	d ɔ x t ə r	- - d ɔ x t ə r -	d ɔ x t ə r	- - d ɔ x t ə r -	d ɔ x t ə r	- n̩ d ɔ χ t ə r -	n̩ d ɔ χ t ə r	ə n d ɔ x t ə ʀ -	ə n d ɔ x t ə ʀ	ɛ - d ɔ xˁ t ə r -	ɛ d ɔ xˁ t ə r
n_gans	ə - - _ ɣ - ɑ - s -	ə _ ɣ ɑ s	- n̩ - _ ʁ - ɑː - s -	n̩ _ ʁ ɑː s	ə - - _ ɣ - aː - s -	ə _ ɣ aː s	ə n - _ ɣ - ɛ n s -	ə n _ ɣ ɛ n s	ə ŋ - _ ɣ - ɑː - s -	ə ŋ _ ɣ ɑː s	ɛ - - _ h - ɑː - s -	ɛ _ h ɑː s	ə - - _ x - ɑ n s -	ə _ x ɑ n s	ɛ - - _ h - ɑː - s -	ɛ _ h ɑː s	- - - - hˁ - ɑ ŋ z ə	hˁ ɑ ŋ z ə	- - - - g - aː - s -	g aː s	ə - - _ ɣ - æː n s -	ə _ ɣ æː n s	ə - - _ ɣ - ɑ n s -	ə _ ɣ ɑ n s	- - - - χ - ɑə n s -	χ ɑə n s	- - - - x - ɑ n s -	x ɑ n s	ə - - _ ħ - ɑ ŋ z ə	ə _ ħ ɑ ŋ z ə	ə - - _ g - ɔː - s -	ə _ g ɔː s	ə ŋ - _ ɣ - ɑ n s -	ə ŋ _ ɣ ɑ n s	ə - - _ ɣ - æə n s -	ə _ ɣ æə n s	- ŋ - _ ɣ - a - s -	ŋ _ ɣ a s	ɛ ŋ - _ j - oːə - s -	ɛ ŋ _ j oːə s	ə - - _ h - ɑː - z ə	ə _ h ɑː z ə	ə n - _ ɣ - ɑ n s -	ə n _ ɣ ɑ n s	ə - - _ h - ɑː - z ə	ə _ h ɑː z ə	ə n - _ h - ɑ n z ə	ə n _ h ɑ n z ə	- n ə _ ɣ - æ n s -	n ə _ ɣ æ n s	- - - - g - ɒː - s -	g ɒː s			- - - - ɣ - ɑː - s -	ɣ ɑː s	ə - - _ h - ɑː n z ə	ə _ h ɑː n z ə	ə n - _ h - ɑ n z ə	ə n _ h ɑ n z ə	- n ə _ χ - ɑ n z ə	n ə _ χ ɑ n z ə	ə n - _ ɣ - ɑ n z ə	ə n _ ɣ ɑ n z ə	ɛ - - _ h - aː - s -	ɛ _ h aː s	ə - - _ x - aː - z ə	ə _ x aː z ə	ə - - _ x - ɑ n s -	ə _ x ɑ n s	ə ŋ - _ h - ɑ n z ə	ə ŋ _ h ɑ n z ə	ə - - _ h - ɑː - z ə	ə _ h ɑː z ə	- - - - x - ɑː - s -	x ɑː s	- - - - g w o - s -	g w o s	ə ŋ - _ x - a n s -	ə ŋ _ x a n s	ə - - _ h - ɑː - z ə	ə _ h ɑː z ə	ə n - _ ɣ - ɑ n s -	ə n _ ɣ ɑ n s	ə - - _ ħ - ɑ - s -	ə _ ħ ɑ s	ə n - _ x - ɑː n s -	ə n _ x ɑː n s	ə n - _ ɣ - ɑu w s -	ə n _ ɣ ɑu w s	ə - - _ ɣ - a n s -	ə _ ɣ a n s	- n̩ - _ ɣ - ɑː - s -	n̩ _ ɣ ɑː s	ə ŋ - _ g - ɒː - s -	ə ŋ _ g ɒː s	ə - - _ x - aː - s ə	ə _ x aː s ə	- - - - x - ʌ n z ə	x ʌ n z ə	ə n - _ x - ɑ n s -	ə n _ x ɑ n s	ə - - _ x - a n z ə	ə _ x a n z ə	ə n - _ ɣ - ɑ n z ə	ə n _ ɣ ɑ n z ə	- - - - ɣ - ɑː - s -	ɣ ɑː s	ə n - _ h - ɑ n z ə	ə n _ h ɑ n z ə	ə - - _ x - ɑː - s -	ə _ x ɑː s	- - - - x - ɑ n s -	x ɑ n s	- - - - g - ɔː - s -	g ɔː s	- - - - g - ɔə - s -	g ɔə s	ə - - _ ɣ - ɑ n s -	ə _ ɣ ɑ n s	ə ŋ - _ ɣ - ɑ n s -	ə ŋ _ ɣ ɑ n s	- - - - h - ɑː - z ə	h ɑː z ə
n_gast	- - ə _ ɣ ɑ s t -	ə _ ɣ ɑ s t	- n̩ - _ χ ɑ s t -	n̩ _ χ ɑ s t	- - ə _ ɣ ɑ s t -	ə _ ɣ ɑ s t	ə n - _ ɣ ɑ s t -	ə n _ ɣ ɑ s t	- n ə _ ɣ ɑ s - -	n ə _ ɣ ɑ s	- - - - h ɑ s t -	h ɑ s t	- - ə _ ɣ ɑ s t -	ə _ ɣ ɑ s t			- - - - ʁ ɑ s tʰ -	ʁ ɑ s tʰ	- - - - g a s t -	g a s t	- - ə _ ɣ a s t -	ə _ ɣ a s t	- - ə _ ɣ ɑ s t -	ə _ ɣ ɑ s t	ə n - _ χ ɑ s t -	ə n _ χ ɑ s t	- - - - x ɑ s t -	x ɑ s t	- - ə _ ħ ɑ s t -	ə _ ħ ɑ s t	ə ŋ - _ g ɔ s t -	ə ŋ _ g ɔ s t	- n ə _ ɣ ɑ s t -	n ə _ ɣ ɑ s t	ə ŋ - _ ɣ ɑə s t -	ə ŋ _ ɣ ɑə s t	- - - - ɣ ɑ s t -	ɣ ɑ s t	ə n ə _ j ɑ s - -	ə n ə _ j ɑ s			ə n - _ x ɑ s tʰ -	ə n _ x ɑ s tʰ			- n ə _ h ɑ s - -	n ə _ h ɑ s	- n ə _ ɣ a s tʰ -	n ə _ ɣ a s tʰ	- - - - ʁ ɔ s t -	ʁ ɔ s t	- n ə _ ɣ ɑ s t -	n ə _ ɣ ɑ s t	- - - - ɣ ɔ s t -	ɣ ɔ s t	- n ə _ h ɑ s t -	n ə _ h ɑ s t	- n ə _ h ɑ s t -	n ə _ h ɑ s t	- n̩ - _ ʁ ɑ s t -	n̩ _ ʁ ɑ s t	- n ə _ h ɑ s t -	n ə _ h ɑ s t			- - ə _ x aː s tʰ -	ə _ x aː s tʰ	- - ə _ x ɑ s t -	ə _ x ɑ s t	- n ə _ h ɑ s t -	n ə _ h ɑ s t	- n ə _ h ɑ s t -	n ə _ h ɑ s t	- - - - x ɑ s t -	x ɑ s t	- - - - g ɔ s t -	g ɔ s t	- - - - x a s t -	x a s t			ə n - _ ɣ ʌ s t -	ə n _ ɣ ʌ s t	- - ə _ ɣ ɑ s t -	ə _ ɣ ɑ s t	ə n - _ x ɑ s t -	ə n _ x ɑ s t	ə n ə _ ɣ ɑ s t -	ə n ə _ ɣ ɑ s t	- - ə _ ɣ a s t -	ə _ ɣ a s t	- n̩ - _ ɣ ɑ s t -	n̩ _ ɣ ɑ s t	ə ŋ - _ g ɒ s t -	ə ŋ _ g ɒ s t	- - ə _ x a s t ə	ə _ x a s t ə	- - - - x ʌ s tʰ -	x ʌ s tʰ	ə n - _ x ɑ s t -	ə n _ x ɑ s t	ai n - _ ç a s t -	ai n _ ç a s t	ə n - _ ɣ ɑ s t -	ə n _ ɣ ɑ s t	- - - - ɣ ɑ s t -	ɣ ɑ s t	- n ə _ h ɑ s t -	n ə _ h ɑ s t	- - - - x ɑ s t -	x ɑ s t	- - - - x ɒ s t -	x ɒ s t	- - - - g ɑ s t -	g ɑ s t	- - - - g ɔ s t -	g ɔ s t	- ʔ ə _ ɣ ɑ s - -	ʔ ə _ ɣ ɑ s	ə n ə _ ɣ a s - -	ə n ə _ ɣ a s		
n_glas	ə - _ ɣ - ɫ ɑ s	ə _ ɣ ɫ ɑ s	- n̩ _ χ - l ɑː s	n̩ _ χ l ɑː s	ə - _ ɣ - l ɑ s	ə _ ɣ l ɑ s	ə - _ ɣ - l æ s	ə _ ɣ l æ s	ə - _ ɣ - l ɔː s	ə _ ɣ l ɔː s	ɛ - _ h - l ɑ s	ɛ _ h l ɑ s	ə - _ ɣ - l ɑ s	ə _ ɣ l ɑ s	- - - h - l ɑ s	h l ɑ s	- - - ɣ - ɫ ɑ s	ɣ ɫ ɑ s	- - - g - l a s	g l a s	ə - _ ɣ - l æ s	ə _ ɣ l æ s	ə n _ x - l ɑ s	ə n _ x l ɑ s	ə ŋ _ χ - ɫ ɑ s	ə ŋ _ χ ɫ ɑ s	- - - x - ɫ ɑ ʃ	x ɫ ɑ ʃ	ə - _ ħ - ɫ ɑ s	ə _ ħ ɫ ɑ s	ə ŋ _ g - l ɛə s	ə ŋ _ g l ɛə s	ə - _ ɣ - l ɑ s	ə _ ɣ l ɑ s	ə ŋ _ ɣ - l ɑ s	ə ŋ _ ɣ l ɑ s	- ŋ _ ɣ - l ɑ s	ŋ _ ɣ l ɑ s	ə - _ j - l aː s	ə _ j l aː s	ə - _ h - l ɑ s	ə _ h l ɑ s	ə n _ x - l ɑ s	ə n _ x l ɑ s	ə - _ h - l ɑ s	ə _ h l ɑ s	ə n _ h - l ɑ s	ə n _ h l ɑ s	- n̩ _ ħ - l æː s	n̩ _ ħ l æː s	- - - ɣ ə l ɛi s	ɣ ə l ɛi s	ə - _ ɣ - l ɑ s	ə _ ɣ l ɑ s	- - - ɣ - l ɔ s	ɣ l ɔ s	ə - _ h - l ɑ s	ə _ h l ɑ s	ə n _ h - l ɑ s	ə n _ h l ɑ s	- n̩ _ ʁ - l ɑ s	n̩ _ ʁ l ɑ s	ə - _ ɣ - l oə s	ə _ ɣ l oə s	ɛ - _ h - l ɑ s	ɛ _ h l ɑ s	ə - _ x - l ɑ s	ə _ x l ɑ s	- - - x - l ɑ s	x l ɑ s	ə n _ h - l oə s	ə n _ h l oə s	ə - _ h - l ɑ s	ə _ h l ɑ s	- - - x - l ɛiː s	x l ɛiː s	- - - ɣ - l ɛː s	ɣ l ɛː s	- - - x - ɫ ɑ s	x ɫ ɑ s	ə - _ h - l ɑ s	ə _ h l ɑ s	ə n _ ɣ - l ɑ s	ə n _ ɣ l ɑ s	ə - _ ɣ - ɫ ɑ z	ə _ ɣ ɫ ɑ z	ə n _ x - ɫ ɑ s	ə n _ x ɫ ɑ s	ə - _ ɣ - l aː s	ə _ ɣ l aː s	ə - _ ɣ - l a s	ə _ ɣ l a s	- n̩ _ ɣ - l ɑː s	n̩ _ ɣ l ɑː s	ə ŋ _ g - l ɛː s	ə ŋ _ g l ɛː s	ə - _ x - l a s	ə _ x l a s	- - - x - l ʌ s	x l ʌ s	ə ŋ _ x - l ɑ s	ə ŋ _ x l ɑ s	ə - _ x - l a s	ə _ x l a s	ə n _ ɣ - l ɑ s	ə n _ ɣ l ɑ s	- - - ɣ - l ɑː s	ɣ l ɑː s	ə n _ h - l oə s	ə n _ h l oə s	ə - _ x - ɫ ɑ s	ə _ x ɫ ɑ s	- - - x - l ɛi s	x l ɛi s	- - - ɣ - ɫ ɛː s	ɣ ɫ ɛː s	- - - g - l ɛː s	g l ɛː s	- - - x - l ɑ s	x l ɑ s	ə - _ ɣ - l oːɔ s	ə _ ɣ l oːɔ s	ɛ - _ h - l ɑ s	ɛ _ h l ɑ s
n_kalf	- - - k ɑ ɫ ə f	k ɑ ɫ ə f	- ŋ̩ _ k ɑː l - f	ŋ̩ _ k ɑː l f	ə ŋ _ k ɑ ɫ ə f	ə ŋ _ k ɑ ɫ ə f	ə n _ k ɑ l ə f	ə n _ k ɑ l ə f	ə - _ k ɑː - - f	ə _ k ɑː f	- - - k ɑ l - f	k ɑ l f	- ŋ̩ _ k ɑ l ə f	ŋ̩ _ k ɑ l ə f	- - - k ɑ l - f	k ɑ l f	ə ŋ _ k ɑ ɫ ə f	ə ŋ _ k ɑ ɫ ə f	- - - kʰ a l - f	kʰ a l f	ə ŋ _ k ɑ l ə f	ə ŋ _ k ɑ l ə f	ə ŋ _ k ɑ ɫ ə f	ə ŋ _ k ɑ ɫ ə f	ə ŋ _ k ɔ l ə f	ə ŋ _ k ɔ l ə f	ə ŋ _ k a ɫ ə f	ə ŋ _ k a ɫ ə f	ə ŋ _ k ɔ ɫ ə f	ə ŋ _ k ɔ ɫ ə f	ə ŋ _ k ɪə l - -	ə ŋ _ k ɪə l	- - - k ɑ l ə f	k ɑ l ə f	- - - k ɑ l ə f	k ɑ l ə f	- ŋ _ k ɒː - - f	ŋ _ k ɒː f	ə - _ k ɔː - - f	ə _ k ɔː f	ə - _ k ɑ l - f	ə _ k ɑ l f	ə ŋ _ k ɑ ɫ ə f	ə ŋ _ k ɑ ɫ ə f	ə ŋ _ k ɔː w - f	ə ŋ _ k ɔː w f	ə ŋ _ k ɔ l - f	ə ŋ _ k ɔ l f	- n̩ _ k ɑː - - f	n̩ _ k ɑː f	- - - k ɪə ɫ - -	k ɪə ɫ			- - - k ɔ l ə f	k ɔ l ə f	ə ŋ _ k o l - f	ə ŋ _ k o l f	ə ŋ _ k ɔ l - f	ə ŋ _ k ɔ l f	- n̩ _ k ɑː l - f	n̩ _ k ɑː l f	ə ŋ _ k ɑ l - f	ə ŋ _ k ɑ l f	- - - k ɑ l - f	k ɑ l f	ə ŋ _ k ɑ ɫ ə f	ə ŋ _ k ɑ ɫ ə f	ə ŋ _ k ɑ ɫ ə f	ə ŋ _ k ɑ ɫ ə f	ə ŋ _ k ɑ l - f	ə ŋ _ k ɑ l f	ə - _ k ɔ ɫ - f	ə _ k ɔ ɫ f	- - - k ɪ l - -	k ɪ l	- - - k ɪə l - -	k ɪə l	ə ŋ _ k ɑ ɫ ə f	ə ŋ _ k ɑ ɫ ə f	ə - _ k ɔ w - f	ə _ k ɔ w f	ə n _ k ɑ l ə f	ə n _ k ɑ l ə f	- - - k ɑ ɫ ə f	k ɑ ɫ ə f	ə ŋ _ k ɑ l ə f	ə ŋ _ k ɑ l ə f	ə - _ k ɑː w - f	ə _ k ɑː w f	- ŋ̩ _ k ɑ ɫ ə f	ŋ̩ _ k ɑ ɫ ə f	- ŋ̩ _ k ɑː l - f	ŋ̩ _ k ɑː l f	ə ŋ _ k ɪə l - -	ə ŋ _ k ɪə l	- - - k a l ə f	k a l ə f	- - - k ɔː - - f	k ɔː f	ə ŋ _ k ɑ l ə f	ə ŋ _ k ɑ l ə f	ə - _ k aː l - f	ə _ k aː l f	ə ŋ _ k ɑ l ə f	ə ŋ _ k ɑ l ə f	- - - k ɑ l ə f	k ɑ l ə f	ə ŋ _ k ɑ l - f	ə ŋ _ k ɑ l f	- - - k ɑ ɫ ə f	k ɑ ɫ ə f			- - - k ɪːə l - -	k ɪːə l	- - - k a ɫ - f	k a ɫ f	ə ŋ _ k ɑ ɫ ə f	ə ŋ _ k ɑ ɫ ə f	ə - _ k ɔː - - f	ə _ k ɔː f	ɛ - _ k a - - f	ɛ _ k a f
n_kat	- - ŋ̩ _ k ɑ t -	ŋ̩ _ k ɑ t	- - ŋ̩ _ k ɑ t -	ŋ̩ _ k ɑ t	- ə ŋ _ k ɑ t -	ə ŋ _ k ɑ t	- - - - k æ t -	k æ t	- - - - k ɑ t -	k ɑ t	- ɛ - _ k ɑ t ə	ɛ _ k ɑ t ə	- - ŋ̩ _ k ɑ t -	ŋ̩ _ k ɑ t	- - - - k ɑ t -	k ɑ t	- ə ŋ _ k ɒ t ə	ə ŋ _ k ɒ t ə	- - - - kʰ a t -	kʰ a t	- ə ŋ _ k æ t -	ə ŋ _ k æ t	- ə ŋ _ k ɑ t -	ə ŋ _ k ɑ t	- ə ŋ _ k ɔ t -	ə ŋ _ k ɔ t	- - - - k ɑ t -	k ɑ t	- ə ŋ _ k ɑ t ə	ə ŋ _ k ɑ t ə	- ə ŋ _ k ɔ t -	ə ŋ _ k ɔ t	- - - - k ɑ t -	k ɑ t	- - - - k ɑ t -	k ɑ t	- - ŋ _ k ʌ t -	ŋ _ k ʌ t	- ə ŋ _ k ɑ ʦ -	ə ŋ _ k ɑ ʦ	- ə - _ k ɑ t ə	ə _ k ɑ t ə	- ə ŋ _ k ɑ tʰ -	ə ŋ _ k ɑ tʰ	- ə ŋ _ k ɑ t ə	ə ŋ _ k ɑ t ə	- ə ŋ _ k ɑ t ə	ə ŋ _ k ɑ t ə	- - ŋ̩ _ k æ tʰ -	ŋ̩ _ k æ tʰ	- - - - k ɒ t -	k ɒ t	- ə ŋ _ k ɑ t -	ə ŋ _ k ɑ t	- - - - k ɔ t -	k ɔ t	- ə ŋ _ k ɑ t ə	ə ŋ _ k ɑ t ə	- ə ŋ _ k ɑ t ə	ə ŋ _ k ɑ t ə	n̩ - - _ k ɑ ɾ ə	n̩ _ k ɑ ɾ ə	- ə ŋ _ k ɑ d ə	ə ŋ _ k ɑ d ə	- ɛ - _ k ɑ t ə	ɛ _ k ɑ t ə	- ə ŋ _ k ɑ tʰ ə	ə ŋ _ k ɑ tʰ ə	- ə n _ k ɑ t -	ə n _ k ɑ t	- ə ŋ _ k ɑ d ə	ə ŋ _ k ɑ d ə	- ə - _ k ɑ t ə	ə _ k ɑ t ə	- ə n _ k ɔ t -	ə n _ k ɔ t	- - - - k ɒ t -	k ɒ t	- - - - k a t -	k a t	- ə - _ k ɑ t ə	ə _ k ɑ t ə	- ə n _ k ɑ tʰ -	ə n _ k ɑ tʰ	- ə ŋ _ k ɑ tʰ -	ə ŋ _ k ɑ tʰ	- ə ŋ _ k ɑ t -	ə ŋ _ k ɑ t	- ə ŋ _ k ɑ t -	ə ŋ _ k ɑ t	- - ŋ̩ _ k a tʰ -	ŋ̩ _ k a tʰ	- - n̩ _ k ɑ tʰ -	n̩ _ k ɑ tʰ	- ə ŋ _ k ɒ t -	ə ŋ _ k ɒ t	- ə ŋ _ k a t ə	ə ŋ _ k a t ə	- - - - k ʌ d ə	k ʌ d ə	- ə ŋ _ k ɑ tʰ -	ə ŋ _ k ɑ tʰ	- ə - _ k a d ə	ə _ k a d ə	- ə ŋ _ k ɑ tʰ ə	ə ŋ _ k ɑ tʰ ə	- - - - k ɑ t -	k ɑ t	- ə ŋ _ k ɑ t ə	ə ŋ _ k ɑ t ə	- - - - k ɑ t -	k ɑ t	- - - - k ɒ t -	k ɒ t	- - - - kʰ ɒ t -	kʰ ɒ t	- - - - k ɔ t -	k ɔ t	- ə ŋ _ k a t -	ə ŋ _ k a t	- ə ŋ _ k ɑ t -	ə ŋ _ k ɑ t	- - - - k ɑ t ə	k ɑ t ə
n_roos	ə - - _ ɾ oː s -	ə _ ɾ oː s	- n̩ - _ r ou s -	n̩ _ r ou s	ə - - _ r oː s -	ə _ r oː s	- - - - ʁ o s -	ʁ o s	ə n - _ ʀ ɵːɔ s -	ə n _ ʀ ɵːɔ s	- - - - r oə z ə	r oə z ə	ə - - _ ɾ oː s -	ə _ ɾ oː s	- - - - r oə z ə	r oə z ə	- - - - r ou z ə	r ou z ə	- - - - r oː s -	r oː s	- - - - ɾ oː s -	ɾ oː s	ə - - _ r ɔ s -	ə _ r ɔ s	ə n - _ ɾ ou s -	ə n _ ɾ ou s	ə n - _ r oːu s -	ə n _ r oːu s	ə - - _ ɾ ou z ə	ə _ ɾ ou z ə	- - - - r ʊə s -	r ʊə s	ə n - _ r uːɔ s -	ə n _ r uːɔ s	ə - - _ ʀ ou s -	ə _ ʀ ou s	- - - - r ou s -	r ou s	ɛ ŋ - _ ʁ uə s -	ɛ ŋ _ ʁ uə s	ə - - _ r oə z ə	ə _ r oə z ə	ə - - _ r oː s -	ə _ r oː s	ə - - _ r uːɔ z ə	ə _ r uːɔ z ə	ə - - _ r uə z ə	ə _ r uə z ə	- n ə _ r ou s -	n ə _ r ou s	- - - - r oə s -	r oə s	ə n - _ r uːɔ s -	ə n _ r uːɔ s	- - - - r oə s -	r oə s	ə - - _ r uə z ə	ə _ r uə z ə	ə n - _ ʀ uə z ə	ə n _ ʀ uə z ə	- n̩ - _ r ou z ə	n̩ _ r ou z ə	ə - - _ r yə z ə	ə _ r yə z ə	ɛ - - _ r oə z ə	ɛ _ r oə z ə	ə - - _ r oː z ə	ə _ r oː z ə	- - - - ʀ oː s -	ʀ oː s	ə n - _ r yːə z ə	ə n _ r yːə z ə	ə - - _ r oː z ə	ə _ r oː z ə	- - - - ɾ ɔːə s -	ɾ ɔːə s	- - - - r oə s -	r oə s	ə n - _ r ou s -	ə n _ r ou s	ə - - _ r oə z ə	ə _ r oə z ə	ə n - _ ɾ oɔ s -	ə n _ ɾ oɔ s	ə - - _ ɾ oː s -	ə _ ɾ oː s	ə n - _ ʀ ou s -	ə n _ ʀ ou s	ə - - _ r oə s -	ə _ r oə s	ə - - _ ɾ oː z ə	ə _ ɾ oː z ə	- n̩ - _ r ou s -	n̩ _ r ou s	- - - - r ʊə s -	r ʊə s	- - - - r oː s -	r oː s	- - - - r o s -	r o s	ə n - _ r oː s -	ə n _ r oː s	ə n - _ r oːu z ə	ə n _ r oːu z ə	ə n - _ r o s -	ə n _ r o s	- - - - r uu s -	r uu s	ə - - _ r uə z ə	ə _ r uə z ə	ə - - _ r ou s -	ə _ r ou s	- - - - r oə s -	r oə s	- - - - r oə s -	r oə s	- - - - r oə s -	r oə s	ə - - _ r oː s -	ə _ r oː s	ə n - _ ʀ yː s -	ə n _ ʀ yː s	ə - - _ r uɔ z ə	ə _ r uɔ z ə
n_stapel	- - ə - _ s t a p ʊ - -	ə _ s t a p ʊ	- - - n̩ _ s t ɔː p - ɫ̩ -	n̩ _ s t ɔː p ɫ̩	- - ə - _ s t ɒ p ə l -	ə _ s t ɒ p ə l	- - - - - s t ɒ p ɔ l -	s t ɒ p ɔ l					- - ə - _ s t ɒː p ə ɫ -	ə _ s t ɒː p ə ɫ			- - ə - _ s t ɛː p ə l -	ə _ s t ɛː p ə l	- - - - - s t aː p ə l -	s t aː p ə l	- - - - - sʲ t ɑ p ə l -	sʲ t ɑ p ə l	- - ə - _ s t a p ɔ h -	ə _ s t a p ɔ h	- - ə n _ s t a p ɔ ɫ -	ə n _ s t a p ɔ ɫ	- - ə n _ s t aːə p ə ɫ -	ə n _ s t aːə p ə ɫ	- - ə - _ s t ɛ p ə ɫ -	ə _ s t ɛ p ə ɫ	- - ə - _ s t ɑː p ə ɫ -	ə _ s t ɑː p ə ɫ	- - - - - s t ɑː p ə l -	s t ɑː p ə l	- - - - - s t ɑ p ə l -	s t ɑ p ə l	- - - - - s t o p - l̩ -	s t o p l̩	ɛ n ə - _ ʃ t aː b ə l -	ɛ n ə _ ʃ t aː b ə l	- - ə - _ s t ɔː p ə l -	ə _ s t ɔː p ə l	- - - n̩ _ s t a p ɔ ɫ -	n̩ _ s t a p ɔ ɫ	- n ə - _ s t ɔː p ə l ə	n ə _ s t ɔː p ə l ə	- n ə - _ s t ɔː p ə l -	n ə _ s t ɔː p ə l	- - - - - s t ɔːɔ p ə ɫ -	s t ɔːɔ p ə ɫ	- - - - - s t aː b ə ɫ -	s t aː b ə ɫ	- n ə - _ s t ɔː p ə l -	n ə _ s t ɔː p ə l	- - - - - s t aː p ə l -	s t aː p ə l			- n ə - _ s t ɔ p ə l -	n ə _ s t ɔ p ə l	- - - n̩ _ s t ɔː p - l̩ -	n̩ _ s t ɔː p l̩	- n ə - _ s t ɔ b ə l -	n ə _ s t ɔ b ə l			- - ə - _ s t ɛː p ə l -	ə _ s t ɛː p ə l	- - - - - s t ɒː p ə l -	s t ɒː p ə l	- n ə - _ s t o b ə l ə	n ə _ s t o b ə l ə			- - ə n _ s t aː p ə l -	ə n _ s t aː p ə l	- - - - - s t aː p ə l -	s t aː p ə l	- - - - - s t aːə p ə ɫ -	s t aːə p ə ɫ	- - - - - s t ɔ p ə l -	s t ɔ p ə l	- - ə n _ s t a p ə l -	ə n _ s t a p ə l	- - ə - _ s t aː p ɔ ɫ -	ə _ s t aː p ɔ ɫ	- - ə n _ s t eːi p - l̩ -	ə n _ s t eːi p l̩			- - ə - _ s t aː b ɔ ɫ -	ə _ s t aː b ɔ ɫ	- - - n̩ _ s t oː p - l̩ -	n̩ _ s t oː p l̩	- - ə - _ s t ɑː p - ɫ̩ -	ə _ s t ɑː p ɫ̩	- - ə - _ s t æː p ə l -	ə _ s t æː p ə l	- - - - - s t oː p ə l -	s t oː p ə l	- - ə n _ s t aː p ɔ l -	ə n _ s t aː p ɔ l	- - ə - _ s t ɔː p ə l -	ə _ s t ɔː p ə l	- - ə n _ s tʰ a p ɔ l -	ə n _ s tʰ a p ɔ l	- - - - - s t ɑː p ə l -	s t ɑː p ə l	- n ə - _ s t ɔ p - l ə	n ə _ s t ɔ p l ə	- - - - - s t aː p ə ɫ -	s t aː p ə ɫ	- - - - - s t aː p ə ɫ -	s t aː p ə ɫ	- - - - - s t aː p ə ɫ -	s t aː p ə ɫ	- - - - - s t aː p ə l -	s t aː p ə l	- - ə - _ s t ɑ p - l̩ -	ə _ s t ɑ p l̩	ə n ə - _ s t oː p ə l -	ə n ə _ s t oː p ə l		
n_wijf	- - - w ɒi - f	w ɒi f	- n̩ _ ʋ iː - f	n̩ _ ʋ iː f	ə - _ ʋ ʌ j f	ə _ ʋ ʌ j f	ə n _ ʋ ɑi - f	ə n _ ʋ ɑi f	ə - _ w ei - f	ə _ w ei f	ə - _ w y - f	ə _ w y f	ə - _ ʋ ɪ - f	ə _ ʋ ɪ f			ə - _ ʋ y - f	ə _ ʋ y f	- - - ʋ i - f	ʋ i f	- - - ʋ ɑi - f	ʋ ɑi f	ə - _ ʋ ɔɪ - f	ə _ ʋ ɔɪ f	ə n _ ʋ ɛi - f	ə n _ ʋ ɛi f	ə n _ ʋ ɛi - f	ə n _ ʋ ɛi f	ə - _ ʋ y - f	ə _ ʋ y f	- - - ʋ iː - f	ʋ iː f	ə - _ w ɑːi - f	ə _ w ɑːi f	ə n _ w ɑi - f	ə n _ w ɑi f	- - - ʋ i - f	ʋ i f	ə - _ w iː - f	ə _ w iː f	ə - _ w y - f	ə _ w y f	ə - _ ʋ ɑi - f	ə _ ʋ ɑi f	ə - _ w y - f	ə _ w y f	ə n _ w y - f	ə n _ w y f	- n̩ _ ʋ i - f	n̩ _ ʋ i f	- - - ʋ iː - f	ʋ iː f	ə - _ w ɑːi - f	ə _ w ɑːi f	- - - ʋ i - f	ʋ i f	ə - _ w y - f	ə _ w y f	ə - _ w y - f	ə _ w y f	- n̩ _ ʋ i - f	n̩ _ ʋ i f	ə - _ w ɛː - f	ə _ w ɛː f	ə - _ w y - f	ə _ w y f	ə - _ ʋ i - f	ə _ ʋ i f	ə - _ ʋ i - f	ə _ ʋ i f	ə n _ w ɛ - f	ə n _ w ɛ f	ə - _ w y - f	ə _ w y f	ə n _ ʋ iː - f	ə n _ ʋ iː f	- - - ʋ i - f	ʋ i f	ə n _ ʋ ɛi - f	ə n _ ʋ ɛi f	ə - _ w y - f	ə _ w y f	ə n _ ʋ i - f	ə n _ ʋ i f	ə - _ w ɑi - f	ə _ w ɑi f	ə n _ ʋ ɛːə - f	ə n _ ʋ ɛːə f	ə - _ w iː - f	ə _ w iː f	ə - _ ʋ i - f	ə _ ʋ i f	- n̩ _ ʋ iː - f	n̩ _ ʋ iː f	ə - _ ʋ iə - f	ə _ ʋ iə f	ə - _ ʋ i - f	ə _ ʋ i f	- - - ʋ i - f	ʋ i f	ə n _ ʋ i - f	ə n _ ʋ i f	ə n _ ʋ i - f	ə n _ ʋ i f	ə n _ ʋ i - f	ə n _ ʋ i f	- - - w ɛː - f	w ɛː f	ə n _ w ɛi - f	ə n _ w ɛi f	- - - ʋ ɛi - f	ʋ ɛi f	- - - ʋ iː - f	ʋ iː f	- - - ʋ iː - f	ʋ iː f	- - - ʋ iː - f	ʋ iː f	ə - _ ʋ i - f	ə _ ʋ i f	ə - _ w ii - f	ə _ w ii f	ɛ - _ w y - f	ɛ _ w y f
regen	ɾ ei ɣ ə n - - - - -	ɾ ei ɣ ə n	r e g - ŋ̩ - - - - -	r e g ŋ̩	r eː ɣ ə n - - - - -	r eː ɣ ə n	ʁ ei ɣ ə n - - - - -	ʁ ei ɣ ə n	ʀ e - - ŋ - - - e ʀ	ʀ e ŋ e ʀ	r e - - n - - - - -	r e n	ɾ ɪː ɣ ə n - - - - -	ɾ ɪː ɣ ə n	r e - - n - - - - -	r e n	r ei h ə n - - - - -	r ei h ə n	r eː ɣ ə n - - - - -	r eː ɣ ə n	r ɛ ɣ ə n - - - - -	r ɛ ɣ ə n	r e ɣ ə n - - - - -	r e ɣ ə n	r ei χ ə - - - - - -	r ei χ ə	r eːi ɣ ə n - - - - -	r eːi ɣ ə n	r ei ħ ə n - - - - -	r ei ħ ə n	r æi - - n - - - - -	r æi n	r ɛː ɣ ə - - - - - -	r ɛː ɣ ə	ʀ ɛ ɣ ə n - - - - -	ʀ ɛ ɣ ə n	r e g - ŋ̩ - - - - -	r e g ŋ̩	ʀ ɪə - - n - - - - -	ʀ ɪə n	r eː h ə - - - - - -	r eː h ə	r e ɣ ə n - - - - -	r e ɣ ə n	r eː h - n̩ - - - - -	r eː h n̩	r eː h ə n - - - - -	r eː h ə n	r ei g - ŋ̩ - - - - -	r ei g ŋ̩	ɾ ɛi - - n - - - - -	ɾ ɛi n	r eː ɣ ə n - - - - -	r eː ɣ ə n	r eː ɣ ə n - - - - -	r eː ɣ ə n	r e - - n - - - - -	r e n	ʀ e h - n̩ - - - - -	ʀ e h n̩	r e g - ŋ̩ - - - - -	r e g ŋ̩	r eːə - - n - - - - -	r eːə n	r e - - n - - - - -	r e n	r eː g - ŋ̩ - - - - -	r eː g ŋ̩	ʀ eː ɣ ə n - - - - -	ʀ eː ɣ ə n	r eə - - n - - - - -	r eə n	r eː h ə - - - - - -	r eː h ə	ɾ ɛiː - - n - - - - -	ɾ ɛiː n	r æi - - n - - - - -	r æi n	r eːi ɣ ə - - - - - -	r eːi ɣ ə	r eː h ə - - - - - -	r eː h ə	ɾ eə ɣ ə n - - - - -	ɾ eə ɣ ə n	ɾ ei ɣ ə n - - - - -	ɾ ei ɣ ə n	ʀ eːi ɣ ə n - - - - -	ʀ eːi ɣ ə n	r ɪə ɣ ə - - - - - -	r ɪə ɣ ə	r ɛː ɣ ə n - - - - -	r ɛː ɣ ə n	r e g - ŋ̩ - - - - -	r e g ŋ̩	r ɑi - - n - - - - -	r ɑi n	r eː g - ŋ̩ - - - - -	r eː g ŋ̩	r e g - ŋ̩ - - - - -	r e g ŋ̩	r ɛː ɣ ə n - - - - -	r ɛː ɣ ə n	r e g - ŋ̩ - - - - -	r e g ŋ̩	r ɛ ɣ - n̩ - - - - -	r ɛ ɣ n̩	r eːə ɣ ə - - - - - -	r eːə ɣ ə	r eːə - - n - - - - -	r eːə n	r ei ɣ ə n - - - - -	r ei ɣ ə n	r ɛi - - n w ɛ t ə r	r ɛi n w ɛ t ə r	r ɛi - - n - - - - -	r ɛi n	r ɛi - - n - - - - -	r ɛi n	r ɛː ɣ ə - - - - - -	r ɛː ɣ ə	ʀ ɛː g ə n - - - - -	ʀ ɛː g ə n	r eː h - n̩ - - - - -	r eː h n̩
spelen	s p ɵ ɫ - ə -	s p ɵ ɫ ə	s p ø ɫ - - n̩	s p ø ɫ n̩	s p eː l - ə -	s p eː l ə	s p ø l - ə -	s p ø l ə	s p iə l - ə -	s p iə l ə	s p eː l - ə -	s p eː l ə	s p øː l - ə -	s p øː l ə	s p eː l - ə -	s p eː l ə	s p ei l - ə -	s p ei l ə	s p øː l - ə -	s p øː l ə	s p øː ɫ - ə -	s p øː ɫ ə	s p œ ɫ - ə -	s p œ ɫ ə	s p øy l - ə -	s p øy l ə	s p eːi ɫ - ə -	s p eːi ɫ ə	s p ei l - ɪ -	s p ei l ɪ	s p i l j ə -	s p i l j ə	s p eː l - ə -	s p eː l ə	s p øə l - ə -	s p øə l ə	s p øy ɫ - - n̩	s p øy ɫ n̩	ʃ p iː l - ə -	ʃ p iː l ə	s p eː l̩ː - - -	s p eː l̩ː	s p ɵː ɫ - ə -	s p ɵː ɫ ə	s p eː l̩ː - - -	s p eː l̩ː	s p eː l - ə n	s p eː l ə n	s p øy l - - n̩	s p øy l n̩	s p i l j ə -	s p i l j ə	s p eːi l - ə -	s p eːi l ə	s p øː l - ə -	s p øː l ə	s p eː l̩ː - - -	s p eː l̩ː	s p e l̩ː - - -	s p e l̩ː	s p ø l - - n̩	s p ø l n̩	s p e l̩ː - - -	s p e l̩ː	s p eː l - ə -	s p eː l ə	s p øː l d - n̩	s p øː l d n̩	s p ø l - ə -	s p ø l ə	s p e l̩ː - - -	s p e l̩ː	s p eː ɫ̩ː - - -	s p eː ɫ̩ː	s p i ʎ - ə -	s p i ʎ ə	s p i l - iə -	s p i l iə	s p eːi ɫ - ə -	s p eːi ɫ ə	s p eː l̩ː - - -	s p eː l̩ː	s p ø l - ə -	s p ø l ə	s p øː ɫ - ə -	s p øː ɫ ə	s p øːə ɫ - ə -	s p øːə ɫ ə	ʃ p eː l - ə -	ʃ p eː l ə	s p œ ɫ - - n̩ː	s p œ ɫ n̩ː	s p øy l - - n̩	s p øy l n̩	s p i l j ɵ -	s p i l j ɵ	s p øː l - - -	s p øː l	s p ø l - - n̩	s p ø l n̩	s p œ l - ə n	s p œ l ə n	s p øːə ɫ - - n̩	s p øːə ɫ n̩	s p ɵ l - - n̩	s p ɵ l n̩	s p eːi l - ə -	s p eːi l ə	s p ø l̩ː - - -	s p ø l̩ː	s p ei ɫ - ə -	s p ei ɫ ə	s p i l j ə -	s p i l j ə	s p i l j ə -	s p i l j ə	s p i l j ə -	s p i l j ə	s p ʌ l - ə -	s p ʌ l ə	s p iːə l - ə -	s p iːə l ə	s p eː l̩ː - - -	s p eː l̩ː
tam	t ɑ m	t ɑ m	t ɑ m	t ɑ m	t ɑ m	t ɑ m	t ɛ m	t ɛ m	t ɔː m	t ɔː m			t ɑ m	t ɑ m	t æ m	t æ m	t ɑ m	t ɑ m	tʰ a m	tʰ a m	t æ m	t æ m	t ɑ m	t ɑ m	t ɑ m	t ɑ m	t a m	t a m	t ɑ m	t ɑ m	t a m	t a m	t ɑ m	t ɑ m	t æ m	t æ m	t ʌ m	t ʌ m	ʦ aː m	ʦ aː m	t æ m	t æ m	t ɑ m	t ɑ m	t æ m	t æ m	t ɑ m	t ɑ m	tʰ æ m	tʰ æ m	t a m	t a m	t ɑ m	t ɑ m			t æ m	t æ m	t ɑ m	t ɑ m			t æ m	t æ m	t ɑ m	t ɑ m			t ɑ m	t ɑ m	t æ m	t æ m	t æ m	t æ m			t a m	t a m	t a m	t a m	t æ m	t æ m	t ɑ m	t ɑ m	t ɑ m	t ɑ m	t ɑ m	t ɑ m	t a m	t a m	t ɑ m	t ɑ m	t ɑ m	t ɑ m	t ɑ m	t ɑ m	t a m	t a m	t ʌ m	t ʌ m	tʰ ɑ m	tʰ ɑ m	tʰ a m	tʰ a m	tʰ ɑ m	tʰ ɑ m	t ɑ m	t ɑ m	t æ m	t æ m	t ɑ m	t ɑ m	t a m	t a m	tʰ a m	tʰ a m	t a m	t a m	t ɑ m	t ɑ m	t oːɔ m	t oːɔ m	t ɛ m	t ɛ m
twaalf	t w ɑ ɫ ə v - -	t w ɑ ɫ ə v	t ʋ ɑː l - f - -	t ʋ ɑː l f	t ʋ ɒ l ə f - -	t ʋ ɒ l ə f	t - uɒ l ə f - -	t uɒ l ə f	t w æ l ə f - -	t w æ l ə f	t w ɔ l - v ə -	t w ɔ l v ə	t ʋ ɒː l ə f - -	t ʋ ɒː l ə f	t w ɔ l - v ə -	t w ɔ l v ə	t w ɑ ɫ ə v ə -	t w ɑ ɫ ə v ə	tʰ ʋ aː l ə f - -	tʰ ʋ aː l ə f	t ʋ ɑ l ə f - -	t ʋ ɑ l ə f	t ʋ a ɫ ə f - -	t ʋ a ɫ ə f	t ʋ a l ə f - -	t ʋ a l ə f	t ʋ aːə ɫ ə f - -	t ʋ aːə ɫ ə f	t ʋ ɔ ɫ ə v ə -	t ʋ ɔ ɫ ə v ə	t - ʊ l - v ə -	t ʊ l v ə	t w æ l ə f - -	t w æ l ə f	t w ɒ l ə f - -	t w ɒ l ə f	t ʋ ɒə - - f - -	t ʋ ɒə f	ʦ ʋ ɛ l ə f - -	ʦ ʋ ɛ l ə f	t w ɔː l - v ə -	t w ɔː l v ə	t ʋ a ɫ ə f - -	t ʋ a ɫ ə f	t w ɔː l - v ə -	t w ɔː l v ə	t w ɔː - - v ə -	t w ɔː v ə	tʰ ʋ aː ɫ - f - -	tʰ ʋ aː ɫ f	t - oə l ə f - -	t oə l ə f	t w œ l ə f - -	t w œ l ə f	t ʋ a l ə f - -	t ʋ a l ə f	t w ɔ l - v ə -	t w ɔ l v ə	t w o l - v ə -	t w o l v ə	t ʋ ɑ l - - - m̩	t ʋ ɑ l m̩	t w o l ə v ə -	t w o l ə v ə	t w aː l - v ə -	t w aː l v ə	tʰ ʋ ɛː l ə f - -	tʰ ʋ ɛː l ə f	t w ɑː l ə f - -	t w ɑː l ə f	t w o l ə v ə -	t w o l ə v ə	t w ɔ ɫ - v ə -	t w ɔ ɫ v ə	t - o l ə f - -	t o l ə f	t - o l ə f - -	t o l ə f	t ʋ aːə ɫ ə f - -	t ʋ aːə ɫ ə f	t w ɔu - - v ə -	t w ɔu v ə	t - uɒ l ə f - -	t uɒ l ə f	t w a ɫ ə f - -	t w a ɫ ə f	t ʋ ei l ə f - -	t ʋ ei l ə f	t w ɛ l ə f - -	t w ɛ l ə f	t ʋ a ɫ ə f - -	t ʋ a ɫ ə f	t ʋ ɑː l - f - -	t ʋ ɑː l f	t - ou l ə f - -	t ou l ə f	t ʋ aː l - - - m̩	t ʋ aː l m̩	t ʋ ʌː l - - - m̩	t ʋ ʌː l m̩	tʰ ʋ a l ə f - -	tʰ ʋ a l ə f	tʰ ʋ aː l - b - m̩	tʰ ʋ aː l b m̩	tʰ ʋ a l ə f - -	tʰ ʋ a l ə f	t w æ l ə f - -	t w æ l ə f	t w o l - v ə -	t w o l v ə	t ʋ aː ɫ ə f - -	t ʋ aː ɫ ə f	t - ɔə l ə f - -	t ɔə l ə f	tʰ - o l - v ə -	tʰ o l v ə	t - ou l ə f - -	t ou l ə f	t ʋ ɒː ɫ ə f - -	t ʋ ɒː ɫ ə f	t w æ l ə f - -	t w æ l ə f	t w a - - v ə -	t w a v ə
twijfel	t w ɑi v ɔ ɫ - -	t w ɑi v ɔ ɫ	t ʋ iː f - ɫ̩ - -	t ʋ iː f ɫ̩	t w ɛi f ə l - -	t w ɛi f ə l	t - uɛi f ɔ l - s	t uɛi f ɔ l s	t w i f ə l - -	t w i f ə l	t w i f ə l - -	t w i f ə l	t ʋ ɪ f ə ɫ - -	t ʋ ɪ f ə ɫ					tʰ ʋ i f ə ɫ - -	tʰ ʋ i f ə ɫ	t ʋ ai f ə l - -	t ʋ ai f ə l	t w æɪ f ɔ l - -	t w æɪ f ɔ l	t ʋ ɛi f ɔ l - -	t ʋ ɛi f ɔ l	t ʋ ɛi f ə ɫ - -	t ʋ ɛi f ə ɫ			t v i f ə ɫ - -	t v i f ə ɫ	t w ɑːi f ə l - -	t w ɑːi f ə l	t w æi f ə l - -	t w æi f ə l	t ʋ i v ə ɫ - -	t ʋ i v ə ɫ	t ʋ iː f ə l - -	t ʋ iː f ə l	t w i f ə l - -	t w i f ə l	t ʋ æi f ə ɫ - -	t ʋ æi f ə ɫ	t w i f ə l̩ː - -	t w i f ə l̩ː	t w i f ə l - -	t w i f ə l	tʰ ʋ i v ə ɫ - -	tʰ ʋ i v ə ɫ	t ʋ i v ə l - -	t ʋ i v ə l	t w ɑː f ə l - -	t w ɑː f ə l	t v i v ə l - -	t v i v ə l	t w i f - l ə -	t w i f l ə	t w i f ə l - -	t w i f ə l			t w ɛ f ə l̩ː - -	t w ɛ f ə l̩ː	t w i f ə l - -	t w i f ə l	tʰ ʋ i v ə l - -	tʰ ʋ i v ə l	t ʋ ɛː v ə l - -	t ʋ ɛː v ə l	t w ɛ f ə l ə -	t w ɛ f ə l ə	t w i f ə l - -	t w i f ə l	t ʋ i f ə l - -	t ʋ i f ə l	t w i v ə l - -	t w i v ə l	t ʋ ɛi f ə ɫ - -	t ʋ ɛi f ə ɫ	t w i f ə l - -	t w i f ə l	t - uɛi f ə l - -	t uɛi f ə l	t ʋ ɑi f ɔ ɫ - -	t ʋ ɑi f ɔ ɫ	t ʋ ɛːə f ə ɫ - -	t ʋ ɛːə f ə ɫ	t ʋ iː f ə l - -	t ʋ iː f ə l	t ʋ i f ɔ ɫ - -	t ʋ i f ɔ ɫ	t ʋ iː f - l̩ - -	t ʋ iː f l̩	t ʋ i f ə ɫ - -	t ʋ i f ə ɫ	t ʋ iː f ə l - -	t ʋ iː f ə l	t ʋ iː v ə l - -	t ʋ iː v ə l	t ʋ i f ɔ l - -	t ʋ i f ɔ l	t ʋ iː ʋ ə l - -	t ʋ iː ʋ ə l	t ʋ i f ə l̩ - -	t ʋ i f ə l̩	t w ɛː f ə l - -	t w ɛː f ə l	t w ɛi f ə l ə -	t w ɛi f ə l ə	t ʋ ɛi f ə ɫ - -	t ʋ ɛi f ə ɫ	t ʋ iː f o ɫ - -	t ʋ iː f o ɫ	t ʋ iː ʋ ə ɫ - -	t ʋ iː ʋ ə ɫ	t ʋ iː f ə ɫ - -	t ʋ iː f ə ɫ	t ʋ iː f - l̩ - -	t ʋ iː f l̩	t w i f ə l - -	t w i f ə l	t w i f ə l - -	t w i f ə l
vader	v a d ə r -	v a d ə r	f ɔː d ə r -	f ɔː d ə r	v ɒː d ə r -	v ɒː d ə r	f ɒ d ə ʁ -	f ɒ d ə ʁ	v ɔː d ə ʀ -	v ɔː d ə ʀ	v ɔː d ə r -	v ɔː d ə r	v ɒː d ə ɾ -	v ɒː d ə ɾ			v ɑː d ə r -	v ɑː d ə r	f aː d ə r -	f aː d ə r	f ɑ d ə r -	f ɑ d ə r	v a d ə r -	v a d ə r	v a d ə ɹ -	v a d ə ɹ	f aːə d ə r -	f aːə d ə r	v ɒː d ə r -	v ɒː d ə r			v ɑː d ə r -	v ɑː d ə r	f ɒ d ə ʁ -	f ɒ d ə ʁ	v o d ə r -	v o d ə r	v ɑ d ə x -	v ɑ d ə x	v ɔː d ə r ə	v ɔː d ə r ə	v a d ə r -	v a d ə r	v ɔː d ə r ə	v ɔː d ə r ə	v ɔː d ə r -	v ɔː d ə r	v ɔː d ə r -	v ɔː d ə r			v aː d ə r -	v aː d ə r			v ɔə d ə r ə	v ɔə d ə r ə	v ɔə d ə ʀ -	v ɔə d ə ʀ			v ɔ d ə r ə	v ɔ d ə r ə	v ɔ d ə r -	v ɔ d ə r	f aː d ə r -	f aː d ə r	f ɒ d ə ʁ -	f ɒ d ə ʁ	v oə d ə r ə	v oə d ə r ə	v ɔː d ə r -	v ɔː d ə r	- - t aː - -	t aː			f aːə d ə r -	f aːə d ə r	v ɔə d ə r -	v ɔə d ə r	f ɒ d ə ɾ -	f ɒ d ə ɾ	v aː d ə ɾ -	v aː d ə ɾ	f eːi d ə ʁ -	f eːi d ə ʁ	v aː d ə r -	v aː d ə r	v aː ð ə ʁ -	v aː ð ə ʁ	v o d ə r -	v o d ə r			f æː - - - -	f æː	v oː d ə r -	v oː d ə r	f aː d ə r -	f aː d ə r	f ɔː d ə r -	f ɔː d ə r	v a d ə ʀ -	v a d ə ʀ	v ɔː - - r -	v ɔː r	v ɔ d ə r ə	v ɔ d ə r ə	v aː d ə r -	v aː d ə r							v ɑː d ə r -	v ɑː d ə r	v ɔː d ə ʀ -	v ɔː d ə ʀ	v ɔ d ə r -	v ɔ d ə r
zand	z ɑ n t	z ɑ n t	z ɑː n t	z ɑː n t	z aː n t	z aː n t	s ɛə n t	s ɛə n t			z ɑ n t	z ɑ n t	s ɑ n t	s ɑ n t			s ɑ ŋ tʰ	s ɑ ŋ tʰ	s ɑː n -	s ɑː n	z æː n t	z æː n t	s ɑ n t	s ɑ n t	s ɑː n t	s ɑː n t	s ɑ n t	s ɑ n t	z ɑ ŋ t	z ɑ ŋ t	s ɔə n -	s ɔə n	z ɑ n t	z ɑ n t	z æ n t	z æ n t	z a n t	z a n t	z ɑ n t	z ɑ n t	z ɑ n t	z ɑ n t	z ɑ n tʰ	z ɑ n tʰ	z ɑː n t	z ɑː n t	z ɑ n t	z ɑ n t	z ɛː n tʰ	z ɛː n tʰ	s ɔː n -	s ɔː n			s ɔː n d	s ɔː n d	z ɑ n t	z ɑ n t	z ɑ n t	z ɑ n t	z ɑː - t	z ɑː t	z ɑ n t	z ɑ n t	z ɑ n t	z ɑ n t	s a n tʰ	s a n tʰ	z ɑ n t	z ɑ n t	z ɑ n t	z ɑ n t	z ɑ n t	z ɑ n t	s ɒː n -	s ɒː n	s ɔː n -	s ɔː n	z ɑ n t	z ɑ n t	z ɑ n t	z ɑ n t	z ɑ n t	z ɑ n t	z ɑ n t	z ɑ n t	z ɑ n t	z ɑ n t	z ɑ ɲ ʨ	z ɑ ɲ ʨ	s ɑ n t	s ɑ n t	s ɑː - t	s ɑː t	s ɒː n -	s ɒː n	z aː n t	z aː n t	z aː n tʰ	z aː n tʰ	z ɑ n tʰ	z ɑ n tʰ	s aː - t	s aː t	z ɑ n tʰ	z ɑ n tʰ			z ɑ n t	z ɑ n t	s ɑ n t	s ɑ n t	s ɔə n -	s ɔə n	s oə n -	s oə n	s ɔː n -	s ɔː n	z ɑ n t	z ɑ n t	z ɑ n t	z ɑ n t	z ɑ n t	z ɑ n t
zeker	z ei g ə r -	z ei g ə r	z e k ə r -	z e k ə r	z eː k ə r -	z eː k ə r	s ei k ə ʁ -	s ei k ə ʁ	z ɛ k ə ʀ -	z ɛ k ə ʀ	z eː k ə r -	z eː k ə r	s ɪː k ə ɾ -	s ɪː k ə ɾ	z eː k ə r -	z eː k ə r	s ei k ə ɾ -	s ei k ə ɾ	s eː k ə r -	s eː k ə r	sʲ e k ə r -	sʲ e k ə r	s eɪ k ə r -	s eɪ k ə r	z e k ə r -	z e k ə r	s eːi k ə r -	s eːi k ə r	s ei k ə r -	s ei k ə r	s eː k ə r -	s eː k ə r	z eː k ə r -	z eː k ə r	z e k ə ʁ -	z e k ə ʁ	z e g ə r -	z e g ə r	z ɪ x ə x -	z ɪ x ə x	z eː ʔ - r ə	z eː ʔ r ə	z e k ə r -	z e k ə r	z eː k - r ə	z eː k r ə	z eː k ə r -	z eː k ə r	z ei k ə r -	z ei k ə r	s e k ə r -	s e k ə r	z eː k ə r -	z eː k ə r	s e k ə r -	s e k ə r	z eː k ə r ə	z eː k ə r ə	z e k ə ʀ -	z e k ə ʀ	z ei k ə r -	z ei k ə r	z e g ə r ə	z e g ə r ə	s eː k ə r -	s eː k ə r	s eː k ə r -	s eː k ə r	s e k ə ʀ -	s e k ə ʀ	z e g ə r ə	z e g ə r ə	z e ʔ ə r -	z e ʔ ə r	s eɪ k ə ɾ -	s eɪ k ə ɾ	s eː k ə ɾ -	s eː k ə ɾ	z eːi k ə r -	z eːi k ə r	z eː k ə r -	z eː k ə r	z ei k ə ɾ -	z ei k ə ɾ	z ei k ə r -	z ei k ə r	s eːi k ə ʁ -	s eːi k ə ʁ	z e k ə r -	z e k ə r	s eː g ə - -	s eː g ə	z ei k ə r -	z ei k ə r	s ei k ə r -	s ei k ə r	s eː k ə r -	s eː k ə r	z e k ə r -	z e k ə r	z e k ə r -	z e k ə r	s ei k ə r -	s ei k ə r	z e k ə ʁ -	z e k ə ʁ	z eːi k ə r -	z eːi k ə r	z e k ə r ə	z e k ə r ə	s ei k ə r -	s ei k ə r	s eː k ɚ - -	s eː k ɚ	s ei k ə r -	s ei k ə r	s ei k ə r -	s ei k ə r	s eː k ə r -	s eː k ə r	z iə k ə ʀ -	z iə k ə ʀ	z eː k ə r -	z eː k ə r
zeven	s øy ʋ ə n -	s øy ʋ ə n	z ø - - m̩ -	z ø m̩	s øː v ə - -	s øː v ə	s øy v ə - -	s øy v ə	z iə v ə - -	z iə v ə	z e v - n̩ -	z e v n̩	s ɪː v ə - -	s ɪː v ə	z e v - n̩ -	z e v n̩	z ei v ə n ə	z ei v ə n ə	s øː v ə n -	s øː v ə n	z ø v ə - -	z ø v ə	s ø v ə - -	s ø v ə	z øy v ə - -	z øy v ə	z øːə v ə - -	z øːə v ə	z ei v ə n ə	z ei v ə n ə	s ɔə - - n -	s ɔə n	z eː v ə - -	z eː v ə	s øə v ə - -	s øə v ə	z ø b - m̩ -	z ø b m̩	z ɛ v ə - -	z ɛ v ə	z eː v - ɱ̩ -	z eː v ɱ̩	s ø v ə - -	s ø v ə	z eː v - ɱ̩ -	z eː v ɱ̩	z e v ə n -	z e v ə n	z ø b - m̩ -	z ø b m̩	s ɒː - - n -	s ɒː n	z ɛː v ə - -	z ɛː v ə	s ø v ə n -	s ø v ə n	z eː v - n̩ -	z eː v n̩	z e v - n̩ -	z e v n̩	z ø - - m -	z ø m	z e v ə n ə	z e v ə n ə	z e v ə - -	z e v ə	s øː b - m̩ -	s øː b m̩	s ø v ə - -	s ø v ə	z e v - m̩ -	z e v m̩	z e v - ɱ̩ -	z e v ɱ̩	s ɔ h ɔ ŋ -	s ɔ h ɔ ŋ	s ɒːə - - n -	s ɒːə n	s eːi f ə - -	s eːi f ə	z e v - n̩ -	z e v n̩	z ø v ə - -	z ø v ə	s øːy v ə n -	s øːy v ə n	s øːə v ə - -	s øːə v ə	z eː v ə - -	z eː v ə	s øː v ə n -	s øː v ə n	s ø - - m̩ -	s ø m̩	s ɔː - - n -	s ɔː n	s øː b - m̩ -	s øː b m̩	z ø - - m̩ -	z ø m̩	z øː v ə n -	z øː v ə n	s øː b - m -	s øː b m	z ø v - n̩ -	z ø v n̩	z eːi v ə - -	z eːi v ə	z e v - m̩ -	z e v m̩	s ei v ə - -	s ei v ə	s ɒː - - n -	s ɒː n	s oə - - n -	s oə n	s ɒː - - n -	s ɒː n	s øː v ə n -	s øː v ə n	z iə v ə - -	z iə v ə	z e v - n̩ -	z e v n̩
