ID	Arconciel_REF	Arconciel_SEQ	Arnex_REF	Arnex_SEQ	Avry-sur-Matran_REF	Avry-sur-Matran_SEQ	Ayent_REF	Ayent_SEQ	Boudry_REF	Boudry_SEQ	Cerlatez_REF	Cerlatez_SEQ	Cerneux-Pequignot_REF	Cerneux-Pequignot_SEQ	Champery_REF	Champery_SEQ	Charnex_REF	Charnex_SEQ	Chateau-d'Oex_REF	Chateau-d'Oex_SEQ	Chaux-du-Milieu_REF	Chaux-du-Milieu_SEQ	Chevroux_REF	Chevroux_SEQ	Collex_REF	Collex_SEQ	Collombey_REF	Collombey_SEQ	Commugny_REF	Commugny_SEQ	Conthey_REF	Conthey_SEQ	Corcelles_REF	Corcelles_SEQ	Cote-aux-Fees_REF	Cote-aux-Fees_SEQ	Court_REF	Court_SEQ	Courtedoux_REF	Courtedoux_SEQ	Courtepin_REF	Courtepin_SEQ	Develier_REF	Develier_SEQ	Dompierre_REF	Dompierre_SEQ	Evolene_REF	Evolene_SEQ	Fully_REF	Fully_SEQ	Grimentz_REF	Grimentz_SEQ	Grone_REF	Grone_SEQ	Hermance_REF	Hermance_SEQ	L'Auberson_REF	L'Auberson_SEQ	Laconnex_REF	Laconnex_SEQ	Lamboing_REF	Lamboing_SEQ	Landeron_REF	Landeron_SEQ	LeSentier_REF	LeSentier_SEQ	Longirod_REF	Longirod_SEQ	Lourtier_REF	Lourtier_SEQ	Martigny_REF	Martigny_SEQ	Miege_REF	Miege_SEQ	Montalchez_REF	Montalchez_SEQ	Montbovon_REF	Montbovon_SEQ	Montpreveyres_REF	Montpreveyres_SEQ	Murist_REF	Murist_SEQ	Nendaz_REF	Nendaz_SEQ	Noiraigue_REF	Noiraigue_SEQ	Ormont-Dessus_REF	Ormont-Dessus_SEQ	Orsieres_REF	Orsieres_SEQ	Orvin_REF	Orvin_SEQ	Plagne_REF	Plagne_SEQ	Prahins_REF	Prahins_SEQ	Roche_REF	Roche_SEQ	Savagnier_REF	Savagnier_SEQ	Saviese_REF	Saviese_SEQ	Semsalves_REF	Semsalves_SEQ	Sombeval_REF	Sombeval_SEQ	St-Gingolph_REF	St-Gingolph_SEQ	Sugiez_REF	Sugiez_SEQ	Vallorbe_REF	Vallorbe_SEQ	Vaugondry_REF	Vaugondry_SEQ	Vermes_REF	Vermes_SEQ	Vernier_REF	Vernier_SEQ	Veyrier_REF	Veyrier_SEQ	Villars-le-Terroir_REF	Villars-le-Terroir_SEQ	Vullierens_REF	Vullierens_SEQ
a_la_cuisse	k - y ʃ -	k y ʃ	k w o s ə	k w o s ə	k - y s -	k y s	k - ou ʃ ɛ	k ou ʃ ɛ	k - uː s -	k uː s	ʧ - œ ʃ -	ʧ œ ʃ	k - œ s -	k œ s	k - u ʃ ə	k u ʃ ə	k w i s ə	k w i s ə	k w i ʃ -	k w i ʃ	k - uː s -	k uː s	k - u s ɛ	k u s ɛ	k w e ʃ ɛ	k w e ʃ ɛ	k - uː s ə	k uː s ə	k w eː s ɛ	k w eː s ɛ	k - uː ʃ ə	k uː ʃ ə	k - uː s -	k uː s	k - yː s -	k yː s	tʲ - œ ʃ -	tʲ œ ʃ	tʲ - œ ʃ -	tʲ œ ʃ	k - y ʃ -	k y ʃ	tʲ - œ ʃ -	tʲ œ ʃ	k - y s -	k y s	k - uː ʃ -	k uː ʃ	k - uː ʃ -	k uː ʃ	k - ou ʃ e	k ou ʃ e	k - oː ʃ -	k oː ʃ	k w eː s ɛ	k w eː s ɛ	k - yː s a	k yː s a	k w eː s -	k w eː s	k - uː s -	k uː s	k - uː s -	k uː s	k - u s -	k u s	k w eː ʃ ɛ	k w eː ʃ ɛ	k - uː ʃ -	k uː ʃ	k - u ʃ -	k u ʃ	k - ou ʃ e	k ou ʃ e	k w ɛ s -	k w ɛ s	k - y ʃ -	k y ʃ	k - u s ə	k u s ə	k - u s -	k u s	k - uː ʃ ə	k uː ʃ ə	k - uː s a	k uː s a	k - u s ə	k u s ə	k - u s -	k u s	k - œi ʃ -	k œi ʃ	k - ɛ ʃ -	k ɛ ʃ	k - u s ə	k u s ə	k - uː s e	k uː s e	k - uː s -	k uː s	k - ou ʃ -	k ou ʃ	k - y ʃ -	k y ʃ	k - ø ʃ -	k ø ʃ	k - u s a	k u s a	k - u ʃ -	k u ʃ	k w o s ɛ	k w o s ɛ	k w ɛ s ɛ	k w ɛ s ɛ	tʲ - œ ʃ -	tʲ œ ʃ	k w eː s ɛ	k w eː s ɛ	k w eː s -	k w eː s	k - u s ə	k u s ə	k - u s ɛ	k u s ɛ
as-tu	aː θ ɔ	aː θ ɔ	aː t ə	aː t ə	ɑː θ u	ɑː θ u	aː h o	aː h o	a t ə	a t ə	ɛː t -	ɛː t	eː t -	eː t	aː t ɔ	aː t ɔ	ə t ɔː	ə t ɔː	aː t u	aː t u	eː t ə	eː t ə	a t u	a t u	- t ɔ	t ɔ	aː t ə	aː t ə	ɑː t ə	ɑː t ə	a t o	a t o	aː t -	aː t	eː t -	eː t	eː t -	eː t	ə t e	ə t e	aː s u	aː s u	ɛ t -	ɛ t	aː θ u	aː θ u	aː θ y	aː θ y	- t a	t a	a θ ʊ	a θ ʊ	a t o	a t o	aː t ə	aː t ə	ɔː t ə	ɔː t ə	ɑː t ə	ɑː t ə	aː t -	aː t	ɑ̃ t -	ɑ̃ t	aː t u	aː t u	aː t ə	aː t ə	a t o	a t o	- t a	t a	a t ʊ	a t ʊ	a t e	a t e	aː θ ɔ	aː θ ɔ	aː t u	aː t u	ɑː θ u	ɑː θ u	aː t y	aː t y	eː t -	eː t	ɑː t ə	ɑː t ə	- t aː	t aː	aː t ə	aː t ə	ɛː t -	ɛː t	aː t ɔ	aː t ɔ	ɑː t ə	ɑː t ə	aː t ə	aː t ə	aː t o	aː t o	ɔ θ u	ɔ θ u	ɛː t -	ɛː t	ɑː t ə	ɑː t ə	aː t o	aː t o	ɑː t ə	ɑː t ə	aː t ə	aː t ə	e t -	e t	ɔː t ə	ɔː t ə	ɑː t ə	ɑː t ə	aː t u	aː t u	aː t u	aː t u
au_coeur	k - aː - -	k aː	tʲ - œː - -	tʲ œː	k - aː - -	k aː	k - yː r -	k yː r	k - œː r -	k œː r	ʦ - œ ɥ e	ʦ œ ɥ e	kʰ - ø - -	kʰ ø	k w e - -	k w e	tʲ - øː r -	tʲ øː r	k - œː - -	k œː	k w øː - -	k w øː	k - au - -	k au	k - ø - -	k ø	kʲ - œː - -	kʲ œː	k - øː r -	k øː r	k ç øː - -	k ç øː	k - øː r -	k øː r	k w øː - -	k w øː	tʲ - ʏː - -	tʲ ʏː	tʲ - yː r -	tʲ yː r	k - aː r -	k aː r	tʲ - øː - -	tʲ øː	k - aː - -	k aː	k - uː - -	k uː	tʲ - ø - -	tʲ ø	k - uː r -	k uː r	k j uː - -	k j uː	k - ʏː - -	k ʏː	kʲ - øː r -	kʲ øː r	k - øː r -	k øː r	k - œ r -	k œ r	k - eː r -	k eː r	tʲ - œː - -	tʲ œː	tʲ - øː - -	tʲ øː	tʲ - ø - -	tʲ ø	tʲ - øː - -	tʲ øː	k - uː r -	k uː r	k - ø - -	k ø	k - a - -	k a	k - øː - -	k øː	k - aː - -	k aː	k - u - -	k u	k - øː r -	k øː r	tʲ - œː - -	tʲ œː	tʲ - œː - -	tʲ œː	k - œi r -	k œi r	k - øː r -	k øː r	k - œː r -	k œː r	tʲ - œː r -	tʲ œː r	k - øː r -	k øː r	k - oː - -	k oː	k - a - -	k a	k - œː r -	k œː r	k - øː r ə	k øː r ə	tʲ - œː r -	tʲ œː r	k - øː r -	k øː r	tʲ - øː - -	tʲ øː	tʲ - œ ɥ ə	tʲ œ ɥ ə	k - ø - -	k ø	k - ø - -	k ø	tʲ - øː - -	tʲ øː	k - œː - -	k œː
au_genou	ʣ ə n - aː - -	ʣ ə n aː	ʣ ɛ n - aː - -	ʣ ɛ n aː	ʣ ə n - aː - -	ʣ ə n aː	ʣ ɔ n - ɔ - -	ʣ ɔ n ɔ	ʣ - n - y - -	ʣ n y	ʤ - r - ʊ̃ j -	ʤ r ʊ̃ j	ʤ - n - ʊː lʲ u	ʤ n ʊː lʲ u	ʣ ə n w aː - -	ʣ ə n w aː	ʣ ɛ n - æ͜u - -	ʣ ɛ n æ͜u	z ɛ n - au - -	z ɛ n au	ʤ - n - y - -	ʤ n y	ʣ ə n - ɑː - -	ʣ ə n ɑː	ð ɛ n - ø - -	ð ɛ n ø	ʣ ɛ n - œi - -	ʣ ɛ n œi	ð ɛ n - œi - -	ð ɛ n œi	ʣ ɔ n - æ - -	ʣ ɔ n æ	ʤ - n - y - -	ʤ n y	ʣ - n - ø - -	ʣ n ø	ʤ a n - u - -	ʤ a n u	ʤ ə n - ʊ̃ j -	ʤ ə n ʊ̃ j	ʣ ə n - aː - -	ʣ ə n aː	ʤ - n - ʊ̃ j -	ʤ n ʊ̃ j	ʣ ə n - ɑ - -	ʣ ə n ɑ	z eː n - ɔ - -	z eː n ɔ	ʣ o n - a - -	ʣ o n a	z ɔ n - ɔ ł -	z ɔ n ɔ ł	z ɛ n - ɔ t -	z ɛ n ɔ t	ð ɛ n - ø - -	ð ɛ n ø	ʣ ɛ n - ø - -	ʣ ɛ n ø	ð ɛ n - a - -	ð ɛ n a	ʤ - n - œ - -	ʤ n œ	ʤ - n - u - -	ʤ n u	ʣ ə n - au - -	ʣ ə n au	ʣ ɛ n - aː - -	ʣ ɛ n aː	ʣ o nː - ɛ - -	ʣ o nː ɛ	ʣ o n - ei - -	ʣ o n ei	z ɛ n - ɔ - -	z ɛ n ɔ	ʣ ə n - au - -	ʣ ə n au	ʣ ɛ n - aː - -	ʣ ɛ n aː	ʣ eː n - ɑː - -	ʣ eː n ɑː	ʣ ə n - aː - -	ʣ ə n aː	ʣ ɔ n - ei - -	ʣ ɔ n ei	ʤ - n - œ - -	ʤ n œ	ʣ ə n - au - -	ʣ ə n au	ʣ o n - æi - -	ʣ o n æi	ʤ - n - u - -	ʤ n u	ʤ a n - u - -	ʤ a n u	ʣ eː n - ɔː - -	ʣ eː n ɔː	ʣ ɛ n - øː - -	ʣ ɛ n øː	ʤ - n - y - -	ʤ n y	ʣ o n - e - -	ʣ o n e	ʣ ɛ n - a - -	ʣ ɛ n a	ʤ - n - u - -	ʤ n u	dʲ ɛ n - au - -	dʲ ɛ n au	ʣ ə n - ɔ - -	ʣ ə n ɔ	ʣ ə n - oː - -	ʣ ə n oː	ʣ ɛ n - au - -	ʣ ɛ n au	ʤ - n - uː j -	ʤ n uː j	ð ɛ n - ø - -	ð ɛ n ø	ð ɛ n - ø - -	ð ɛ n ø	ʣ ɛ n - aː - -	ʣ ɛ n aː	ʣ eː n - ɑː - -	ʣ eː n ɑː
au_pouce	p aː - ʣ o	p aː ʣ o	p au - ʣ o	p au ʣ o	p aː - ʣ u	p aː ʣ u	p ʉː - zː ɔ	p ʉː zː ɔ	p øː - ʣ -	p øː ʣ	p œ - s -	p œ s	p øː - s u	p øː s u	p œi - ʣ o	p œi ʣ o	p æ͜u - ʣ o	p æ͜u ʣ o	p au - ʣ ɔ	p au ʣ ɔ	p øː - ʤ -	p øː ʤ	p ɔː - ʣ u	p ɔː ʣ u	p ø - ð o	p ø ð o	p øː - z o	p øː z o	p œi - ð o	p œi ð o	p œi - d ɔ	p œi d ɔ	p øː - ʤ -	p øː ʤ	p uː - s u	p uː s u	p yː - s -	p yː s	p yː - s -	p yː s	p aː - ʣ u	p aː ʣ u	p yː - s -	p yː s	p au - ʣ u	p au ʣ u	p uː g z ɔ	p uː g z ɔ	p œu - ʣ o	p œu ʣ o	p uː g z ɔ	p uː g z ɔ	p uː - z ɔ	p uː z ɔ	p øː - ð ɔ	p øː ð ɔ	p yː - ʣ -	p yː ʣ	p œi - ð ə	p œi ð ə	p u - ʤ -	p u ʤ	p eː - ʤ -	p eː ʤ	p ao - ʣ u	p ao ʣ u	p aː - ʣ o	p aː ʣ o	p œi - ʣ o	p œi ʣ o	p œi - ʣ o	p œi ʣ o	p uː - z ɔ	p uː z ɔ	p øː - ʣ ɔ	p øː ʣ ɔ	p aː - ʣ ɔ	p aː ʣ ɔ	p ɑː - ʣ u	p ɑː ʣ u	p aː - ʣ u	p aː ʣ u	p ʉː - ʣ ɔ	p ʉː ʣ ɔ	p øː - ʤ ɔ	p øː ʤ ɔ	p yː - d ə	p yː d ə	p ɜu - ʣ o	p ɜu ʣ o	p yː - ʤ -	p yː ʤ	p yː - s -	p yː s	p ɔː - ʣ o	p ɔː ʣ o	p œ - ʣ ɔ	p œ ʣ ɔ	p øː - ʤ -	p øː ʤ	p uː - ʣ o	p uː ʣ o	p aː - ʣ u	p aː ʣ u	p u - s -	p u s	p au - z ə	p au z ə	p ɔː - ʣ o	p ɔː ʣ o	p øː - ʣ u	p øː ʣ u	p øː - ʣ ɔ	p øː ʣ ɔ	p yː - s -	p yː s	p ø - ð o	p ø ð o	p øː - ð o	p øː ð o	p aː - ʣ o	p aː ʣ o	p ɑu - ʣ ɔ	p ɑu ʣ ɔ
aujourd_hui	w ɛ -	w ɛ	v i -	v i	ɥ ɛ -	ɥ ɛ	w ei -	w ei	w i -	w i					w a -	w a	w e -	w e	w ə -	w ə	w i -	w i	w ɛ -	w ɛ	w e -	w e	w ɑː -	w ɑː	w æː -	w æː	v æi -	v æi	w i -	w i							v e -	v e			v ɛ -	v ɛ	w e k	w e k	w æ -	w æ	v ɛi k	v ɛi k	w ei k	w ei k	w ɛ -	w ɛ	w eː -	w eː	w a -	w a	ã k y	ã k y	w i -	w i	v ɛ̃i -	v ɛ̃i	w i -	w i	w a -	w a	v ei -	v ei	w ei -	w ei	v i -	v i	w ɛ -	w ɛ	w aː -	w aː	v ɛ -	v ɛ	w ei -	w ei	w i -	w i	w ɛː -	w ɛː	w a -	w a	ɔ k ɛi	ɔ k ɛi	o k ø	o k ø	w ə -	w ə	w ɑː -	w ɑː	v i -	v i	v i -	v i	v ɛ -	v ɛ	ɔ kʰ œi	ɔ kʰ œi	v ɛi -	v ɛi	w ə -	w ə	w i -	w i	v i -	v i			w a -	w a	w a -	w a	w ə -	w ə	v ɑ -	v ɑ
c_est																											- e f ei	e f ei																													- i f ɔː	i f ɔː									- ei f ɑː	ei f ɑː																																																							j ə f ɑ	j ə f ɑ
cela_m_a_aide	i - dʲ - iː	i dʲ iː	ɛ - d - i	ɛ d i	e - d j i	e d j i	i - ʤ j a	i ʤ j a	ɛ - d - iː	ɛ d iː	e - d - iː	e d iː	eː - d - iː	eː d iː	i - ʤ j ɑ	i ʤ j ɑ	ɔi - dʲ - iː	ɔi dʲ iː	e - d j i	e d j i	eː - d - iː	eː d iː	ɛi - d - i	ɛi d i	eː - d - iː	eː d iː	e - ʤ j a	e ʤ j a	æː - d j a	æː d j a	i - ʤ j a	i ʤ j a	ɛː - d - iː	ɛː d iː	iː - d - iː	iː d iː	eː - d - i	eː d i	e - d - iː	e d iː	ei - dʲ - iː	ei dʲ iː	e - d - iː	e d iː	ɛ - d j i	ɛ d j i	ei g ʒ j a	ei g ʒ j a	eː - dʲ - a	eː dʲ a	i - d j a	i d j a	iː - ʤ j a	iː ʤ j a	eː - d j a	eː d j a	eː - d - i	eː d i	eː - d - ɔː	eː d ɔː	i - d - iː	i d iː	e - d - iː	e d iː	aː - dʲ - e	aː dʲ e	a - d - i	a d i	e - dʲ - a	e dʲ a	i - dʲ - a	i dʲ a	iː - z j a	iː z j a	e - d - iː	e d iː	eː - dʲ - iː	eː dʲ iː	ɛ - dʲ - i	ɛ dʲ i	ei - dʲ - i	ei dʲ i	i - ʤ j a	i ʤ j a	eː - d - i	eː d i	eː - ʤ - a	eː ʤ a	e - dʲ - a	e dʲ a	ɛi - d - iː	ɛi d iː	ɛ - d - iː	ɛ d iː	æː - dʲ - iː	æː dʲ iː	ɛ - dʲ - a	ɛ dʲ a	eː - d - iː	eː d iː	iː - ʤ j a	iː ʤ j a	ei - dʲ - i	ei dʲ i	eː - d - iː	eː d iː	e - dʲ - a	e dʲ a	ɛː - d - i	ɛː d i	eː - d - i	eː d i	æː - d - i	æː d i	eː - d - iː	eː d iː	eː - d - au	eː d au	eː - d - au	eː d au	ɛ - d - iː	ɛ d iː	ɛ - d - i	ɛ d i
contre	k ɔ̃ - t - r ə	k ɔ̃ t r ə	k ɔ̃ ŋ t - r ɛ	k ɔ̃ ŋ t r ɛ	k ɔ̃ - t - r -	k ɔ̃ t r	k o n t - r ɛ	k o n t r ɛ	k ɔ̃ - t - r -	k ɔ̃ t r	k ɔ̃ - t ə r -	k ɔ̃ t ə r	k ʊ̃ - t - r -	k ʊ̃ t r	k ɔ̃ - t - r -	k ɔ̃ t r	k ɔ̃ - t - r -	k ɔ̃ t r	k ɔ̃ - t - r ɛ	k ɔ̃ t r ɛ	k ɔ̃ - t - ʁ -	k ɔ̃ t ʁ	k ɔ̃ - t - r ə	k ɔ̃ t r ə	k ɔ̃ - t - r -	k ɔ̃ t r	k ɔ̃ - t - r e	k ɔ̃ t r e	k ɔ̃ - t - r ə	k ɔ̃ t r ə	k ɔ̃ - t - r ə	k ɔ̃ t r ə	k ɔ̃ - t - r -	k ɔ̃ t r	k ɔ̃ - t - r -	k ɔ̃ t r	k ɔ̃ - t - r -	k ɔ̃ t r	k ʊ̃ n t - r ə	k ʊ̃ n t r ə	k ɔ̃ - t - r ə	k ɔ̃ t r ə	k õ - t - r -	k õ t r	k ɔ̃ - t - r -	k ɔ̃ t r	k u n t - r ə	k u n t r ə	k ɔ̃ - t - r ə	k ɔ̃ t r ə	k ɔ n t - r ə	k ɔ n t r ə	k ɔ̃ n t - r ə	k ɔ̃ n t r ə	k õ - t - r -	k õ t r	k ɔ̃ - t - r ɛ	k ɔ̃ t r ɛ	k ɔ̃ - t - r -	k ɔ̃ t r	k ɔ̃ - t - r -	k ɔ̃ t r	k ɔ̃ - t - r -	k ɔ̃ t r	k ɔ̃ n t - r ɛ	k ɔ̃ n t r ɛ	k ɔ̃ ŋ t - r ɛ	k ɔ̃ ŋ t r ɛ	k õ - t - r ə	k õ t r ə	k ɔ̃ - t - r ə	k ɔ̃ t r ə	k ɔ̃ n t - r ə	k ɔ̃ n t r ə	k ɔ̃ - t - ʁ -	k ɔ̃ t ʁ	k ɔ̃ - t - r -	k ɔ̃ t r	k ɔ̃ - t - r ɛ	k ɔ̃ t r ɛ	k ɔ̃ - t - r ə	k ɔ̃ t r ə	k ɔ̃ - t - r -	k ɔ̃ t r	k ɔ̃ - t - r -	k ɔ̃ t r	k ɔ̃ - t - r ə	k ɔ̃ t r ə	k ɔ̃ - t - r ə	k ɔ̃ t r ə	k ɔ̃ - t - r -	k ɔ̃ t r	k õ - t - r -	k õ t r	k ɔ̃ - t - r ɛ	k ɔ̃ t r ɛ	k ɔ̃ - t - r ə	k ɔ̃ t r ə	k ɔ - t - r -	k ɔ t r	k ɔ̃ n t - r ɛ	k ɔ̃ n t r ɛ	k ɔ̃ - t - r -	k ɔ̃ t r	k ɔ̃ - t - r ə	k ɔ̃ t r ə	k ɔ̃ - t - r ə	k ɔ̃ t r ə	k ɔ̃ - t - r ə	k ɔ̃ t r ə	k ɔ̃ - t - r ə	k ɔ̃ t r ə	k ɔ̃ - t - r ɛ	k ɔ̃ t r ɛ	k ũ - t - r -	k ũ t r	k ɔ̃ - t - r ə	k ɔ̃ t r ə	k ɔ̃ - t - r -	k ɔ̃ t r	k ɔ̃ - t - r ɛ	k ɔ̃ t r ɛ	k ɔ̃ - t - r -	k ɔ̃ t r
croitre	k r ɛ θ - r ə	k r ɛ θ r ə	k r ɛ t - r ɛ	k r ɛ t r ɛ	k r ɛ θ - r ə	k r ɛ θ r ə	k r ɛː h - - ɛ	k r ɛː h ɛ	k r ɛ t - r -	k r ɛ t r	k r aː t - r -	k r aː t r	k r a t - r -	k r a t r	k r e t - r ə	k r e t r ə	k r e h - r ə	k r e h r ə	k r ɛ θ - - ɛ	k r ɛ θ ɛ	k ʁ ɛ t - ʁ -	k ʁ ɛ t ʁ	k r ɛ t - r ɛ	k r ɛ t r ɛ	k r ɛ t - r ɛ	k r ɛ t r ɛ	k r e t - r e	k r e t r e	k r ɛ t - r ɛ	k r ɛ t r ɛ	k r ɛː t - r ɛ	k r ɛː t r ɛ	k r ɛ t - r -	k r ɛ t r	k r ɛ t - r -	k r ɛ t r	k r ɛ t - r -	k r ɛ t r	k r ɑː t - r -	k r ɑː t r	k r ɛ s - r ə	k r ɛ s r ə	k r ɑː t - r -	k r ɑː t r	k r ɛ θ - r -	k r ɛ θ r	k r ɛ θ - r e	k r ɛ θ r e	k r e t - r ɛ	k r e t r ɛ	k r ɛ h - r ɛ	k r ɛ h r ɛ	k r ɛ t - r ə	k r ɛ t r ə	k r eː t - r e	k r eː t r e	k r e t - r ə	k r e t r ə	k r aː t - r ə	k r aː t r ə	k r ɛ t - r -	k r ɛ t r	k r e t - r -	k r e t r	k r ɛ t - r ɛ	k r ɛ t r ɛ	k r ɛ t - r ɛ	k r ɛ t r ɛ	k r ɛ t - r e	k r ɛ t r e	k r ɛ t - - ɛ	k r ɛ t ɛ	k r ɛ t - r ə	k r ɛ t r ə	k ʁ ɛ t - ʁ -	k ʁ ɛ t ʁ	k r ɛ θ - r ə	k r ɛ θ r ə	k r e t - r ɛ	k r e t r ɛ	k r ɛ θ - r e	k r ɛ θ r e	k r ɛ t - r ə	k r ɛ t r ə	k r ɛ t - r -	k r ɛ t r	k r ɛ t - r e	k r ɛ t r e	k r e t - r ɛ	k r e t r ɛ	k r ɛː t - r -	k r ɛː t r	k r ɛ t ə r -	k r ɛ t ə r	k r ɛ t - r ɛ	k r ɛ t r ɛ	k r e t - r e	k r e t r e	k r e t - r -	k r e t r	k r ɛ t - r ɛ	k r ɛ t r ɛ	k r ɛ θ - r ə	k r ɛ θ r ə	k r eː t - r -	k r eː t r	k r ɛ t - r ə	k r ɛ t r ə	k r e t - r ə	k r e t r ə	k r ɛ t - r ə	k r ɛ t r ə	k r ə t - r ɛ	k r ə t r ɛ	k r ɑː t ə r -	k r ɑː t ə r	k r ɛː t - r æ	k r ɛː t r æ	k r a t - r -	k r a t r	k r e t - r e	k r e t r e	k r ɛ t - r -	k r ɛ t r
cru	k r y -	k r y	k r y -	k r y	k r y -	k r y	k r y -	k r y	k r y -	k r y	k r ʏ -	k r ʏ	k r y -	k r y	k r y -	k r y	k r y -	k r y	k r y -	k r y	k ʁ y -	k ʁ y	k r y -	k r y	k r y -	k r y	k r y -	k r y	k r y -	k r y	k r ʏ -	k r ʏ	k r y -	k r y	k r y -	k r y	k r y -	k r y	k r y -	k r y	k r ʏ -	k r ʏ	k r y -	k r y	k r y -	k r y	k r u k	k r u k	k r y -	k r y	k r ʊ k	k r ʊ k	k r ʊ k	k r ʊ k	k r y -	k r y	k r y -	k r y	k r y -	k r y	k r y -	k r y	k r u -	k r u	k r y -	k r y	k r y -	k r y	k r y -	k r y	k r y -	k r y	k r u -	k r u	k ʁ y -	k ʁ y	k r y -	k r y	k r y -	k r y	k r y -	k r y	k r ʉ -	k r ʉ	k r y -	k r y	k r y -	k r y	k r y -	k r y	k r y -	k r y	k r y -	k r y	k r ʏ -	k r ʏ	k r yː -	k r yː	k r y -	k r y	k r u -	k r u	k r y -	k r y	k r y -	k r y	k r y -	k r y	k r y -	k r y	k r y -	k r y	k r y -	k r y	k r y -	k r y	k r y -	k r y	k r y -	k r y	k r y -	k r y	k r ʏ -	k r ʏ
de_cendres	ç - ɛ̃ː - d - r ɛ	ç ɛ̃ː d r ɛ	ʃ - ɛ̃ĩ ŋ d - r ɛ	ʃ ɛ̃ĩ ŋ d r ɛ	ç j ɛ̃ĩ - d - r ɛ	ç j ɛ̃ĩ d r ɛ	ʃ - ə n d - r ɛ	ʃ ə n d r ɛ	ʃ w aː - d - r ɛ	ʃ w aː d r ɛ	s - ɛ̃ n d ə r -	s ɛ̃ n d ə r	s - ɪ̃ n d - r a	s ɪ̃ n d r a	s - ɑ̃ - d - r e	s ɑ̃ d r e	ç - a n d - r ə	ç a n d r ə	ç ʒ ɛ̃ː - d - r ɛ	ç ʒ ɛ̃ː d r ɛ	s j a - d - ʁ ɛ	s j a d ʁ ɛ	ʃ - ɛ̃ĩ n d - r ɛ	ʃ ɛ̃ĩ n d r ɛ	f - ɛ - d - r ɛ	f ɛ d r ɛ	f - ã - d - r ɛ	f ã d r ɛ	f - ɛ̃ - d - r ɛ	f ɛ̃ d r ɛ	θ - ẽĩ n d - r ə	θ ẽĩ n d r ə	ʃ w æː - d - r ɛ	ʃ w æː d r ɛ	ʃ - æ - d - r ɛ	ʃ æ d r ɛ	s - œ - d - r -	s œ d r	s - ɛ̃ - d ə r -	s ɛ̃ d ə r	ç j ẽĩ ŋ d - r e	ç j ẽĩ ŋ d r e	s - ɛ̃ n d ə r -	s ɛ̃ n d ə r	ç - ɛ̃ĩ n d - r ɛ	ç ɛ̃ĩ n d r ɛ	ʃ - ɪ n d - r ɛ	ʃ ɪ n d r ɛ	f - ẽĩ - d - r ɛ	f ẽĩ d r ɛ	ʃ - i n d - r a	ʃ i n d r a	s - ɛ̃ n d - r ə	s ɛ̃ n d r ə	f - ɛ̃ĩ - d - r ɛ	f ɛ̃ĩ d r ɛ	f - ɛː - d - r ɛ	f ɛː d r ɛ	f - ɛ̃ - d - r -	f ɛ̃ d r	ʃ w ɛ - d ə r -	ʃ w ɛ d ə r	ʃ w ɑː - d - r -	ʃ w ɑː d r	f - æ̃ĩ n d - r ɛ	f æ̃ĩ n d r ɛ	f - ɛ̃ĩ - d - r ɛ	f ɛ̃ĩ d r ɛ	ç l ẽĩ - d - r ə	ç l ẽĩ d r ə	f - ɛ̃ĩ - d - r e	f ɛ̃ĩ d r e	s - ɪ n d - r a	s ɪ n d r a	ʃ w ɛ̃ - d - ʁ -	ʃ w ɛ̃ d ʁ	ç - ɛ̃ - d - r ɛ	ç ɛ̃ d r ɛ	ʃ - aĩ n d - r ɛ	ʃ aĩ n d r ɛ	ç - ɛ̃ĩ n d - r ɛ	ç ɛ̃ĩ n d r ɛ	ʃ - e n d - r ə	ʃ e n d r ə	ʃ w æː - d - r ɛ	ʃ w æː d r ɛ	ʃ - ɛ̃ĩ - d - r ɛ	ʃ ɛ̃ĩ d r ɛ	f - ẽĩ - d - r ɛ	f ẽĩ d r ɛ	s - ɔ - d - r -	s ɔ d r	s - ɛ - d ə r -	s ɛ d ə r	ʃ - ɛ̃ - d - r ɛ	ʃ ɛ̃ d r ɛ	ç - a n d - r e	ç a n d r e	ʃ w æː - d - r -	ʃ w æː d r	ʃ - ɛ nː d - r ɛ	ʃ ɛ nː d r ɛ	ç - ɛ̃ - d - r ɛ	ç ɛ̃ d r ɛ	s - œ - d ə r -	s œ d ə r	f - ã n d - r ɛ	f ã n d r ɛ	ʃ - ẽĩ n d - r e	ʃ ẽĩ n d r e	ʃ - ɛ̃ː - d - r ɛ	ʃ ɛ̃ː d r ɛ	ʃ - ɛ̃ː - d - r ɛ	ʃ ɛ̃ː d r ɛ	s - ɛ n d ə r -	s ɛ n d ə r	f - ɛ̃ - d - r -	f ɛ̃ d r	f - ɛ̃ - d - r -	f ɛ̃ d r	ʃ - ɛ̃ĩ - d - r ɛ	ʃ ɛ̃ĩ d r ɛ	ʃ - ɛ̃ĩ n d - r ɛ	ʃ ɛ̃ĩ n d r ɛ
de_chou	ʦ u -	ʦ u	ʧ u -	ʧ u	ʦ u -	ʦ u	ʦ o -	ʦ o	ʦ uː -	ʦ uː	ʧ ɔ -	ʧ ɔ	ʧ u -	ʧ u	ʦ u -	ʦ u	ʦ u -	ʦ u	ʦ u -	ʦ u	ʧʰ uː -	ʧʰ uː	ʦ u -	ʦ u	ʨ y -	ʨ y	ʦ u -	ʦ u	ʨ uː -	ʨ uː	ʦ u -	ʦ u	ʧ u -	ʧ u	ʦ u -	ʦ u	ʧ o ŋ	ʧ o ŋ	ʧ oː -	ʧ oː	ʦ u -	ʦ u	ʧ oː -	ʧ oː	ʦ u -	ʦ u	ʦ uː -	ʦ uː	ʦ u -	ʦ u	ʦ ou -	ʦ ou	ʦ o -	ʦ o	ʨ y -	ʨ y	ʦ u -	ʦ u	ʨ ʏ -	ʨ ʏ	ʧ ə -	ʧ ə	ʧ u -	ʧ u	ʦ œu -	ʦ œu	ʨ uː -	ʨ uː	ʦ u -	ʦ u	ʦ u -	ʦ u	ʦ ou -	ʦ ou	ʧ uː -	ʧ uː	ʦ u -	ʦ u	ʧ uː -	ʧ uː	ʦ u -	ʦ u	ʦ u -	ʦ u	ʧ u -	ʧ u	ʦ u -	ʦ u	ʦ u -	ʦ u	ʧ a͜u -	ʧ a͜u	ʧ ɑ -	ʧ ɑ	ʧ oː -	ʧ oː	ʦ u -	ʦ u	ʧ u -	ʧ u	ʦ o -	ʦ o	ʦ u -	ʦ u	ʧ o -	ʧ o	ʦ u -	ʦ u	ʦ u -	ʦ u	ʧ uː -	ʧ uː	ʧ uː -	ʧ uː	ʧ oː -	ʧ oː	ʨ y -	ʨ y	ʨ y -	ʨ y	ʧ uː -	ʧ uː	ʧ u -	ʧ u
de_la_viande													v j ã - d ɛ	v j ã d ɛ											v j ã - d a	v j ã d a			v j ã - d a	v j ã d a																									v j ã - d a	v j ã d a			v j ã - d a	v j ã d a							v j ã n d a	v j ã n d a																																																	v j ã - d a	v j ã d a	v j ã - d a	v j ã d a				
de_ma_soeur	ʃ - ɛ r a	ʃ ɛ r a	ʃ - eː r a	ʃ eː r a	ʃ - ɛ r a	ʃ ɛ r a	ʃ w ɛ r a	ʃ w ɛ r a	s - œː r a	s œː r a	s - øː r -	s øː r	s - øː - -	s øː	s w ɑː r ɑ	s w ɑː r ɑ	ʃ - ɔi r a	ʃ ɔi r a	ʃ - iː r a	ʃ iː r a	s - ø - -	s ø	ʃ - øː r a	ʃ øː r a	s - ø - -	s ø	s w aː r a	s w aː r a	s - øː - -	s øː	ʃ w æi r a	ʃ w æi r a	s - ø r -	s ø r	s - ø - -	s ø	s - øː r -	s øː r	s - øː r -	s øː r	ʃ - ɛ r a	ʃ ɛ r a	s - øː r -	s øː r	ʃ - ɛ r a	ʃ ɛ r a	ʃ w ɛ r a	ʃ w ɛ r a	ʃ w ai r a	ʃ w ai r a	ʃ w ɛ r a	ʃ w ɛ r a	ʃ ɥ ɛ r a	ʃ ɥ ɛ r a	ʃ w ɛː - -	ʃ w ɛː	s - ɛ r ø	s ɛ r ø	s ɥ ɛː r -	s ɥ ɛː r	s - œ r -	s œ r	s - eː r -	s eː r	ʃ - e r a	ʃ e r a	ʃ - e r a	ʃ e r a	ʃ w ai r a	ʃ w ai r a	ʃ ɥ eː r a	ʃ ɥ eː r a	ʃ w ɛː r a	ʃ w ɛː r a	s - ø - -	s ø	ʃ - ɛ r a	ʃ ɛ r a	ʃ - ɛː r a	ʃ ɛː r a	ʃ - ɛ r a	ʃ ɛ r a	ʃ w ɛ r a	ʃ w ɛ r a	s - øː r -	s øː r	ʃ ɥ a r ə	ʃ ɥ a r ə	ʃ w æi r ə	ʃ w æi r ə	s - œi r -	s œi r	s - øː r -	s øː r	ʃ - ɛː r a	ʃ ɛː r a	ʃ - æː r a	ʃ æː r a	s - øː r -	s øː r	ʃ ɥ iː r a	ʃ ɥ iː r a	ʃ - ɛ r a	ʃ ɛ r a	s - œ r -	s œ r	s - ɛ r au	s ɛ r au	ʃ - œ r a	ʃ œ r a	ʃ - œ r a	ʃ œ r a	ʃ - ɛː r a	ʃ ɛː r a	s - øː r -	s øː r	s - œ - -	s œ	ʃ w a͜ - -	ʃ w a͜	ʃ - eː r a	ʃ eː r a	ʃ - ɛ r a	ʃ ɛ r a
de_noeuds	ɲ oː -	ɲ oː	ɲ au -	ɲ au	ɲ ɔ̃ -	ɲ ɔ̃	ɲ ø -	ɲ ø	ɲ y -	ɲ y			n u -	n u			ɲ æu -	ɲ æu	ɲ ɔ̃ -	ɲ ɔ̃	n y -	n y	ɲ ɑː -	ɲ ɑː	ɲ ø -	ɲ ø	n œi -	n œi	ɲ œi -	ɲ œi	ɲ øː -	ɲ øː	ɲ y -	ɲ y	ɲ œ -	ɲ œ			n u -	n u	ɲ aː -	ɲ aː	n u k	n u k	ɲ aː -	ɲ aː	n ou s	n ou s	ɲ œu -	ɲ œu	n ou -	n ou	ɲ o k	ɲ o k	ɲ œ -	ɲ œ	ɲ ɛ r	ɲ ɛ r	ɲ œi -	ɲ œi	n y -	n y	ɲ u -	ɲ u	ɲ au -	ɲ au	ɲ au -	ɲ au	ɲ ɑː -	ɲ ɑː	ɲ œi -	ɲ œi	n oː t	n oː t	ɲ au -	ɲ au	ɲ o -	ɲ o	ɲ ɑː -	ɲ ɑː	ɲ aː -	ɲ aː	ɲ ɜu -	ɲ ɜu	n ø -	n ø	ɲ au -	ɲ au	ɲ ɜu -	ɲ ɜu	n u -	n u			n ɔː -	n ɔː	ɲ øː -	ɲ øː	r æ̃ -	r æ̃	ɲ u -	ɲ u	ɲ o -	ɲ o	n u -	n u	ɲ au -	ɲ au	ɲ ɔ -	ɲ ɔ	ɲ oː -	ɲ oː	ɲ ø -	ɲ ø	n u k	n u k	ɲ ø -	ɲ ø	ɲ ø -	ɲ ø	ɲ aː -	ɲ aː	ɲ ɑː -	ɲ ɑː
descendre	d ɛ ʃ - ɛ̃ː - d - r -	d ɛ ʃ ɛ̃ː d r	d ɛ ʃ - ɛ̃ ŋ d - r ɛ	d ɛ ʃ ɛ̃ ŋ d r ɛ	d ɛ s - ã - d - r ə	d ɛ s ã d r ə	d ɛ ʃ - ɛ̃ - d - r ə	d ɛ ʃ ɛ̃ d r ə	d ɛ s - ɛ - d - r -	d ɛ s ɛ d r	d eː s - ã - d - r -	d eː s ã d r	d ɛ s - ɔ - d - r -	d ɛ s ɔ d r	d ɛ ʃ - ɛ̃ - d - r ɛ	d ɛ ʃ ɛ̃ d r ɛ	d ɛ s - œ̃ - d - r ə	d ɛ s œ̃ d r ə	d ɛ ʃ - ɛ̃ː - d - r ɛ	d ɛ ʃ ɛ̃ː d r ɛ	d ɛ s - a - d - r -	d ɛ s a d r	d ɛ s - ɛ̃ː - d - r -	d ɛ s ɛ̃ː d r	d e ʃ - ã - d - r -	d e ʃ ã d r	d ɛ s - ɛ̃ː - d - r ɛ	d ɛ s ɛ̃ː d r ɛ	d e ʃ - ã - d - r -	d e ʃ ã d r	d ɛ s - ɛ̃ - d - r -	d ɛ s ɛ̃ d r	d ɛ s - æ - d - r -	d ɛ s æ d r	d ɛ ʃ - ɛ - d - r -	d ɛ ʃ ɛ d r	d ɛ ʃ - ɔ - d - r -	d ɛ ʃ ɔ d r	d e ʃ - ã - d ə r -	d e ʃ ã d ə r	d ɛ ʃ - ã ŋ d - r ə	d ɛ ʃ ã ŋ d r ə	d eː ʃ - a n d ə r -	d eː ʃ a n d ə r	d ɛ s - ã - d - r -	d ɛ s ã d r			d ɛ s - ɛ̃ - d - r e	d ɛ s ɛ̃ d r e	d ɛ ʃ - ɛ n d - r ɛ	d ɛ ʃ ɛ n d r ɛ	d ɛ ʃ - ɛ n d - r ə	d ɛ ʃ ɛ n d r ə	d eː ʃ - ãː - d - r ɛ	d eː ʃ ãː d r ɛ	d eː ʃ - ɛː - d - r ɛ	d eː ʃ ɛː d r ɛ	d eː s - ɛ - d - r -	d eː s ɛ d r	d ɛ s - a n d ə r -	d ɛ s a n d ə r	d e s - ɛ - d - r -	d e s ɛ d r	d ɛ ʃ - ɛ̃ː - d - r ɛ	d ɛ ʃ ɛ̃ː d r ɛ	d e ʃ w ɛː - d - r ɛ	d e ʃ w ɛː d r ɛ	d ɛ s - ɛ̃ - d - r ə	d ɛ s ɛ̃ d r ə			d ɛ ʃ - ɛ̃ n d - r e	d ɛ ʃ ɛ̃ n d r e	d ə s - ɛ̃ - d - ʁ -	d ə s ɛ̃ d ʁ			d ɛ ʃ - ɛ̃ː - d - r ə	d ɛ ʃ ɛ̃ː d r ə	d ɛ s - æ̃ - d - ʁ ə	d ɛ s æ̃ d ʁ ə	d ə ʃ - ɛ̃ - d - r ə	d ə ʃ ɛ̃ d r ə	d ɛ s - ɛ - d - r -	d ɛ s ɛ d r	d ɛ s - ɛ̃ - d - r ɛ	d ɛ s ɛ̃ d r ɛ	d ɛ s - ɛ̃ - d - r ə	d ɛ s ɛ̃ d r ə	d ɛ ʃ - ɔ - d - r ə	d ɛ ʃ ɔ d r ə	d ɛ ʃ - o - d - r -	d ɛ ʃ o d r	d ɛ ʃ - ɛ̃ː - d - r ɛ	d ɛ ʃ ɛ̃ː d r ɛ	d ɛ s - ɛ̃ː - d - r -	d ɛ s ɛ̃ː d r	d ɛ s - æ - d - r -	d ɛ s æ d r			d ɛ ʃ - ɛ̃ - d - r -	d ɛ ʃ ɛ̃ d r	d ɛ ʃ - ɔ - d - r -	d ɛ ʃ ɔ d r	d ɛ s - ɛ̃ - d - r ə	d ɛ s ɛ̃ d r ə	d ɛ s - ɑ̃ n d - r -	d ɛ s ɑ̃ n d r	d ɛ ʃ - ɛ̃ː - d - r ə	d ɛ ʃ ɛ̃ː d r ə	d ɛ s - ɛ̃ - d - r ɛ	d ɛ s ɛ̃ d r ɛ	d e ʃ - a n d ə r -	d e ʃ a n d ə r	d e s - ã - d - r -	d e s ã d r	d eː s - ã - d - r ə	d eː s ã d r ə	d ɛ ʃ - ɛː - d - r -	d ɛ ʃ ɛː d r	d ɛ ʃ - æː - d - r ə	d ɛ ʃ æː d r ə
doucement					b u n a m æ̃	b u n a m æ̃															p ç a n ɛ	p ç a n ɛ	b u n a m ɛ̃	b u n a m ɛ̃																	b u n a m ã	b u n a m ã			b u n a m ã	b u n a m ã																																																					p c æ̃ - -	p c æ̃			b u n a m ɛ̃	b u n a m ɛ̃	p j ã - -	p j ã																		
du_fromage	f - r ə m ɑː ʣ ɔ	f r ə m ɑː ʣ ɔ	f - r ɔ m aː ʣ o	f r ɔ m aː ʣ o	f - r u m ɑː ʣ u	f r u m ɑː ʣ u	f - r ɔ m aː z o	f r ɔ m aː z o	f œ r - m aː ʣ -	f œ r m aː ʣ	f - r ɔ m æ ʤ -	f r ɔ m æ ʤ	f - r u m ɛː ʤ u	f r u m ɛː ʤ u	f - r ə m aː ʣ o	f r ə m aː ʣ o	f - r ə m ɑː ʣ o	f r ə m ɑː ʣ o	- - - - m ɔ t a	m ɔ t a	f ə ʁ - m eː ʤ -	f ə ʁ m eː ʤ	f - r u m ɑː ʣ u	f r u m ɑː ʣ u	f - r ə m ɑː ð o	f r ə m ɑː ð o	f - r - w ɪ - -	f r w ɪ	f - r ə m ɑː ð o	f r ə m ɑː ð o	f - r ɔ m aː d o	f r ɔ m aː d o	f œ r - m ɑː ʤ -	f œ r m ɑː ʤ	f u r - m eː ʣ u	f u r m eː ʣ u	f - r ə m aː ʤ -	f r ə m aː ʤ	f - r o m ɛ ʤ -	f r o m ɛ ʤ	f - r u m aː ʣ u	f r u m aː ʣ u	f ɔ r - m æ ʤ -	f ɔ r m æ ʤ	f - r u m aː ʣ u	f r u m aː ʣ u	f - r ɔ m aː z ɔ	f r ɔ m aː z ɔ	f - r ʏ m aː ʣ o	f r ʏ m aː ʣ o	f - r ɔ m aː z ɔ	f r ɔ m aː z ɔ	f - r ɔ m aː z ɔ	f r ɔ m aː z ɔ	f - r ə m ɔː ð o	f r ə m ɔː ð o	f - r ə m ɑː ʣ ə	f r ə m ɑː ʣ ə	f - r ɔ m ɔː ð ə	f r ɔ m ɔː ð ə	f ə r - m aː ʤ -	f ə r m aː ʤ	f ə r - m ɑː ʤ -	f ə r m ɑː ʤ	f - r u m ɑː - -	f r u m ɑː	f - r ə m ɑː ʣ ə	f r ə m ɑː ʣ ə	f - r o m aː ʣ u	f r o m aː ʣ u	f - r o m aː ʣ o	f r o m aː ʣ o	f - r o m aː z ɔ	f r o m aː z ɔ	f - ʁ ə m aː ʣ o	f ʁ ə m aː ʣ o	f - r ə m ɑː ʣ ɔ	f r ə m ɑː ʣ ɔ	f - r u m aː ʣ u	f r u m aː ʣ u	f - r ə m ɑː ʣ u	f r ə m ɑː ʣ u	f - r ɔ m aː ʣ ɔ	f r ɔ m aː ʣ ɔ	f - r ɔ m eː ʤ o	f r ɔ m eː ʤ o	f - r - w ɪ - -	f r w ɪ	f - r ʉ m aː ʣ o	f r ʉ m aː ʣ o	f ə r - m aː ʤ -	f ə r m aː ʤ	f ə r - m ɛː ʤ -	f ə r m ɛː ʤ	f - r ɔ m aː ʣ ɔ	f r ɔ m aː ʣ ɔ	f - r ə m ɑː ʣ o	f r ə m ɑː ʣ o	f ə r - m aː ʤ -	f ə r m aː ʤ	f - r ɔ m aː ʣ ɔ	f r ɔ m aː ʣ ɔ	f - r ə m ɔː ʣ u	f r ə m ɔː ʣ u	f ə r - m ɛː ʤ -	f ə r m ɛː ʤ	f - r e m ɑː ʣ ə	f r e m ɑː ʣ ə	f - r ə m aː ʣ o	f r ə m aː ʣ o	f - r u m ɑː ʣ u	f r u m ɑː ʣ u	f - r ə m aː ʣ o	f r ə m aː ʣ o	f o r - m ɛ ʤ -	f o r m ɛ ʤ	f - r o m ɔː ð ə	f r o m ɔː ð ə	f - r ə m ɑː ð o	f r ə m ɑː ð o	f - r u m aː ʣ o	f r u m aː ʣ o	f - r ɔ m ɑː ʣ o	f r ɔ m ɑː ʣ o
du_pain	p ã	p ã	p ã	p ã	p ã	p ã	p ã	p ã	p ã	p ã	p ɛ̃	p ɛ̃	p ã	p ã	p ã	p ã	p ã	p ã	p ã	p ã	p ã	p ã	p ã	p ã	p ã	p ã	p ã	p ã	p ã	p ã	p ã	p ã	p ã	p ã	p ã	p ã	p ã	p ã	p ɛ̃	p ɛ̃	p ã	p ã	p ɛ̃	p ɛ̃	p ã	p ã	p ã	p ã	p ã	p ã	p ã	p ã	p ã	p ã	p ã	p ã	p ã	p ã	p ã	p ã	p ã	p ã	p ã	p ã	p ã	p ã	p ã	p ã	p ã	p ã	p ã	p ã	p ã	p ã	p ã	p ã	p ã	p ã	p ã	p ã	p æ	p æ	p ã	p ã	p ã	p ã	p ã	p ã	p ã	p ã	p ã	p ã	p ɑ̃	p ɑ̃	p ã	p ã	p ã	p ã	p æ	p æ	p ã	p ã	p ã	p ã	p ã	p ã	p ã	p ã	p ã	p ã	p ã	p ã	p ã	p ã	p ɛː	p ɛː	p ã	p ã	p ã	p ã	p ã	p ã	p ã	p ã
du_poivre	p - æː v - r ɔ	p æː v r ɔ	p - aː v - r ɔ	p aː v r ɔ	p - aː v - r u	p aː v r u	p - ei v - r o	p ei v r o	p - aː v ə r -	p aː v ə r	p w a v ə r -	p w a v ə r	p w æ v - r u	p w æ v r u	p - aː v - r o	p aː v r o	p - ɔi v - r o	p ɔi v r o	p - a v - r ɔ	p a v r ɔ	p - ɛ v - ʁ -	p ɛ v ʁ	p - ɑː v - r u	p ɑː v r u	p - eː v - r o	p eː v r o	p - ɑː v - r o	p ɑː v r o	p - æː v - r o	p æː v r o	p - æi v - r ɔ	p æi v r ɔ	p - æː v - r -	p æː v r	p - eː v - r u	p eː v r u	p w eː v ə r -	p w eː v ə r	p w æ v - r -	p w æ v r	p - aː v - r u	p aː v r u	p w a v - r -	p w a v r	p - aː v - r u	p aː v r u	p - ei v - r ɔ	p ei v r ɔ	p - ai v - r o	p ai v r o	p - i v - r ɔ	p i v r ɔ	p - ei v - r ɔ	p ei v r ɔ	p - ɛː v - r o	p ɛː v r o	p - eː v - r -	p eː v r	p - aː v - r ə	p aː v r ə	p - iː v ə r -	p iː v ə r	p - ɑː v - r -	p ɑː v r	p - æː v - r u	p æː v r u	p - a v - r o	p a v r o	p - aː v - r o	p aː v r o	p - ei v - r o	p ei v r o	p - iː v - r ɔ	p iː v r ɔ	p - a͜i v - ʁ ɔ	p a͜i v ʁ ɔ	p - æː v - r ɔ	p æː v r ɔ	p - aː v - r u	p aː v r u	p - ɑː v - r u	p ɑː v r u	p - ɛi v - r ɔ	p ɛi v r ɔ	p - ei v - r ɔ	p ei v r ɔ	p - ɛː v - r o	p ɛː v r o	p - æi v - r o	p æi v r o	p - æi v - r ə	p æi v r ə	p - aː v ə r -	p aː v ə r	p - æː v - r o	p æː v r o	p - aː v - r o	p aː v r o	p - eː v - r -	p eː v r	p - iː v - r ɔ	p iː v r ɔ	p - aː v - r u	p aː v r u	p - ɛ v ə r -	p ɛ v ə r	p - æi v - r ə	p æi v r ə	p - ɛː v - r o	p ɛː v r o	p - eː v - r u	p eː v r u	p - æː v - r ɔ	p æː v r ɔ	p w æ v ə r -	p w æ v ə r	p - ɛː v - r o	p ɛː v r o	p - ɛː v - r o	p ɛː v r o	p - aː v - r o	p aː v r o	p - ɑː v - r ɔ	p ɑː v r ɔ
est_maigre	m eː g - r o	m eː g r o	m eː g - r o	m eː g r o	m eː g - r u	m eː g r u	m eː g - r o	m eː g r o	m eː g - r -	m eː g r	m æ g - r ə	m æ g r ə	m aː g - r ʊ	m aː g r ʊ	m i g - r o	m i g r o	m ei g - r o	m ei g r o	m eː g - r ɔ	m eː g r ɔ	m aː g - ʁ -	m aː g ʁ	m eː g - r u	m eː g r u	m eː g - r o	m eː g r o	m ei g - r ɔ	m ei g r ɔ	m eː g - r ɛ	m eː g r ɛ	m i g - r ɔ	m i g r ɔ	m eː g - r -	m eː g r	m eː g - r u	m eː g r u	m aː g - r -	m aː g r	m ɛː g - r -	m ɛː g r	m eː g - r u	m eː g r u	m æː g - r -	m æː g r	m eː g - r u	m eː g r u	m eː g - r ɔ	m eː g r ɔ	m ĩ g - r o	m ĩ g r o	m ei g - r ɔ	m ei g r ɔ	m eː g - r o	m eː g r o	m eː g - r o	m eː g r o	m eː g - r -	m eː g r	m eː g - r ə	m eː g r ə	m aː g ə r -	m aː g ə r	m eː g ə r -	m eː g ə r	m eː g - r u	m eː g r u	m eː g - r o	m eː g r o	m ẽĩ g - r o	m ẽĩ g r o	m i g - r o	m i g r o	m ei g - r ɔ	m ei g r ɔ	m eː g - ʁ ɔ	m eː g ʁ ɔ	m eː g - r ɔ	m eː g r ɔ	m eː g - r u	m eː g r u	m eː g - r u	m eː g r u	m eː g - r ɔ	m eː g r ɔ	m eː g - r -	m eː g r	m eː g - r ə	m eː g r ə	m ĩ g - r ʏ	m ĩ g r ʏ	m aː g - r -	m aː g r	m ɛː g ə r -	m ɛː g ə r	m eː g - r o	m eː g r o	m ei g - r o	m ei g r o	m aː g - r -	m aː g r	m ei g - r o	m ei g r o	m eː g - r u	m eː g r u	m ɛː g ə r -	m ɛː g ə r	m eː g - r ə	m eː g r ə	m eː g - r o	m eː g r o	m eː g - r u	m eː g r u	m eː g - r o	m eː g r o	m ɛː g ə r -	m ɛː g ə r	m eː g - r o	m eː g r o	m eː g - r o	m eː g r o	m eː g - r o	m eː g r o	m eː g - r ɔ	m eː g r ɔ
etait	j iː r ɛ	j iː r ɛ													l i r ə	l i r ə											t ɑː r ɛ	t ɑː r ɛ			- ɛi r ə	ɛi r ə													j iː r ɛ	j iː r ɛ	l iː r e	l iː r e	l eː ʁ ə	l eː ʁ ə	l iː r ɛ	l iː r ɛ	- iː r ɛ	iː r ɛ							- iː r -	iː r							- iː ʁ e	iː ʁ e	l eː r e	l eː r e	- iː r ɛ	iː r ɛ							j iː r ɛ	j iː r ɛ	- iː r ə	iː r ə					l eː r e	l eː r e	- ɛi r ə	ɛi r ə									- iː ɾ ə	iː ɾ ə	- iː r ɛ	iː r ɛ	- ɛː r -	ɛː r																		
faim	f ã	f ã	f ã	f ã	f ã	f ã	f ã	f ã	f ã	f ã	f ɛ̃ː	f ɛ̃ː	f ã	f ã	f ã	f ã	f ã	f ã	f ã	f ã	f ã	f ã	f ã	f ã	f ã	f ã	f ã	f ã	f ã	f ã	f ã	f ã	f ã	f ã	f ã	f ã	f ã	f ã	f ɛ̃	f ɛ̃	f ã	f ã	f ɛ̃ː	f ɛ̃ː	f ã	f ã	f ã	f ã	f ã	f ã	f ã	f ã	f ã	f ã	f ã	f ã	f ã	f ã	f ã	f ã	f ã	f ã	f ã	f ã	f ã	f ã	f ã	f ã	f ã	f ã	f ã	f ã	f ã	f ã	f ã	f ã	f ã	f ã	f ã	f ã	f ã	f ã	f ã	f ã	f ã	f ã	f ã	f ã	f ã	f ã	f ã	f ã	f ɑ̃	f ɑ̃	f ã	f ã	f ã	f ã	f æ	f æ	f ã	f ã	f ã	f ã	f ã	f ã	f ã	f ã	f ã	f ã	f ã	f ã	f ã	f ã	f ɛ̃	f ɛ̃	f ã	f ã	f ã	f ã	f ã	f ã	f ã	f ã
il_fait	- - f ɑ	f ɑ	j e f aː	j e f aː	- i f ɑː	i f ɑː	- - v ɛ̃	v ɛ̃	- ɛ f aː	ɛ f aː	- æ f æː	æ f æː	- i f aː	i f aː	- e f i	e f i	- i f au	i f au	- i f aː	i f aː	- i f aː	i f aː	j ə f ɑː	j ə f ɑː	- e f ɔː	e f ɔː	- - f ɛi	f ɛi	- e f ɑː	e f ɑː	- e f i	e f i	- ɛ f aː	ɛ f aː	- i f eː	i f eː	- a f aː	a f aː	- æ f æː	æ f æː	j ə f aː	j ə f aː	- æ f æː	æ f æː	j ə f aː	j ə f aː			- i f i	i f i	- - f e	f e	- i f e	i f e	- i f ɔː	i f ɔː	- i f ɔː	i f ɔː	- i f ɔː	i f ɔː	- ɛ f aː	ɛ f aː	- ɛ f ɑː	ɛ f ɑː	- - f aː	f aː	- ei f ɑː	ei f ɑː	- ɛ f i	ɛ f i	j e f i	j e f i	- e f ɛː	e f ɛː	- ɛ f aː	ɛ f aː	- i f a	i f a	j ə f aː	j ə f aː	- e f ɑː	e f ɑː	- i f e	i f e	- ɛ f eː	ɛ f eː	j ɛ f aː	j ɛ f aː	- i f i	i f i	- ɛ f ɑː	ɛ f ɑː	- a f ɛ	a f ɛ	j ɛ f aː	j ɛ f aː	- i f ɑː	i f ɑː	- ɛ f aː	ɛ f aː			- i f ɔ	i f ɔ	- a f ɛ	a f ɛ	- ei f oː	ei f oː	j ə f aː	j ə f aː	- i f ɑː	i f ɑː	- - f aː	f aː	- æ f æ	æ f æ	- i f ɔː	i f ɔː	- i f au	i f au	- - f aː	f aː	j ə f ɑː	j ə f ɑː
il_faudra	f - y d - r e	f y d r e	f w ə d - r a	f w ə d r a	f - y d - r ɛ	f y d r ɛ	f - o d - r ɛ	f o d r ɛ	f - o - - - -	f o			f - o d - r ɛ	f o d r ɛ	f - ɔ d - r ə	f ɔ d r ə	f - u d - r ə	f u d r ə	f - u d - r ɛ	f u d r ɛ			f - y d - r ɛ	f y d r ɛ	f - o d - r a	f o d r a	f - ou d - r e	f ou d r e	f - œ d - r a	f œ d r a	f - oː d - r ɛ	f oː d r ɛ			f - oː d - r a	f oː d r a	f - o d - r ɛ	f o d r ɛ			f - y d - r aː	f y d r aː	f - a - - r e	f a r e	f - y d - r ɛ	f y d r ɛ	f - oː d - r ɛ	f oː d r ɛ	f - oː d - r ɛ	f oː d r ɛ	f - u d - r ɛ	f u d r ɛ	f - o d - r e	f o d r e	f - o d - r a	f o d r a			f - o d - r a	f o d r a			f - o d - r ɑː	f o d r ɑː	f - oː d - r ɛ	f oː d r ɛ	f - ou d - r a	f ou d r a	f - oː d - r ɛ	f oː d r ɛ	f - o d - r e	f o d r e	f - ʊ d - r ɛ	f ʊ d r ɛ	f w ɛ d - ʁ ɛ	f w ɛ d ʁ ɛ	f - y d - r e	f y d r e	f - ʊ d - r a	f ʊ d r a	f - y d - r ɛ	f y d r ɛ	f - ɔ d - r e	f ɔ d r e	f w ɛ d - r æː	f w ɛ d r æː	f - o d - r a	f o d r a	f - o d - r e	f o d r e	f - a dʲ æ j -	f a dʲ æ j			f - ʊ d - r ɛ	f ʊ d r ɛ	f - y d - r e	f y d r e	f - ɔ d ə r -	f ɔ d ə r	f - oː d - r e	f oː d r e	f - y d - r ɛ	f y d r ɛ			f - o d - r e	f o d r e	f - y d - r ɛ	f y d r ɛ	f - o d - r æː	f o d r æː	f w ɛ d - r ɛ	f w ɛ d r ɛ	f - ɑː - - r æ	f ɑː r æ	f - oː d - r a	f oː d r a	f - oː d - r a	f oː d r a	f - u d - r ɛ	f u d r ɛ	f - u d - r a	f u d r a
il_faut	f o	f o	f o	f o	f o	f o	f o	f o	f o	f o	f aː	f aː	f o	f o	f o	f o	f œu	f œu	f o	f o	f o	f o	f o	f o	f o	f o	f o	f o	f o	f o	f o	f o	f o	f o	f o	f o	f ɔ	f ɔ	f ɑː	f ɑː	f o	f o	f ɑː	f ɑː	f o	f o	f o	f o	f o	f o	f aː	f aː	f o	f o	f o	f o	f o	f o	f o	f o	f o	f o	f o	f o	f o	f o	f o	f o	f o	f o	f o	f o	f aː	f aː	f o	f o	f o	f o	f o	f o	f o	f o	f o	f o	f aː	f aː	f o	f o	f o	f o	f ou	f ou	f ɔ	f ɔ	f o	f o	f o	f o	f o	f o	f oː	f oː	f o	f o	f ɑː	f ɑː	f o	f o	f o	f o	f o	f o	f o	f o	f ɑː	f ɑː	f o	f o	f o	f o	f o	f o	f o	f o
il_ferme																									f - r ɛ̃ m -	f r ɛ̃ m	f ɛː r - m ɛ	f ɛː r m ɛ	f - r ɛ m a	f r ɛ m a																									f - r ɛː m -	f r ɛː m			f - r aː m -	f r aː m																																																									f - r ɛ̃ m ɛ	f r ɛ̃ m ɛ	f - r ɛ m -	f r ɛ m				
ils_peuvent	p - - ɥ ɔ̃ - -	p ɥ ɔ̃	p - yː j ɔ̃ - -	p yː j ɔ̃	p - - ɥ ãɔ̃ - -	p ɥ ãɔ̃	p - yː - ɔ̃ - -	p yː ɔ̃	p - øː v ɛ - -	p øː v ɛ	p - ɔ j ɔ̃ - -	p ɔ j ɔ̃	p - ø v ɔ - -	p ø v ɔ	p w ɑː v ɔ̃ - -	p w ɑː v ɔ̃	p - ɔ̃ - - - -	p ɔ̃	p - - - ɔ̃ - -	p ɔ̃	p - øː v a - -	p øː v a	p - - - ɔ̃ - -	p ɔ̃	p - yː v ɔ̃ - -	p yː v ɔ̃	p - - w ɔ̃ - -	p w ɔ̃	p - yː v ɔ̃ - -	p yː v ɔ̃	p - œ w ɔ̃ - -	p œ w ɔ̃	p - øː v ɛ - -	p øː v ɛ	p - ʏː j ɔ̃ - -	p ʏː j ɔ̃	p - - l ɔ - -	p l ɔ	p w e j ɑ̃ - -	p w e j ɑ̃	p - - ç ɔ̃ - -	p ç ɔ̃	p - o j ɑ̃ - -	p o j ɑ̃	p - - ɥ ɔ̃ - -	p ɥ ɔ̃	p - - w ɔ n -	p w ɔ n	p - œu v ɔ̃ - -	p œu v ɔ̃	p - uː v ɔ n -	p uː v ɔ n	p - - w ɔ̃ - -	p w ɔ̃	p - yː v ã - -	p yː v ã	p - yː j ɔ̃ - -	p yː j ɔ̃	p - yː v ɔ̃ - -	p yː v ɔ̃	p - yː j ã - -	p yː j ã	p - eː j ə - -	p eː j ə	p - ʏː j ɔ̃ - -	p ʏː j ɔ̃	p - ʏ v ɔ̃ - -	p ʏ v ɔ̃	p - - - ɔ̃ - -	p ɔ̃	p - ɔː v ɔ̃ - -	p ɔː v ɔ̃	p - - w ɔ̃ ŋ -	p w ɔ̃ ŋ	p - - w ɛ̃ - -	p w ɛ̃	p - yː j ɔ̃ - -	p yː j ɔ̃	p - - w ã - -	p w ã	p - - w ɑ̃ - -	p w ɑ̃	p - ʉ w ɔ̃ - -	p ʉ w ɔ̃	p - øː v ɛ - -	p øː v ɛ	p - yː ɹ ɔ̃ - -	p yː ɹ ɔ̃	p - - w ɔ̃ - -	p w ɔ̃	p - - - œi n o	p œi n o	p - - j ɔ - -	p j ɔ	p - - w ã - -	p w ã	p - øː v ɔ̃ - -	p øː v ɔ̃	p - øː v e - -	p øː v e	p - ɔ̃ - - - -	p ɔ̃	p - - ɥ ɔ̃ - -	p ɥ ɔ̃	p - - j ɔ - -	p j ɔ	p - au v ã - -	p au v ã	p - - w ɔ̃ - -	p w ɔ̃	p - øː j ɔ̃ - -	p øː j ɔ̃	p - øː j ɔ̃ - -	p øː j ɔ̃	p - ɔ j ɑ̃ - -	p ɔ j ɑ̃	p - y v ɔ̃ - -	p y v ɔ̃	p - yː v ɔ̃ - -	p yː v ɔ̃	p - - w ã - -	p w ã	p - oː v ɔ̃ - -	p oː v ɔ̃
je_sais	ʃ eː - -	ʃ eː	s e - -	s e	ʃ e - -	ʃ e	ʃ aː - -	ʃ aː	s aː - -	s aː	s æː - -	s æː	s aː v u	s aː v u	ʃ i - -	ʃ i	s əi - -	s əi	ʃ e - -	ʃ e	s ɛ - -	s ɛ	s e - -	s e	s e - -	s e	s i - -	s i	s ɛː - -	s ɛː	ʃ i - -	ʃ i	s e - -	s e	s a - -	s a	s a - -	s a	s ɛː - -	s ɛː	ʃ eː - -	ʃ eː	s æː - -	s æː	s e - -	s e	ʃ a - -	ʃ a	ʃ i - -	ʃ i	ʃ aː - -	ʃ aː	ʃ aː - -	ʃ aː	s e - -	s e	s eː - -	s eː	s e - -	s e	s e - -	s e	s e - -	s e	s e - -	s e	s eː - -	s eː	ʃ e - -	ʃ e	ʃ i - -	ʃ i	ʃ ei - -	ʃ ei	s e - -	s e	ʃ e - -	ʃ e	s e - -	s e	s eː - -	s eː	ʃ e - -	ʃ e	s æː - -	s æː	ʃ e - -	ʃ e	s i - -	s i	s æ - -	s æ	s a - -	s a	s eː - -	s eː	s ei - -	s ei	s e - -	s e	ʃ e - -	ʃ e	s e - -	s e	s ɛ - -	s ɛ	s aː - -	s aː	s e - -	s e	s eː - -	s eː	s e - -	s e	s ɛ - -	s ɛ	s e - -	s e	s eː - -	s eː	s e - -	s e	s e - -	s e
l_eau	iː w - ɛ	iː w ɛ	eː dʲ - ə	eː dʲ ə	iː v - ɛ	iː v ɛ	ei w - ɛ	ei w ɛ	eː g - -	eː g	aː v - -	aː v	j - - oː	j oː	iː w - e	iː w e	ei w - ə	ei w ə	iː w - ə	iː w ə	aː v - -	aː v	i g - ə	i g ə	eː g - ə	eː g ə	ei w - ə	ei w ə	eː g j ɛ	eː g j ɛ	iː w - ə	iː w ə	eː g - -	eː g	aː v - u	aː v u	ɔ v - -	ɔ v	ɑː v - -	ɑː v	iː v - ɛ	iː v ɛ	ɑː v - -	ɑː v	iː v - ə	iː v ə	eː w - i	eː w i	iː w - ə	iː w ə	eː w - e	eː w e	eː w - ə	eː w ə	eː dʲ - -	eː dʲ	eː v - a	eː v a	eː dʲ - ə	eː dʲ ə	ɛː w - ə	ɛː w ə	eː v - -	eː v	eː g - ə	eː g ə	eː dʲ - ə	eː dʲ ə	iː w - ə	iː w ə	ɪː w - ə	ɪː w ə	ei w - e	ei w e	eː v - e	eː v e	iː w - ɛ	iː w ɛ	iː d j ə	iː d j ə	iː v - ə	iː v ə	eː w - ə	eː w ə	aː v - a	aː v a	eː w - e	eː w e	iː w - ə	iː w ə	ɔu v - -	ɔu v	ɔː v - -	ɔː v	eː dʲ - ə	eː dʲ ə	ei w - e	ei w e	ɛː v - ə	ɛː v ə	eː w - ɛ	eː w ɛ	iː v - ɛ	iː v ɛ	ɑː v - -	ɑː v	iː w - e	iː w e	iː g - ə	iː g ə	eː g - ə	eː g ə	eː dʲ - ɛ	eː dʲ ɛ	ɑː v - -	ɑː v	eː g - -	eː g	eː d j ə	eː d j ə	iː g j ə	iː g j ə	eː dʲ - ə	eː dʲ ə
l_oiseau	ɔ ʒ i -	ɔ ʒ i	ɔ z e -	ɔ z e	ɔ ʒ i -	ɔ ʒ i	ʉː ʒ ei -	ʉː ʒ ei	ɔ z eː -	ɔ z eː	oː z eː -	oː z eː	œ z e -	œ z e	i ʒ e -	i ʒ e	ɔ z ei -	ɔ z ei	ɔ ʒ i -	ɔ ʒ i	ɔ z e -	ɔ z e	ɔ z i -	ɔ z i	i z e -	i z e	i z ei -	i z ei	eː z eː -	eː z eː			ɔ z e -	ɔ z e	ɔ z eː -	ɔ z eː	oː ʒ e ŋ	oː ʒ e ŋ	o ʒ e -	o ʒ e	ɔ ʒ iː -	ɔ ʒ iː	oː ʒ e -	oː ʒ e	ɔ z i -	ɔ z i	ou ʒ eː -	ou ʒ eː			oː ʒ e -	oː ʒ e	ou ʒ e -	ou ʒ e	i z e -	i z e	ɔ z e -	ɔ z e	i z e -	i z e	ɔ z e -	ɔ z e	ɔ z i -	ɔ z i	ɔ z e -	ɔ z e	o z ei -	o z ei					i ʒ ei -	i ʒ ei	ɔ z ɪ -	ɔ z ɪ	ɔ ʒ i -	ɔ ʒ i	ɔ z ɪː -	ɔ z ɪː	ɔ z i -	ɔ z i			ɔ z e j	ɔ z e j	iː z e -	iː z e			ɔu ʒ ɛi -	ɔu ʒ ɛi	o ʒ e -	o ʒ e	ɔ z eː -	ɔ z eː	ɔ z ei -	ɔ z ei	ɔ z e -	ɔ z e	i ʒ ei -	i ʒ ei	ɔ ʒ i -	ɔ ʒ i	o ʒ e -	o ʒ e	i z i -	i z i	ɔ z i -	ɔ z i	u z eː -	u z eː	ɔ z iː -	ɔ z iː	oː ʒ e -	oː ʒ e	i z e -	i z e	i z e -	i z e	o z i -	o z i	o z e -	o z e
la_clef	ç lʲ ɑː -	ç lʲ ɑː	ç - aː -	ç aː	ç lʲ ɑː -	ç lʲ ɑː	k ʎ o -	k ʎ o	tʲ - aː r	tʲ aː r	s j æ -	s j æ	k lʲ ɛː -	k lʲ ɛː	θ - ɑː -	θ ɑː	ç lʲ ɑː -	ç lʲ ɑː	θ - aː -	θ aː	k - eː -	k eː	k lʲ ɑː -	k lʲ ɑː	k lʲ ɔu -	k lʲ ɔu	θ - oː -	θ oː	k lʲ ɑː -	k lʲ ɑː	θ - o -	θ o	tʲ - aː r	tʲ aː r	k lʲ æː -	k lʲ æː	tʲ - aː -	tʲ aː	ç j ɛ -	ç j ɛ	ç j aː -	ç j aː	ʃ - æː -	ʃ æː	ç - aː -	ç aː	k lʲ a -	k lʲ a	ç - o -	ç o	k ł a -	k ł a	k lʲ aː -	k lʲ aː	k lʲ ɔ -	k lʲ ɔ	k lʲ ɑː r	k lʲ ɑː r	k lʲ oː -	k lʲ oː	tʲ - a r	tʲ a r	k - ɑː r	k ɑː r	ç ʎ ɛː -	ç ʎ ɛː	k lʲ ɑː -	k lʲ ɑː	ç l o -	ç l o	ç - o -	ç o	k ʎ aː -	k ʎ aː	tʲ - aː -	tʲ aː	ç lʲ a -	ç lʲ a	ç lʲ a -	ç lʲ a	ç - ɑː -	ç ɑː	ç ʎ aː -	ç ʎ aː	tʲ - aː r	tʲ aː r	ɬ - aː -	ɬ aː	f - o -	f o	tʲ - ɑː r	tʲ ɑː r	kʲ - ɛː r	kʲ ɛː r	ç lʲ aː -	ç lʲ aː	ç lʲ ɑː -	ç lʲ ɑː	kʲ - ɑː r	kʲ ɑː r	k ʎ a -	k ʎ a	ç - ɔː -	ç ɔː	ʃ - ɛː r	ʃ ɛː r	k l oː -	k l oː	k lʲ aː r	k lʲ aː r	ç lʲ ɛː -	ç lʲ ɛː	k lʲ aː -	k lʲ aː	ʃ - ɛː -	ʃ ɛː	k lʲ ɑː -	k lʲ ɑː	k lʲ au -	k lʲ au	ç lʲ aː -	ç lʲ aː	ç - ɑː -	ç ɑː
la_cuiller	k - y lʲ i -	k y lʲ i	k w ə j iː -	k w ə j iː	k - y lʲ iː -	k y lʲ iː	k - o lʲ ɛ r	k o lʲ ɛ r	k w ɛ lʲ iː r	k w ɛ lʲ iː r	ʦ - - l iː -	ʦ l iː	k - œ lʲ iː -	k œ lʲ iː	k - u lʲ e -	k u lʲ e	k - u lʲ iː -	k u lʲ iː	k - u d i -	k u d i	k - u lʲ iː -	k u lʲ iː	k - y lʲ i -	k y lʲ i	k w ʊ lʲ i -	k w ʊ lʲ i	k w ə lʲ e -	k w ə lʲ e	k w ʊ lʲ ɪ -	k w ʊ lʲ ɪ	k - u j æː -	k u j æː	k w ɛ j iː r	k w ɛ j iː r	k - u lʲ iː -	k u lʲ iː	ʨ - - - iː -	ʨ iː	tʲ - ɪ j iː -	tʲ ɪ j iː	k - y j iː -	k y j iː	ʨ - - - iː -	ʨ iː	k - y j i -	k y j i	k - u lʲ ɛ -	k u lʲ ɛ	k w ʊ j e -	k w ʊ j e	k - u lʲ ɛ -	k u lʲ ɛ	k - u lʲ e -	k u lʲ e	k w i lʲ i -	k w i lʲ i	kʲ - œ lʲ ɛː r	kʲ œ lʲ ɛː r	k w ʊ lʲ i -	k w ʊ lʲ i	k w ɛ j iː r	k w ɛ j iː r	k w ɛ j iː r	k w ɛ j iː r	k - u lʲ e -	k u lʲ e	k w ə lʲ i -	k w ə lʲ i	k w o lʲ ɛ -	k w o lʲ ɛ	k w o j e -	k w o j e	k - ʊ lʲ ɛː r	k ʊ lʲ ɛː r	k w ə lʲ iː -	k w ə lʲ iː	k - y lʲ i -	k y lʲ i	k - y lʲ iː -	k y lʲ iː	k - y lʲ i -	k y lʲ i	k - ʉ j ɛ -	k ʉ j ɛ	k w ɛ lʲ iː r	k w ɛ lʲ iː r	k - u ɬ i -	k u ɬ i	k w o j e -	k w o j e	k - ə dʲ iː -	k ə dʲ iː	k - - j iː -	k j iː	k - ʏ lʲ iː -	k ʏ lʲ iː	k - u lʲ iː -	k u lʲ iː	k w e j iː r	k w e j iː r	k w o l ɛ -	k w o l ɛ	k - y j i -	k y j i	k - iː j ɛ -	k iː j ɛ	k w e j i -	k w e j i	tʲ - y lʲ i -	tʲ y lʲ i	k - u lʲ i -	k u lʲ i	k w ɛ lʲ ø -	k w ɛ lʲ ø	ʨ - - - iː -	ʨ iː	k - u lʲ i -	k u lʲ i	k - u lʲ i -	k u lʲ i	k - u lʲ i -	k u lʲ i	k - u j iː -	k u j iː
la_fenetre	f ə n ɪː θ - r a	f ə n ɪː θ r a	f ə n eː t - r a	f ə n eː t r a	f ə n iː θ - r a	f ə n iː θ r a	f ɛ n ei h - r a	f ɛ n ei h r a	f - n eː t - r a	f n eː t r a	f - n eː t - r -	f n eː t r	f - n eː t - r ɛ	f n eː t r ɛ	f ə n e t - r a	f ə n e t r a	f ə n əi h - r a	f ə n əi h r a	f ə n iː θ - r a	f ə n iː θ r a	f - n eː t - ʁ a	f n eː t ʁ a	f ə n iː t - r a	f ə n iː t r a	f - n eː t - r a	f n eː t r a	f ə n ei t - r a	f ə n ei t r a	f ə n eː t - r a	f ə n eː t r a	f ɛ n iː t - r a	f ɛ n iː t r a	f - n eː t - r a	f n eː t r a	f - n eː t - r a	f n eː t r a	f - n eː t - r -	f n eː t r	f - n eː t - r -	f n eː t r	f ə n iː θ - r a	f ə n iː θ r a	f - n eː t ə r -	f n eː t ə r	f ə n e h - r a	f ə n e h r a	f ɛ n ɪː θ - r a	f ɛ n ɪː θ r a	f e n ĩ t - r a	f e n ĩ t r a	f ɛ n eː h - r a	f ɛ n eː h r a	f ɛ n eː t - r a	f ɛ n eː t r a	f - n eː t - r a	f n eː t r a	f ə n eː t - r a	f ə n eː t r a	f - n eː t - r ɑ	f n eː t r ɑ	f - n eː t - r -	f n eː t r	f - n iː t - r -	f n iː t r	f ə n eː t - r a	f ə n eː t r a	f ə n ei t - r a	f ə n ei t r a	f e n ẽĩ t - r a	f e n ẽĩ t r a	f e n ɪː t - r a	f e n ɪː t r a	f e n ei t - r a	f e n ei t r a	f ə n iː t - ʁ a	f ə n iː t ʁ a	f ə n iː θ - r a	f ə n iː θ r a	f ə n iː t - r a	f ə n iː t r a	f ɛ n iː θ - r a	f ɛ n iː θ r a	f ə n eː t - r a	f ə n eː t r a	f - n ɛi t - r a	f n ɛi t r a	f ə n eː t - r a	f ə n eː t r a	f ɛ n ĩ t - r a	f ɛ n ĩ t r a	f - n ei t - r -	f n ei t r	f - n eː t - r -	f n eː t r	f ə n eː t - r a	f ə n eː t r a	f ə n ei t - r a	f ə n ei t r a	f - n eː t - r -	f n eː t r	f ɛ n ei t - r a	f ɛ n ei t r a	f ə n iː θ - r a	f ə n iː θ r a	f - n eː t ə r -	f n eː t ə r	f ə n iː t - r a	f ə n iː t r a	f - n iː t - r a	f n iː t r a	f ə n eː t - r a	f ə n eː t r a	f ɛ n iː t - r a	f ɛ n iː t r a	f - n eː t ə r -	f n eː t ə r	f ɛ n eː t - r a	f ɛ n eː t r a	f - n eː t - r a	f n eː t r a	f ə n iː t - r a	f ə n iː t r a	f ə n eː t - r a	f ə n eː t r a
la_fievre	f - æː v - r a	f æː v r a	f - aː v - r a	f aː v r a	f - ɑː v - r a	f ɑː v r a	f - iː v - r a	f iː v r a	f - iː v - r a	f iː v r a	f - iː v ə r -	f iː v ə r	f - iː v - r ɛ	f iː v r ɛ	f - ɑː v - r a	f ɑː v r a	f - iː v - r a	f iː v r a	f - a͜i v - r a	f a͜i v r a	f j eː v - ʁ a	f j eː v ʁ a	f - ɑː v - r a	f ɑː v r a	f - iː v - r a	f iː v r a	f - ɑː v - r a	f ɑː v r a	f - iː v - r a	f iː v r a	f - æi v - r a	f æi v r a	f - iː v - r a	f iː v r a	f - eː v - r a	f eː v r a	f - iː v - r -	f iː v r	f - iː v - r ə	f iː v r ə	f - aː v - r a	f aː v r a	f - iː v - r -	f iː v r	f - a v - r a	f a v r a	f - iː v - r a	f iː v r a	f - ai v - r a	f ai v r a	f - iː v - r a	f iː v r a	f - iː v - r a	f iː v r a	f - iː v - r a	f iː v r a	f - iː v - r a	f iː v r a	f - iː v - r ɔ	f iː v r ɔ	f - iː v ə r -	f iː v ə r	f - ɑː v - r -	f ɑː v r	f - ɛ̃ː v - r a	f ɛ̃ː v r a	f - iː v - r a	f iː v r a	f - ai v - r a	f ai v r a	f - ei v - r a	f ei v r a	f - iː v - r a	f iː v r a	f - a͜ v - ʁ a	f a͜ v ʁ a	f - æː v - r a	f æː v r a	f - iː v - r a	f iː v r a	f - ɑː v - r a	f ɑː v r a	f - iː v - r a	f iː v r a	f - ei v - r a	f ei v r a	f - iː v - r a	f iː v r a	f - æi v - r a	f æi v r a	f - iː v - r -	f iː v r	f - iː v ə r -	f iː v ə r	f - æː v - r a	f æː v r a	f - iː v - r a	f iː v r a	f - iː v ə r -	f iː v ə r	f - iː v - r a	f iː v r a	f - aː v - r a	f aː v r a	f - iː v - r -	f iː v r	f - æi v - r a	f æi v r a	f - ɛː v - r a	f ɛː v r a	f - eː v - r a	f eː v r a	f - æː v - r a	f æː v r a	f - iː v ə r -	f iː v ə r	f - iː v - r a	f iː v r a	f - iː v - r a	f iː v r a	f - aː v - r a	f aː v r a	f - iː v - r a	f iː v r a
la_hache	ʦ ɛ t a	ʦ ɛ t a	ʦ ə - -	ʦ ə	ʦ ɛ t a	ʦ ɛ t a			ʦ - - -	ʦ	ʧ ɑ t -	ʧ ɑ t	ʧ ɔ t ɛ	ʧ ɔ t ɛ	d ɛ t r ɑː	d ɛ t r ɑː			θ ɛ t a	θ ɛ t a	ʧ - t a	ʧ t a	ʦ ɛ t a	ʦ ɛ t a	θ õ - -	θ õ							ʧ - t a	ʧ t a	ʦ - - -	ʦ	ʧ a t -	ʧ a t	ʧ ɑ t -	ʧ ɑ t	ʦ ɛ t a	ʦ ɛ t a	ʧ ɑ t -	ʧ ɑ t	ʦ ɛ t a	ʦ ɛ t a									θ õ - -	θ õ	d eː t r o	d eː t r o	θ ɔ̃ - -	θ ɔ̃	ʧ ɛ t -	ʧ ɛ t	ʧ ɛ t -	ʧ ɛ t	d ɛ t r o	d ɛ t r o	d ɛ t r œu	d ɛ t r œu							ʦ e t a	ʦ e t a	ʦ ɛ t a	ʦ ɛ t a	ʦ ɛ t a	ʦ ɛ t a	ʦ ɛ t a	ʦ ɛ t a			ʧ - t a	ʧ t a					ʧ ɛ t -	ʧ ɛ t	ʧ a t -	ʧ a t	ʦ ɛ t a	ʦ ɛ t a			ʧ - - -	ʧ			ʦ ɛ t a	ʦ ɛ t a	ʧ ɛ t -	ʧ ɛ t	ʦ ɔ̃ - -	ʦ ɔ̃	ʦ ɛ t a	ʦ ɛ t a	d ɛ t r o	d ɛ t r o	ʦ ɛ t a	ʦ ɛ t a	ʧ a t -	ʧ a t	θ ɔ̃ - -	θ ɔ̃	θ ɔ̃ - -	θ ɔ̃	ʦ e t a	ʦ e t a	d ɛ t r o	d ɛ t r o
la_main	m ã -	m ã	m ã -	m ã	m æ̃ -	m æ̃	m ã -	m ã	m ã -	m ã	m ɛ̃ -	m ɛ̃	m ã -	m ã	m ã -	m ã	m ã -	m ã	m ã -	m ã	m ã -	m ã	m ã -	m ã	m ã -	m ã	m ã -	m ã	m ã -	m ã	m ã -	m ã	m ã -	m ã	m ã -	m ã	m ã -	m ã	m ɛ̃ -	m ɛ̃	m ã -	m ã	m ɛ̃ -	m ɛ̃	m ã -	m ã	m ã -	m ã	m ã -	m ã	m ã -	m ã	m ã -	m ã	m ã -	m ã	m ã -	m ã	m ã -	m ã	m ã -	m ã	m ã -	m ã	m ã ŋ	m ã ŋ	m ã -	m ã	m ã -	m ã	m ã -	m ã	m ã -	m ã	m ã -	m ã	m ã -	m ã	m ã -	m ã	m ã -	m ã	m ã -	m ã	m ã -	m ã	m ã -	m ã	m ã -	m ã	m ã -	m ã	m ã -	m ã	m ã -	m ã	m ã -	m ã	m æ̃ -	m æ̃	m ã -	m ã	m ã -	m ã	m ã -	m ã	m ã -	m ã	m ã -	m ã	m ã -	m ã	m ã ŋ	m ã ŋ	m ɛ̃ -	m ɛ̃	m ã -	m ã	m ã -	m ã	m ã -	m ã	m ã -	m ã
largeur											g r oː s u	g r oː s u																									g r o s u	g r o s u	g r o s u	g r o s u			g r o s u	g r o s u																																																	g r ɔː s u	g r ɔː s u																														
le_cercle	ʃ ɛ - ç lʲ ɔ	ʃ ɛ ç lʲ ɔ	s - a ç - ɔ	s a ç ɔ	ʃ ɛ - ç lʲ u	ʃ ɛ ç lʲ u	ʃ ɛː r k ʎ ɔ	ʃ ɛː r k ʎ ɔ	s ɛ r tʲ - -	s ɛ r tʲ	s w a s j -	s w a s j	s - ɛ k lʲ u	s ɛ k lʲ u	ʃ e r θ - ɔ	ʃ e r θ ɔ	s - e ç lʲ o	s e ç lʲ o	ʃ ɛ r θ - ɔ	ʃ ɛ r θ ɔ	s a ʁ tʲ - -	s a ʁ tʲ	s ɛ r k lʲ u	s ɛ r k lʲ u	f a r k lʲ ə	f a r k lʲ ə	s ɛː r θ - o	s ɛː r θ o	f a r k lʲ -	f a r k lʲ	ʃ ɛ r θ - ɔ	ʃ ɛ r θ ɔ	s ɛ r tʲ - -	s ɛ r tʲ	s - ɛ k lʲ u	s ɛ k lʲ u	s a r ʨ - -	s a r ʨ	s w æ ç - -	s w æ ç	ʃ e - ʃ j u	ʃ e ʃ j u	ʃ a r ʃ - -	ʃ a r ʃ	s ɛ r ç - u	s ɛ r ç u	ʃ e r k lʲ ɔ	ʃ e r k lʲ ɔ	ʃ - a ç - o	ʃ a ç o	ʃ ɛ r k ł ɔ	ʃ ɛ r k ł ɔ	s ɛ r k lʲ ɔ	s ɛ r k lʲ ɔ	f a r k lʲ -	f a r k lʲ	s ɛ r k ʎ ə	s ɛ r k ʎ ə	f a r k lʲ -	f a r k lʲ	s ɛ r ʨ - -	s ɛ r ʨ	s ɛ r kʲ - -	s ɛ r kʲ	s - ɛ ç lʲ u	s ɛ ç lʲ u	s ɛ r k lʲ ə	s ɛ r k lʲ ə	ʃ a r ç lʲ o	ʃ a r ç lʲ o	ʃ a r ç - o	ʃ a r ç o	s ɛ r k ʎ ɔ	s ɛ r k ʎ ɔ	s ɛ ʁ kʲ - ɔ	s ɛ ʁ kʲ ɔ	ʃ æ - ç lʲ ɔ	ʃ æ ç lʲ ɔ	s ɛ r ç lʲ u	s ɛ r ç lʲ u	s ɛ r ç - u	s ɛ r ç u	ʃ ɛ r ç l ɔ	ʃ ɛ r ç l ɔ	s a r tʲ - ɔ	s a r tʲ ɔ	ʃ ɛ r - ɬ ə	ʃ ɛ r ɬ ə	ʃ æ r f w o	ʃ æ r f w o	s ɛ r t - j	s ɛ r t j	s a r k j i	s a r k j i	s - æ ç lʲ ɔ	s æ ç lʲ ɔ	f ɛ r ç lʲ o	f ɛ r ç lʲ o	s ɛ r kʲ - -	s ɛ r kʲ	ʃ ɛ r k ʎ ɔ	ʃ ɛ r k ʎ ɔ	s ɛ r ç - u	s ɛ r ç u	ʃ a r ʃ - -	ʃ a r ʃ	f a r k l ə	f a r k l ə	s ɛ r k lʲ ɔ	s ɛ r k lʲ ɔ	s - ɛ ç lʲ u	s ɛ ç lʲ u	s æ r k lʲ ɔ	s æ r k lʲ ɔ	ʃ a r ʃ - -	ʃ a r ʃ	f a r k lʲ ə	f a r k lʲ ə	f a r k lʲ ə	f a r k lʲ ə	s - a ç lʲ o	s a ç lʲ o	s - a ç - ɔ	s a ç ɔ
le_chable"																																																																	l ãː - - ʃ a͜u	l ãː ʃ a͜u	l ã ŋ f j aː	l ã ŋ f j aː																																																							l ã ŋ - ʃ ɑː	l ã ŋ ʃ ɑː
le_chasseur	ʦ a ç - aː -	ʦ a ç aː	ʧ a ʃ - au -	ʧ a ʃ au	ʦ a ç j aː -	ʦ a ç j aː	ʦ a ç - øi -	ʦ a ç øi	ʦ a s - œː r	ʦ a s œː r	ʧ æ s - u -	ʧ æ s u	ʧ ɛ s - u -	ʧ ɛ s u	ʦ a ç - œː -	ʦ a ç œː	ʦ e ç - æ͜u -	ʦ e ç æ͜u	ʦ a ç - au -	ʦ a ç au	ʧ a s - y -	ʧ a s y	ʦ a ʃ - ɑː -	ʦ a ʃ ɑː	θ e f j ø -	θ e f j ø	ʦ a f j œi -	ʦ a f j œi	θ ɛ f j œi -	θ ɛ f j œi	ʦ a θ j œi -	ʦ a θ j œi	ʧ a s - y -	ʧ a s y	ʦ a ʃ - œ -	ʦ a ʃ œ	ʧ - s - u -	ʧ s u	ʧ - s - u -	ʧ s u	ʦ a ç - aː -	ʦ a ç aː	ʧ ə s - u -	ʧ ə s u	ʦ a ç - aː -	ʦ a ç aː	ʦ a ʃ j ou -	ʦ a ʃ j ou	ʦ a ç - œu -	ʦ a ç œu	ʦ a s j ou -	ʦ a s j ou	ʦ a ʃ ç ou k	ʦ a ʃ ç ou k	θ ɛ f j œ -	θ ɛ f j œ	ʧ a s - ø -	ʧ a s ø	θ ɛ f j œ -	θ ɛ f j œ	ʧ a s - œ -	ʧ a s œ	ʧ a s - eː r	ʧ a s eː r	ʦ a ʃ - au -	ʦ a ʃ au	ʦ a f j aː -	ʦ a f j aː	ʦ a ç - ɔː -	ʦ a ç ɔː	ʦ a f j œi -	ʦ a f j œi	ʦ a s j ou -	ʦ a s j ou	ʦ a ʃ - a -	ʦ a ʃ a	ʦ a ç - aː -	ʦ a ç aː	ʦ a ʃ - ɑː -	ʦ a ʃ ɑː	ʦ a ç - aː -	ʦ a ç aː	ʧ a ʃ ç ɜu -	ʧ a ʃ ç ɜu	ʧ a ʃ - œ -	ʧ a ʃ œ	ʦ a - ɬ au -	ʦ a ɬ au	ʦ a s j ɜu -	ʦ a s j ɜu	ʧ - s - u -	ʧ s u	ʧ - s - u -	ʧ s u	ʦ a ʃ - ɔː -	ʦ a ʃ ɔː	ʦ a ç - øː -	ʦ a ç øː	ʧ a s - øː r	ʧ a s øː r	ʦ a s j u -	ʦ a s j u	ʦ a ç - a -	ʦ a ç a	ʧ - s - u -	ʧ s u	ʦ a f j au -	ʦ a f j au	ʧ æ ʃ - ɔ -	ʧ æ ʃ ɔ	ʧ a ʃ - oː -	ʧ a ʃ oː	ʦ a ʃ - ø -	ʦ a ʃ ø	ʧ - s - u -	ʧ s u	θ ɛ f j ø -	θ ɛ f j ø	θ ɛ f j ø -	θ ɛ f j ø	ʦ a ʃ - aː -	ʦ a ʃ aː	ʧ a s - ɑː -	ʧ a s ɑː
le_grenier	g u r - n æː -	g u r n æː	g - r ə n aː -	g r ə n aː	g u r - n ɑː -	g u r n ɑː	g - r i n i -	g r i n i	g ə r - n i -	g ə r n i	g - - - n iː -	g n iː	g - r ə n iː -	g r ə n iː	g - r ə n ɑː -	g r ə n ɑː	g ə r - n ɔː j	g ə r n ɔː j	g u r - n a -	g u r n a	g - ʁ ə n iː -	g ʁ ə n iː	g u r - n ɑː -	g u r n ɑː	g - r ə n i -	g r ə n i	g ə r - n ɑː -	g ə r n ɑː	g - r ə n ɪː -	g r ə n ɪː	g i r - n æi -	g i r n æi	g ə r - n iː -	g ə r n iː	g - r ə n eː -	g r ə n eː	g ə r - n e ŋ	g ə r n e ŋ	dʲ - - - n iː -	dʲ n iː	g u r - n aː -	g u r n aː	g ə r - n iː -	g ə r n iː	g u r - n ɑː -	g u r n ɑː	g - r i n i -	g r i n i	g ə r - n a -	g ə r n a	g e r - n i -	g e r n i	g - r ɛ n iː -	g r ɛ n iː	g - r ə n i -	g r ə n i	g - r ə ɲ iː -	g r ə ɲ iː	g ə r - n iː -	g ə r n iː	g ə r - n iː -	g ə r n iː	g - r ə n iː -	g r ə n iː	g - r a n ɛ̃ĩ -	g r a n ɛ̃ĩ	g ə r - n i -	g ə r n i	g - r ə n aː -	g r ə n aː	g - r ə n ei -	g r ə n ei	g e r - n ĩ -	g e r n ĩ	g - ʁ ə n a -	g ʁ ə n a	g u r - n æː -	g u r n æː	g u r - n aː -	g u r n aː	g u r - n ɑː -	g u r n ɑː	g ə r - n i -	g ə r n i	g ə r - n i -	g ə r n i	g ə r - n a -	g ə r n a	g - r ə n æi -	g r ə n æi	g ə r - n ɛ j	g ə r n ɛ j	g ə r - n e -	g ə r n e	g u r - n æː -	g u r n æː	g ə r - n ɑː -	g ə r n ɑː	g ə r - n iː -	g ə r n iː	g - r e n i -	g r e n i	g u r - n a -	g u r n a	g ə r - n eː -	g ə r n eː	g a r - n ai -	g a r n ai	g u r - n ɛː -	g u r n ɛː	g - r ə n eː -	g r ə n eː	g ə r - n æː -	g ə r n æː	g ə r - n iː -	g ə r n iː	g ə r - n i -	g ə r n i	g ə r - n i -	g ə r n i	g ə r - n aː -	g ə r n aː	g - r ə n ɑː -	g r ə n ɑː
le_medecin	m ɛː - - ʣ ɔ -	m ɛː ʣ ɔ	m aː - - ʣ ɔ -	m aː ʣ ɔ	m ɑː - - ʣ ʊ -	m ɑː ʣ ʊ	m ɛ r ɛ s ə̃ -	m ɛ r ɛ s ə̃	m ɛ - - ʦ aː -	m ɛ ʦ aː	m ɛ - - ʦ ĩ -	m ɛ ʦ ĩ	m eː - - ʦ ɪ̃ -	m eː ʦ ɪ̃	m ə d ə s ɛ̃ -	m ə d ə s ɛ̃	m ɔi - - ʣ o -	m ɔi ʣ o	m a - - ʣ ɔ -	m a ʣ ɔ	m iː - - ʤ - -	m iː ʤ	m ɑː - - ʣ u -	m ɑː ʣ u	m ɛ - - ʦ ɛ̃ -	m ɛ ʦ ɛ̃	m ɛ - - ʦ ɛ̃ -	m ɛ ʦ ɛ̃	m ɛ - - ʦ ɛ̃ -	m ɛ ʦ ɛ̃	m ɛ d ə θ ẽĩ -	m ɛ d ə θ ẽĩ	m iː - - ʤ - -	m iː ʤ	m eː - - ʣ u -	m eː ʣ u	m eː - - ʤ - -	m eː ʤ	m ɛ - - ʦ ɪ̃ -	m ɛ ʦ ɪ̃	m aː - - ʣ u -	m aː ʣ u	m ɛ - - ʦ ɪ̃ -	m ɛ ʦ ɪ̃	m aː - - ʣ u -	m aː ʣ u	m ɛ d e s i ŋ	m ɛ d e s i ŋ	m ai d ə ʃ ẽĩ -	m ai d ə ʃ ẽĩ	m ɛ d ɛ s i ŋ	m ɛ d ɛ s i ŋ	m ɛ d ɛ s ẽ -	m ɛ d ɛ s ẽ	m ə - - ʦ ɛ̃ĩ -	m ə ʦ ɛ̃ĩ	m eː - - ʣ ə -	m eː ʣ ə	m ɛ - - ʦ ɛ̃ -	m ɛ ʦ ɛ̃	m iː - - ʤ - -	m iː ʤ	m ɛ - - ʦ ɑː -	m ɛ ʦ ɑː	m ɛː - - ʣ u -	m ɛː ʣ u	m a - - ʣ ə -	m a ʣ ə			m ɛ d ə s ɛ̃ĩ -	m ɛ d ə s ɛ̃ĩ	m ɛ d ə s ɪ̃ ŋ	m ɛ d ə s ɪ̃ ŋ	m a - - ʣ ɔ -	m a ʣ ɔ	m eː - - ʣ ɔ -	m eː ʣ ɔ	m aː - - ʣ u -	m aː ʣ u	m ɑː - - ʣ u -	m ɑː ʣ u	m ei d ə s ə̃ -	m ei d ə s ə̃	m ei - - ʤ ɔ -	m ei ʤ ɔ	m a - - ʣ ə -	m a ʣ ə	m ɛ d ə s ẽĩ -	m ɛ d ə s ẽĩ	m ɛi - - ʤ - -	m ɛi ʤ	m eː - - ʤ - -	m eː ʤ	m æː - - ʣ ɔ -	m æː ʣ ɔ	m ɑː - - ʣ ɔ -	m ɑː ʣ ɔ	m eː - - ʤ - -	m eː ʤ	m ɛ d e s ə̃ -	m ɛ d e s ə̃	m aː - - ʣ u -	m aː ʣ u	m e - - ʤ - -	m e ʤ	m æi d ə s ɛ̃ -	m æi d ə s ɛ̃	m ɛː - - ʣ ɔ -	m ɛː ʣ ɔ	m eː - - ʣ u -	m eː ʣ u	m æː - - ʣ ɔ -	m æː ʣ ɔ	m ɛ - - ʦ ĩ -	m ɛ ʦ ĩ	m ɛ - - ʦ ɛ̃ -	m ɛ ʦ ɛ̃	m ɛ - - ʦ ɛ̃ -	m ɛ ʦ ɛ̃	m a - - ʣ o -	m a ʣ o	m aː - - ʣ ɔ -	m aː ʣ ɔ
le_saule	ʃ oː ʣ ə	ʃ oː ʣ ə	s oː ʣ ə	s oː ʣ ə	ʃ oː ʣ ə	ʃ oː ʣ ə			s oː ʣ -	s oː ʣ	s aː s -	s aː s	s oː s -	s oː s	s ɑː ʣ ə	s ɑː ʣ ə	s œu ʣ ə	s œu ʣ ə	ʃ oː z ə	ʃ oː z ə	s oː ʤ -	s oː ʤ	s o ʣ ə	s o ʣ ə	ʃ oː ð ɛ	ʃ oː ð ɛ	s oː ʣ ə	s oː ʣ ə	ʃ œu ð ɛ	ʃ œu ð ɛ	ʃ oː d ə	ʃ oː d ə	s oː ʤ -	s oː ʤ	s aː ʣ -	s aː ʣ	s oː l -	s oː l	s ɑː s -	s ɑː s	ʃ oː ʣ ə	ʃ oː ʣ ə	s ɑː s -	s ɑː s	s oː ʣ -	s oː ʣ	ʃ aː v a	ʃ aː v a	ʃ oː ʣ ə	ʃ oː ʣ ə	ʃ aː z e	ʃ aː z e	ʃ aː z ə	ʃ aː z ə	s au ð ɔ	s au ð ɔ	s oː ʣ -	s oː ʣ	s ɔː ð ə	s ɔː ð ə	s o ʤ -	s o ʤ	s oː ʤ -	s oː ʤ	s oː ʣ ə	s oː ʣ ə	ʃ au ʣ ə	ʃ au ʣ ə			ʃ oː l a	ʃ oː l a			s oː ʣ -	s oː ʣ	ʃ oː ʣ ə	ʃ oː ʣ ə	ʃ oː ʣ ə	ʃ oː ʣ ə	s oː ʣ ə	s oː ʣ ə	ʃ aː ʣ ə	ʃ aː ʣ ə	s oː l a	s oː l a	ʃ oː d ə	ʃ oː d ə	s aː ʣ ə	s aː ʣ ə	s ɔu ʤ -	s ɔu ʤ	s ɔː ʤ -	s ɔː ʤ	s oː ʣ ə	s oː ʣ ə	s oː ʣ ɛ	s oː ʣ ɛ	s oː ʤ -	s oː ʤ	ʃ aː ʣ ɛ	ʃ aː ʣ ɛ	ʃ oː ʣ -	ʃ oː ʣ	s ɑː ʤ -	s ɑː ʤ	s oː ʣ e	s oː ʣ e	s oː ʣ ə	s oː ʣ ə	s oː ʣ ə	s oː ʣ ə	s oː ʣ ɛ	s oː ʣ ɛ	s ɑː s -	s ɑː s	ʃ oː ð ɛ	ʃ oː ð ɛ	ʃ ɔː ð o	ʃ ɔː ð o	s oː ʣ ə	s oː ʣ ə	s oː l a	s oː l a
le_sentier	ʃ ɛ̃ - d æː -	ʃ ɛ̃ d æː	ʃ ɛ̃ ŋ d aː -	ʃ ɛ̃ ŋ d aː	s ɛ̃ - d ɑː -	s ɛ̃ d ɑː	s ã - ʨ e -	s ã ʨ e	s ɛ - t iː -	s ɛ t iː	s ɛ̃ - t iː -	s ɛ̃ t iː	s ɑ̃ n t iː -	s ɑ̃ n t iː			s œ̃ - d ɑː j	s œ̃ d ɑː j	ʃ ɛ̃ː - d a -	ʃ ɛ̃ː d a	s a - t iː -	s a t iː	s ɛ̃ - d ɑː -	s ɛ̃ d ɑː									s ɛ - t iː -	s ɛ t iː	s ɛ - t eː -	s ɛ t eː	s ɔ - t e ŋ	s ɔ t e ŋ	s ɛ̃ - t iː -	s ɛ̃ t iː	ʃ ã ŋ d aː -	ʃ ã ŋ d aː	s ã n t iː -	s ã n t iː	s ã - d ɑː -	s ã d ɑː															s ã n t iː -	s ã n t iː	s ɛ - t iː -	s ɛ t iː	s ɛ̃ n d ẽĩ -	s ɛ̃ n d ẽĩ	ʃ æː - d aː -	ʃ æː d aː					s ã - ʧʲ e -	s ã ʧʲ e			ʃ ɛ̃ - d æː -	ʃ ɛ̃ d æː	s ɛ̃ː - d aː -	s ɛ̃ː d aː	s ã - d ɑ -	s ã d ɑ			s ɛ - t iː -	s ɛ t iː	s ɛ̃ - d aː -	s ɛ̃ d aː			s ɔ - t ɛ j	s ɔ t ɛ j	s ɔ - t e -	s ɔ t e	s ɛ̃ː - d ɑː -	s ɛ̃ː d ɑː	s ɛ̃ː - d ɑː -	s ɛ̃ː d ɑː	s æ - t iː -	s æ t iː			ʃ ɛ̃ - d a -	ʃ ɛ̃ d a	s ɔ - t e -	s ɔ t e	s ɛ̃ - d æi -	s ɛ̃ d æi			ʃ ɛ̃ĩ - d e -	ʃ ɛ̃ĩ d e	s ɛ̃ - d æː -	s ɛ̃ d æː	s ɛ n t iː -	s ɛ n t iː			ʃ ã - tʲ e -	ʃ ã tʲ e	s ɛː - d aː -	s ɛː d aː	ʃ æː - d ɑ -	ʃ æː d ɑ
les_deux_moities	m - i tʲ - ɛ	m i tʲ ɛ	m - a t - i	m a t i	m - a tʲ - ɛ	m a tʲ ɛ	m - e ʨ - e	m e ʨ e	m - a t - iː	m a t iː	m w a t - iː	m w a t iː	m w a t - iː	m w a t iː	m - ɑː ʧ j e	m ɑː ʧ j e	m - ɔi ʨ - e	m ɔi ʨ e	m - a ʨ - ɛ	m a ʨ ɛ	m - ɛ t - i	m ɛ t i	m - ɛː t - i	m ɛː t i	m - ɛː t j ɛ	m ɛː t j ɛ	m w ɑː ʧ j e	m w ɑː ʧ j e	m - ɛː t j a	m ɛː t j a	m - æi ʧ ç ɛ	m æi ʧ ç ɛ	m - æː t - iː	m æː t iː	m - ɛ t - i	m ɛ t i	m w a t - iː	m w a t iː	m w æ t - iː	m w æ t iː	m - ei tʲ - ɛ	m ei tʲ ɛ	m w a t - iː	m w a t iː	m - a t j ɛ	m a t j ɛ	m - ei ʧ j ɛ	m ei ʧ j ɛ	m - ɛ tʲ - ɛ	m ɛ tʲ ɛ	m - i ʨ - ɛ	m i ʨ ɛ	m - ei ʧ ç ɛ	m ei ʧ ç ɛ	m - ɛː t j ɛ	m ɛː t j ɛ	m - ɛː tʲ - e	m ɛː tʲ e	m - a t - iː	m a t iː	m - i t - ã	m i t ã	m w ɑ t - iː	m w ɑ t iː	m - a tʲ - e	m a tʲ e	m - a t - i	m a t i	m - e tʲ - e	m e tʲ e	m - ei tʲ - ɛ	m ei tʲ ɛ	m - ĩ ʨ - ɛ	m ĩ ʨ ɛ	m - a t - iː	m a t iː	m - ɛi tʲ - ɛ	m ɛi tʲ ɛ	m - a t - ɪ	m a t ɪ	m - ɛĩ t - i	m ɛĩ t i	m - e ʧ j e	m e ʧ j e	m - ɑː t - i	m ɑː t i	m - ɛː ʧ ç ɛ	m ɛː ʧ ç ɛ	m - e tʲ - e	m e tʲ e	m - ɛi t - iː	m ɛi t iː	m - i t - ã	m i t ã	m - a t - i	m a t i	m - a ʨ - e	m a ʨ e	m - eː t - iː	m eː t iː	m - i ʧ - e	m i ʧ e	m - e ʨ - ɛ	m e ʨ ɛ	m - ɛː t - iː	m ɛː t iː	m - æi tʲ - e	m æi tʲ e	m - ɛː t - i	m ɛː t i	m - æː t - i	m æː t i	m - æː t - i	m æː t i	m w æ t - iː	m w æ t iː	m - ɛː t - iː	m ɛː t iː	m - ɛː t j ɛ	m ɛː t j ɛ	m - a t - i	m a t i	m - a t - i	m a t i
lire	lʲ - æː - r ə	lʲ æː r ə	j - ɛː - r ɛ	j ɛː r ɛ	lʲ - ɛː - r -	lʲ ɛː r	lʲ - iː - r ɛ	lʲ iː r ɛ	lʲ - iː - r -	lʲ iː r	j - e - r -	j e r	l - eː - r -	l eː r	lʲ - e - r ə	lʲ e r ə	lʲ - ɛː - r ə	lʲ ɛː r ə	d - iː - r ə	d iː r ə	lʲ - eː - ʁ -	lʲ eː ʁ	lʲ - eː - r -	lʲ eː r	l - iː - r ə	l iː r ə	lʲ - eː - r e	lʲ eː r e	lʲ ɥ iː - r ɛ	lʲ ɥ iː r ɛ	j - eː - r ə	j eː r ə	lʲ - iː - r -	lʲ iː r	l - i - r -	l i r	j - øː - r -	j øː r	j - eː - r -	j eː r	j - ɛː - r ə	j ɛː r ə	j - øː - r -	j øː r	lʲ - ɛː - r ə	lʲ ɛː r ə	l - iː g r ə	l iː g r ə	l - iː - ʁ e	l iː ʁ e	l - iː g r ɛ	l iː g r ɛ	lʲ - iː - rː ə	lʲ iː rː ə	l - iː - r ə	l iː r ə	lʲ - ɛː - r ɛ	lʲ ɛː r ɛ	l - iː - r -	l iː r	j - ɪː - r -	j ɪː r	j - iː - r -	j iː r	lʲ - eː - r e	lʲ eː r e	lʲ - eː - r ə	lʲ eː r ə	lː - ɪː - ʁ ə	lː ɪː ʁ ə	j - eː - r e	j eː r e	l - iː - r ə	l iː r ə	lʲ - øː - ʁ -	lʲ øː ʁ	lʲ - eː - r ə	lʲ eː r ə	lʲ - eː - r ə	lʲ eː r ə	lʲ - eː - r ə	lʲ eː r ə	l - eː - rː ə	l eː rː ə	lʲ - iː - r -	lʲ iː r	ɬ - a - r ɛ	ɬ a r ɛ	j - e - r ə	j e r ə	dʲ - iː - r ə	dʲ iː r ə	j - øː - r -	j øː r	j - ɛː - r ɛ	j ɛː r ɛ	lʲ - ɛː - r e	lʲ ɛː r e	j - iː - r -	j iː r	l - eː - r e	l eː r e	j - ɛː - r -	j ɛː r	j - œ - r -	j œ r	j - æi - r ɛ	j æi r ɛ	lʲ - ɛː - r -	lʲ ɛː r	lʲ - øː - r ə	lʲ øː r ə	lʲ - øː - r ɛ	lʲ øː r ɛ	j - øː - r -	j øː r	l - iː - r ə	l iː r ə	l - iː - ʁ -	l iː ʁ	lʲ - ɛː - r ə	lʲ ɛː r ə	j - eː - r ə	j eː r ə
m_appeler					- - k - r i j ɑː	k r i j ɑː											- - k - r i j ɑː	k r i j ɑː	- - k - r i j aː	k r i j aː							- - k ə r - j aː	k ə r j aː									r ɛ k - r i j a	r ɛ k r i j a									- - k - r i j aː	k r i j aː			- - k - r i j aː	k r i j aː	- - k - r i j aː	k r i j aː	- - k - r i j ɔː	k r i j ɔː			- - k - r i j ɔː	k r i j ɔː	- - k - r i j a	k r i j a					- - k - r i j ɑː	k r i j ɑː									- - tʲ i r - - a	tʲ i r a	- - k - r i j aː	k r i j aː			- - k e r - j aː	k e r j aː			- - k - r i j aː	k r i j aː									- - k - r i j ɑː	k r i j ɑː					- - tʲ i r - - ɑ	tʲ i r ɑ			- - k ə r - j ɑː	k ə r j ɑː					- - k - r i j aː	k r i j aː									- - k - r i j aː	k r i j aː
mieux_qu_elle	kʲ - ɛ l i -	kʲ ɛ l i	k - e j iː -	k e j iː	tʲ - ɛ l i -	tʲ ɛ l i	k - ɛ lʲ e -	k ɛ lʲ e	k - ə lʲ iː -	k ə lʲ iː	k - - l eː -	k l eː	k - - l e -	k l e	k - ə lʲ i -	k ə lʲ i	tʲ - ɛ l i -	tʲ ɛ l i	tʲ - ɛ l i -	tʲ ɛ l i	k - - l iː -	k l iː	k - ɛ lʲ i -	k ɛ lʲ i	k - - lʲ ɛ -	k lʲ ɛ	k - ə lʲ e -	k ə lʲ e	k - ə lʲ ɛː -	k ə lʲ ɛː	k - ɛ j e -	k ɛ j e	k - - lʲ iː -	k lʲ iː	k - - l i -	k l i	ʨ - - l ẽ -	ʨ l ẽ	k l e j e -	k l e j e	tʲ - ɛ l i -	tʲ ɛ l i	k - - l eː -	k l eː	k j ɛ j i -	k j ɛ j i	k - ɛ lʲ ɛ -	k ɛ lʲ ɛ	k - ə j e -	k ə j e	k - ɛ lʲ ɛ k	k ɛ lʲ ɛ k	k - ɛ lʲ ɛ -	k ɛ lʲ ɛ	k - ə lʲ ɛ -	k ə lʲ ɛ	kʲ - ɛ lʲ iː -	kʲ ɛ lʲ iː	k - ə lʲ a -	k ə lʲ a	k - - - ɪː -	k ɪː	k - ə j iː -	k ə j iː	tʲ - ɛ l i -	tʲ ɛ l i	k - ɛ lʲ i -	k ɛ lʲ i	k - e lʲ ə -	k e lʲ ə	k - e j e -	k e j e	k - ɛ lʲ ɛ -	k ɛ lʲ ɛ	k - ə lʲ iː -	k ə lʲ iː	kʲ - ɛ l i -	kʲ ɛ l i	tʲ - ɛ l i -	tʲ ɛ l i	tʲ - ɛ lʲ i -	tʲ ɛ lʲ i	k - ə j ɛ j	k ə j ɛ j	k - - lʲ iː -	k lʲ iː	tʲ - ɛ ł i -	tʲ ɛ ł i	k - ɛ j e -	k ɛ j e	k - ə dʲ ɛ j	k ə dʲ ɛ j	k - - j e -	k j e	tʲ - ɛ l i -	tʲ ɛ l i	k - e lʲ iː -	k e lʲ iː	k - ə j iː -	k ə j iː	kʲ - ɛ l e -	kʲ ɛ l e	k - ɛ l i -	k ɛ l i	k - - j e -	k j e	k - ə ʒ æi -	k ə ʒ æi	tʲ - ɛ lʲ iː -	tʲ ɛ lʲ iː	k - ə l i -	k ə l i	k - ɛ lʲ iː -	k ɛ lʲ iː	tʲ - ə l eː -	tʲ ə l eː	k - - lʲ æ -	k lʲ æ	k - ə lʲ e -	k ə lʲ e	k - ɛ l i -	k ɛ l i	kʲ - ɛ l i -	kʲ ɛ l i
moudre	m au d - r ə	m au d r ə	m a d - r ɛ	m a d r ɛ	m aː d - r ə	m aː d r ə	m ʉ d - r ɛ	m ʉ d r ɛ	m øː d - r -	m øː d r	m œ d ə r -	m œ d ə r	m øː d - r -	m øː d r	m œi d - r ə	m œi d r ə	m æ d - r ə	m æ d r ə	m a d - r ɛ	m a d r ɛ	m øː d - ʁ -	m øː d ʁ	m a d - r ə	m a d r ə	m øː d - r ə	m øː d r ə	m œi d - r e	m œi d r e	m œ d - r ɛ	m œ d r ɛ	m øː d - r ə	m øː d r ə	m øː d - r -	m øː d r	m øː d - r ə	m øː d r ə	m øː d - r -	m øː d r	m œ d - r ə	m œ d r ə	m aː d - r ə	m aː d r ə	m øː d - r ə	m øː d r ə	m aː d - r ə	m aː d r ə	m uː d - r ə	m uː d r ə	m œu d - ʁ ə	m œu d ʁ ə	m u d - r ɛ	m u d r ɛ	m uː d - r ə	m uː d r ə	m øː d - r -	m øː d r	m yː d - r ɛ	m yː d r ɛ	m œi d - r ə	m œi d r ə	m yː d ə r -	m yː d ə r	m eː d - r -	m eː d r	m ʏː d - r ɛ	m ʏː d r ɛ	m au d - r e	m au d r e	m œi d - r ə	m œi d r ə	m œi d - r ə	m œi d r ə	m ũ d - r e	m ũ d r e	m ø d - ʁ -	m ø d ʁ	m aː d - r ə	m aː d r ə	m ɑː d - r ɛ	m ɑː d r ɛ	m aː d - r ə	m aː d r ə	m ʉː d - r ə	m ʉː d r ə	m øː d - r -	m øː d r	m a d - r ɛ	m a d r ɛ	m œ d - r ə	m œ d r ə	m œi d - r -	m œi d r	m øː d ə r -	m øː d ə r	m ɔː d - r ɛ	m ɔː d r ɛ	m øː d - r e	m øː d r e	m ø d ə r -	m ø d ə r	m ũ d - r ɛ	m ũ d r ɛ	m aː d - r -	m aː d r	m ø d ə r -	m ø d ə r	m au d - r ə	m au d r ə	m ɔː d - r ə	m ɔː d r ə	m øː d - r ə	m øː d r ə	m øː d - r ɛ	m øː d r ɛ	m œ d ə r -	m œ d ə r	m ø d - r ɛ	m ø d r ɛ	m ø d - r -	m ø d r	m a d - r ɛ	m a d r ɛ	m ɑː d - r ə	m ɑː d r ə
mur	m - - aː -	m aː	m - - aː -	m aː	m - - aː -	m aː	m - - o r	m o r	m - - œː r	m œː r	m æ v y -	m æ v y	m œ v y -	m œ v y	m - - y -	m y	m - - oː r	m oː r	m - - ɔː r	m ɔː r	m - w œ -	m w œ	m - - ɑː -	m ɑː	m - - ø -	m ø	m - - ʏ -	m ʏ	m - - œː ʁ	m œː ʁ	m - - ʏ -	m ʏ	m - - øː r	m øː r	m - w œ -	m w œ	m a j y -	m a j y	m æ v y -	m æ v y	m - - aː -	m aː	m æ j y -	m æ j y	m - - aː -	m aː	m - - ou -	m ou	m - - ỹ -	m ỹ	m aː v u k	m aː v u k	m - - ou -	m ou	m - - œi -	m œi	m - - ɔ r	m ɔ r	m - - œi -	m œi	m - - y r	m y r	m - - eː r	m eː r	m - - au -	m au	m - - ø r	m ø r	m - - ỹ -	m ỹ	m - - y -	m y	m a v uː r	m a v uː r	m - - ø -	m ø	m - - aː -	m aː	m - - ɑː -	m ɑː	m - - aː -	m aː	m - - ʉ -	m ʉ	m - - œ r	m œ r	m - - y -	m y	m - - ø -	m ø	m æ j y -	m æ j y	m a j ɛ r	m a j ɛ r	m - - ɔː -	m ɔː	m - - ʏ r	m ʏ r	m - - øː r	m øː r	m - - oː -	m oː	m - - aː -	m aː	m a j y -	m a j y	m - - ʏ -	m ʏ	m - - ɔ r	m ɔ r	m - w e -	m w e	m - - œ -	m œ	m æ j y -	m æ j y	m - - œi -	m œi	m - - ø -	m ø	m - - ɑː -	m ɑː	m - - ɑː -	m ɑː
ne_savent_pas	ʃ ã - - -	ʃ ã	s aː v ɔ̃ -	s aː v ɔ̃	s ɑː v ɔ̃ -	s ɑː v ɔ̃	ʃ ã - - n	ʃ ã n	s aː v ɛ -	s aː v ɛ	s ɛ̃ - - -	s ɛ̃	s aː v ɔ -	s aː v ɔ	s aː v ɔ̃ -	s aː v ɔ̃	s ɑː v ɔ̃ -	s ɑː v ɔ̃	ʃ ã - - -	ʃ ã	s aː v a -	s aː v a	s ɑː v ɔ̃ -	s ɑː v ɔ̃	s a v õ -	s a v õ	s aː v ɔ̃ -	s aː v ɔ̃	s aː v ɔ̃ -	s aː v ɔ̃	ʃ aː - ɔ̃ -	ʃ aː ɔ̃	s aː v ɛ -	s aː v ɛ	s ã - - -	s ã	s ã - - -	s ã	s ɛ̃ - - -	s ɛ̃	ʃ aː v ɔ̃ -	ʃ aː v ɔ̃	s ɛ̃ː - - -	s ɛ̃ː	s aː v ɔ̃ -	s aː v ɔ̃	ʃ aː v u n	ʃ aː v u n	ʃ aː v ɔ̃ -	ʃ aː v ɔ̃	ʃ aː v ɔ n	ʃ aː v ɔ n	ʃ aː v ɔ̃ -	ʃ aː v ɔ̃	s ɑu v ã -	s ɑu v ã	s ã - - -	s ã	s ɑː v ɔ̃ -	s ɑː v ɔ̃	s ã - - -	s ã	s ã - - -	s ã	s ã - - ŋ	s ã ŋ	s ɑː v ɔ̃ -	s ɑː v ɔ̃	ʃ ɔ̃ - - -	ʃ ɔ̃	ʃ aː v ɔ̃ -	ʃ aː v ɔ̃	ʃ aː v ɔ̃ -	ʃ aː v ɔ̃	s a v ɛ̃ -	s a v ɛ̃	s ã - - -	s ã	s aː v ã -	s aː v ã	s ɑː v ɑ̃ -	s ɑː v ɑ̃	ʃ ɔ̃ - - -	ʃ ɔ̃	s eː v ɛ -	s eː v ɛ	ʃ aː v ɔ̃ -	ʃ aː v ɔ̃	s aː v ɔ̃ -	s aː v ɔ̃	s ã - - -	s ã	s ã - - -	s ã	s aː v ã -	s aː v ã	s ɑː v ɔ̃ -	s ɑː v ɔ̃	s aː v ɛ -	s aː v ɛ	ʃ aː - ɔ̃ -	ʃ aː ɔ̃	ʃ a v ɔ̃ -	ʃ a v ɔ̃	s ãː - - -	s ãː	s ɑː v ã -	s ɑː v ã	s eː v ɔ̃ -	s eː v ɔ̃	s ɑː v ɔ̃ -	s ɑː v ɔ̃	s aː v ɔ̃ -	s aː v ɔ̃	s ɛ̃ - - -	s ɛ̃	s ɑː v õ -	s ɑː v õ	s ɑu v ɔ̃ -	s ɑu v ɔ̃	s aː v ã -	s aː v ã	s aː v ɔ̃ -	s aː v ɔ̃
notre	n ɔ θ - - ɔ̃	n ɔ θ ɔ̃	n uː t - r ɔ̃	n uː t r ɔ̃	n u θ - r ɔ̃	n u θ r ɔ̃	n oː h - r ɛ	n oː h r ɛ	n uː t - r a	n uː t r a	n o t - - -	n o t	n ʊ̃ t - r ə	n ʊ̃ t r ə	n u t - r ɔ̃	n u t r ɔ̃	n o h - r ɔ̃	n o h r ɔ̃	n uː θ - r ɔ̃	n uː θ r ɔ̃	n uː t - ʁ -	n uː t ʁ	n uː t - r u	n uː t r u	n u t - r ɔ̃	n u t r ɔ̃	n u t - r ɔ̃	n u t r ɔ̃	n u t - r ɔ̃	n u t r ɔ̃	n ɔ̃ t - r e	n ɔ̃ t r e	n u t ə r -	n u t ə r	n uː t - r u	n uː t r u	n o t - - -	n o t	n o t - - -	n o t	n u θ - r ɔ̃	n u θ r ɔ̃	n o t - - -	n o t	n u h - r ɔ̃	n u h r ɔ̃	n uː θ - r e	n uː θ r e	n ũ t - r o	n ũ t r o	n o h - r e	n o h r e	n oː t - r ə	n oː t r ə	n y t - r ɔ̃	n y t r ɔ̃	n - t - r ə	n t r ə	n ə t - r ɔ̃	n ə t r ɔ̃	n ø t - - -	n ø t	n u t ə r -	n u t ə r	n uː t - r u	n uː t r u	n u t - r ɔ̃	n u t r ɔ̃	n õ t - r o	n õ t r o	n ũ t - r o	n ũ t r o	n oː t - r e	n oː t r e	n uː t - ʁ a	n uː t ʁ a	n ɔ θ - - ɔ̃	n ɔ θ ɔ̃	n u t - r ɔ̃	n u t r ɔ̃	n uː θ - r ɔ̃	n uː θ r ɔ̃	n ũ t - r ə	n ũ t r ə	n uː t - r a	n uː t r a	n u t - r ɔ̃	n u t r ɔ̃	n ũ t - r o	n ũ t r o	n ou t - - -	n ou t	n o t - - -	n o t	n uː t - r ɔ̃	n uː t r ɔ̃	n uː t - r ɔ̃	n uː t r ɔ̃	n u t ə r -	n u t ə r	n ɔ - - - -	n ɔ	n u θ - r ɔ̃	n u θ r ɔ̃	n o t - - -	n o t	n u t - r ɔ̃	n u t r ɔ̃	n u t - r o	n u t r o	n uː t - r u	n uː t r u	n uː t - r ɔ	n uː t r ɔ	n o t - - -	n o t	n u t - r ɔ̃	n u t r ɔ̃	n u t - r ɔ̃	n u t r ɔ̃	n u t - r ɔ̃	n u t r ɔ̃	n u t - r ɔ̃	n u t r ɔ̃
oiseau_vert	- ɔ ʒ i -	ɔ ʒ i	- ɔ z e -	ɔ z e	- ɔ ʒ i -	ɔ ʒ i	- ʉː ʒ e -	ʉː ʒ e	- ɔ z e -	ɔ z e	- oː z eː -	oː z eː	- œ z e -	œ z e	- i ʒ e -	i ʒ e	- o z ei -	o z ei	- ɔ ʒ i -	ɔ ʒ i	- ɔ z e -	ɔ z e	- ɔ z i -	ɔ z i	- i z e -	i z e	- i z ei -	i z ei	- i z e -	i z e			- ɔ z eː -	ɔ z eː	- ɔ z eː -	ɔ z eː	- oː ʒ ẽ ŋ	oː ʒ ẽ ŋ	- o ʒ eː -	o ʒ eː	- ɔ ʒ iː -	ɔ ʒ iː	- oː ʒ eː -	oː ʒ eː	- ɔ z i -	ɔ z i	- ou ʒ e -	ou ʒ e			- ou ʒ eː -	ou ʒ eː	- ou ʒ e -	ou ʒ e	- i z e -	i z e	- ɔ z e -	ɔ z e	- i z e -	i z e	- ɔ z e -	ɔ z e	- o z i -	o z i	- ɔ z e -	ɔ z e	- o z ei -	o z ei	- ɔ ʒ e -	ɔ ʒ e			- i ʒ ei -	i ʒ ei	- ɔ z ɪ -	ɔ z ɪ	- ɔ ʒ i -	ɔ ʒ i	- ɔ z ɪː -	ɔ z ɪː	- ɔ z i -	ɔ z i			- ɔ z e j	ɔ z e j	- iː z e -	iː z e			- ou ʒ ɛ j	ou ʒ ɛ j	- o ʒ e -	o ʒ e	- ɔ z e -	ɔ z e	- ɔ z ei -	ɔ z ei	- ɔ z e -	ɔ z e	ʒ i ʒ ei -	ʒ i ʒ ei	- ɔ ʒ i -	ɔ ʒ i	- oː ʒ e -	oː ʒ e	- i z i -	i z i	- ɔ z i -	ɔ z i	- u z e -	u z e	- ɔ z i -	ɔ z i	- o ʒ eː -	o ʒ eː	- i z e -	i z e	- i z e -	i z e	- o z iː -	o z iː	- ɔ z e -	ɔ z e
pauvrete	p u - - r ɛ t ɑː	p u r ɛ t ɑː	p uː - - r e t aː	p uː r e t aː	p u - - r ɛ t ɑː	p u r ɛ t ɑː	p uː - - r ɛ t o	p uː r ɛ t o	p uː v ə r - t aː	p uː v ə r t aː	p o v - r ə t æː	p o v r ə t æː	p uː - - r - t aː	p uː r t aː	p u - - r ɛ t ɑː	p u r ɛ t ɑː	p u v - r ɛ t ɔː	p u v r ɛ t ɔː	p uː - - r ɛ t ɑ	p uː r ɛ t ɑ	p uː - - ʁ - t aː	p uː ʁ t aː	p oː v - r ə t ɑː	p oː v r ə t ɑː	p u - - r - t ɑu	p u r t ɑu	p u - - r ə t o	p u r ə t o	p u v ə r - t ɑ	p u v ə r t ɑ	p uː - - r ɛ t o	p uː r ɛ t o	p uː v - r ə t aː	p uː v r ə t aː	p uː - - r - t e	p uː r t e	p oː v ə r - t aː	p oː v ə r t aː	p uː - - r - t æː	p uː r t æː	p uː - - r ɛ t aː	p uː r ɛ t aː	p oː - - r - t æː	p oː r t æː	p uː - - r ɛ t aː	p uː r ɛ t aː	p oː - - r ɛ t aː	p oː r ɛ t aː	p uː - - r ɛ t o	p uː r ɛ t o	p oː - - r ɛ t aː	p oː r ɛ t aː	p oː - - r ɛ t a	p oː r ɛ t a	p uː v ə r - t ɔu	p uː v ə r t ɔu	p u - - r ɛ t ɑː	p u r ɛ t ɑː	p uː v ə r - t ɔː	p uː v ə r t ɔː	p ø v ə r - t a	p ø v ə r t a	p u v - r ə t ɑ	p u v r ə t ɑ	p ʊː - - r ɛ t aː	p ʊː r ɛ t aː	p uː - - r ɛ t ɑː	p uː r ɛ t ɑː	p u - - r e t o	p u r e t o	p uː - - r a j -	p uː r a j	p ou - - r ɛ t a	p ou r ɛ t a	p uː - - ʁ ə t aː	p uː ʁ ə t aː	p u - - r ɛ t aː	p u r ɛ t aː	p oː v - r ə t aː	p oː v r ə t aː	p u - - r ɛ t ɑ	p u r ɛ t ɑ	p ʊː - - r ə t a	p ʊː r ə t a	p u - - r - t e	p u r t e	p ʊː - - r ɛ t a	p ʊː r ɛ t a	p u - - r ə t o	p u r ə t o	p o v - r ə t a	p o v r ə t a	p o v - r ə t ɛ	p o v r ə t ɛ	p oː v - r e t aː	p oː v r e t aː	p uː - - r ɛ t ɑː	p uː r ɛ t ɑː	p uː v ə r - t aː	p uː v ə r t aː			p u - - r ɛ t ɔ	p u r ɛ t ɔ	p oː v - r ə t ɛː	p oː v r ə t ɛː	p u v - r ə t o	p u v r ə t o	p uː - - r ɛ t a	p uː r ɛ t a	p uː v - r ə t ɑː	p uː v r ə t ɑː	p uː - - r ə t aː	p uː r ə t aː	p o v ə r - t ɛː	p o v ə r t ɛː	p uː v - r ə t au	p uː v r ə t au	p uː v ə r - t au	p uː v ə r t au	p o v - r ɛ t aː	p o v r ɛ t aː	p o v - r ɛ t ɑː	p o v r ɛ t ɑː
perdu	p ɛ r - d y -	p ɛ r d y	p ɛ r - d y -	p ɛ r d y	p ɛ r - d y -	p ɛ r d y	p ɛ r - d y -	p ɛ r d y	p ɛ r - d y -	p ɛ r d y	p ə r - ʤ y -	p ə r ʤ y	p œ r - ʤ y -	p œ r ʤ y	p ɛ r - d y -	p ɛ r d y	p ɛ r - d y -	p ɛ r d y	p ɛ r - d y -	p ɛ r d y	p a - - ʤ y -	p a ʤ y	p ɛ r - d y -	p ɛ r d y	p a r - d y -	p a r d y	p ɛ r - d y -	p ɛ r d y	p a r - d yː -	p a r d yː	p ɛ r - d ʏ -	p ɛ r d ʏ	p ɛ r - d y -	p ɛ r d y	p - w ɛ ʤ y -	p w ɛ ʤ y	p a r - ʒ y -	p a r ʒ y	p - r ə ʤ y -	p r ə ʤ y	p ɛ r - d y -	p ɛ r d y	p ə r - ʒ y -	p ə r ʒ y	p ɛ r - d y -	p ɛ r d y	p e r - d u -	p e r d u	p a r - d y -	p a r d y	p ɛ r - d u k	p ɛ r d u k	p ɛ r - d ʊ -	p ɛ r d ʊ	p a r - d y -	p a r d y	p ɛ r - d y -	p ɛ r d y	p a r - d y -	p a r d y	p ɛ r - d y -	p ɛ r d y	p ɛ r - d u -	p ɛ r d u	p æ r - d y -	p æ r d y	p ɛ r - d y -	p ɛ r d y	p a ʁ - d y -	p a ʁ d y	p a r - d y -	p a r d y	p ɛ r - d u -	p ɛ r d u	p ɛ ʁ - d y -	p ɛ ʁ d y	p a r - d y -	p a r d y	p ɛ r - d y -	p ɛ r d y	p ɛ r - d y -	p ɛ r d y	p a r - d ʉ -	p a r d ʉ	p a r - d y -	p a r d y	p ɛ r - d y -	p ɛ r d y	p a r - d y -	p a r d y	p ɛ r - d y -	p ɛ r d y	p a r - ʒ y -	p a r ʒ y	p ɛ r - d y -	p ɛ r d y	p ɛ r - d y -	p ɛ r d y	p ɛ r - d y -	p ɛ r d y	p ə r - d u -	p ə r d u	p ɛ r - d y -	p ɛ r d y	p a r - d y -	p a r d y	p a r - d y -	p a r d y	p ɛ r - d y -	p ɛ r d y	p ɛ r - d y -	p ɛ r d y	p ɛ r - d y -	p ɛ r d y	p ə r - ʒ y -	p ə r ʒ y	p a r - d y -	p a r d y	p a r - d y -	p a r d y	p ɛ r - d y -	p ɛ r d y	p ɛ r - d y -	p ɛ r d y
quatre	k a t - r ɔ	k a t r ɔ	k a t - r ɔ	k a t r ɔ	k a t - r u	k a t r u	k a t - r o	k a t r o	k a t - r -	k a t r	k æ t - r -	k æ t r	k a t - r u	k a t r u	k a t - r ɔ	k a t r ɔ	k a t - r ɔ	k a t r ɔ	k a t - r ɔ	k a t r ɔ	k a t - ʁ -	k a t ʁ	k a t - r u	k a t r u	k a t - r -	k a t r	k a t - r ɔ	k a t r ɔ	k a t - r ə	k a t r ə	k a t - r ɔ	k a t r ɔ	k a t - r -	k a t r	k a t - r u	k a t r u	tʲ a t ə r -	tʲ a t ə r	k æ t - r -	k æ t r	k a t - r u	k a t r u	k a t - r -	k a t r	k a t - r u	k a t r u	k a t - r ɔ	k a t r ɔ	k a t - r o	k a t r o	k a t - r ɔ	k a t r ɔ	k a t - r ɔ	k a t r ɔ	k a t - r ə	k a t r ə	k a t - r -	k a t r	k a t - r -	k a t r	k a t ə r -	k a t ə r	k ɑ t - r -	k ɑ t r	k a t - r u	k a t r u	k a t - r ə	k a t r ə	k a t - r o	k a t r o	k a t - r o	k a t r o	k a t - r ɔ	k a t r ɔ	k a t - ʁ ɔ	k a t ʁ ɔ	k a t - r ɔ	k a t r ɔ	k a t - r u	k a t r u	k a t - r ʊ	k a t r ʊ	k a t - r ɔ	k a t r ɔ	k a t - r ɔ	k a t r ɔ	k a t - r ə	k a t r ə	k a t - r ʏ	k a t r ʏ	k a t - r -	k a t r	k a t ə r -	k a t ə r	k a t - r ɔ	k a t r ɔ	k a t - r -	k a t r	k a t - r -	k a t r	k a t - r o	k a t r o	k a t - r u	k a t r u	k a t - r -	k a t r	k a t - r ə	k a t r ə	k a t - r ɔ	k a t r ɔ	k a t - r u	k a t r u	k a t - r ɔ	k a t r ɔ	tʲ æ t ə r -	tʲ æ t ə r	k a t - r ə	k a t r ə	k a t - r o	k a t r o	k a t - r o	k a t r o	k a t - r ɔ	k a t r ɔ
racerer	r a θ ə r - i	r a θ ə r i	r a ʃ ə r - i	r a ʃ ə r i					r a s e r - iː	r a s e r iː	r æ s i r - iː	r æ s i r iː	r ɛ s i r - iː	r ɛ s i r iː	- a θ ə r - i	a θ ə r i	r a h œ r - i	r a h œ r i	r a θ a r - i	r a θ a r i	ʁ a s i ʁ - iː	ʁ a s i ʁ iː	r a s ə r - i	r a s ə r i	r a s - r - i	r a s r i	r a s ə r j e	r a s ə r j e	r a s ə r - i	r a s ə r i	- a θ ɛ r j e	a θ ɛ r j e			r ɛ s ə r - i	r ɛ s ə r i	r a s i r - iː	r a s i r iː	r æ s i r - iː	r æ s i r iː	r a s ə r - i	r a s ə r i	- æ s i r - i	æ s i r i	r a θ ə r - i	r a θ ə r i							- a s i r j ɛ	a s i r j ɛ	r a s ə r - i	r a s ə r i	r a s ə r - i	r a s ə r i	r a s ə r - i	r a s ə r i			r - s a r - iː	r s a r iː	r a s ə r j e	r a s ə r j e	r a s ə r - iː	r a s ə r iː					- - s i r j e	s i r j e	ʁ a s a͜i ʁ - iː	ʁ a s a͜i ʁ iː	r a θ ɛ r - i	r a θ ɛ r i	r a s e r - i	r a s e r i					r a s eː r - i	r a s eː r i					r a s i r - iː	r a s i r iː	r a s i r - iː	r a s i r iː	r a s ə r - ɪː	r a s ə r ɪː	r a s ə r - i	r a s ə r i	r a s - r - iː	r a s r iː	- a s e r j e	a s e r j e	r a θ ə r - i	r a θ ə r i	r a s i r - iː	r a s i r iː	r a f e r - i	r a f e r i			- a s ə r - i	a s ə r i	r a s ɛ r - i	r a s ɛ r i			- a s ə r - i	a s ə r i	r a s ə r - i	r a s ə r i	r a s ə r - i	r a s ə r i	r a s ə r - i	r a s ə r i
sans	ʃ ɛ̃ - z	ʃ ɛ̃ z	s ɛ̃ - -	s ɛ̃	s ɛ̃ĩ - ʒ	s ɛ̃ĩ ʒ	ʃ ə̃ - ʒ	ʃ ə̃ ʒ			s ɛ̃ - -	s ɛ̃	s ɑ̃ - -	s ɑ̃	s ɛ̃ - -	s ɛ̃	s œ̃ - z	s œ̃ z	ʃ œ̃ - ʒ	ʃ œ̃ ʒ	s æː - -	s æː	s ɛ̃ĩ - z	s ɛ̃ĩ z	s ɛ̃ - z	s ɛ̃ z	s ɛ̃ - z	s ɛ̃ z	s ã - z	s ã z	ʃ ɛ̃ - -	ʃ ɛ̃	s æː - -	s æː	s æː - -	s æː	s ã - -	s ã	s ɛ̃ - -	s ɛ̃	ʃ ẽĩ - ʒ	ʃ ẽĩ ʒ	s ɛ̃ - -	s ɛ̃	s ɛ̃ - z	s ɛ̃ z	ʃ ɛ̃ n ʒ	ʃ ɛ̃ n ʒ	ʃ ɛ̃ - ʒ	ʃ ɛ̃ ʒ	ʃ ɛ̃ - -	ʃ ɛ̃	ʃ ɛ̃ - ʒ	ʃ ɛ̃ ʒ					s ɛ̃ n -	s ɛ̃ n	s ɛ̃ - -	s ɛ̃	s ɑː - -	s ɑː	s ɛ̃ĩ - z	s ɛ̃ĩ z	s ɛ - -	s ɛ	ʃ ɛ̃ - d	ʃ ɛ̃ d	ʃ ɛ̃ - ʒ	ʃ ɛ̃ ʒ	ʃ ɛ̃ - ʒ	ʃ ɛ̃ ʒ	s ɛ̃ - -	s ɛ̃	ʃ ɛ̃ - ʒ	ʃ ɛ̃ ʒ	s ɛ̃ĩ - z	s ɛ̃ĩ z	s ɛ̃ĩ - z	s ɛ̃ĩ z	ʃ ɛ̃ - ʒ	ʃ ɛ̃ ʒ			ʃ ɛ̃ - z	ʃ ɛ̃ z	s ɛ̃ - -	s ɛ̃	s ã - z	s ã z	s ã - z	s ã z	s ɛ̃ - z	s ɛ̃ z	s ɛ̃ - z	s ɛ̃ z	s æː - j	s æː j	ʃ ə̃ - ʒ	ʃ ə̃ ʒ	s ɛ̃ - ʒ	s ɛ̃ ʒ	s ã - -	s ã	s ɛ̃ - z	s ɛ̃ z	s ɛ̃ĩ - -	s ɛ̃ĩ	s ɛ̃ - -	s ɛ̃	s ɛ̃ - z	s ɛ̃ z	s ɛ̃ - -	s ɛ̃			s ã - -	s ã	s ɛ - z	s ɛ z	s æ - -	s æ
six	ʃ - æː -	ʃ æː	s - i -	s i	ʃ - ɑː -	ʃ ɑː	ʃ - i ʃ	ʃ i ʃ	ʃ w iː -	ʃ w iː	ʃ - ɛː -	ʃ ɛː	ʃ - e -	ʃ e	ʃ - i -	ʃ i	s - ɔː -	s ɔː	ʃ - e -	ʃ e	ʃ - iː -	ʃ iː	ʃ - ɑː -	ʃ ɑː	s - i -	s i	ʃ - e -	ʃ e	s - i -	s i	ʃ - æi -	ʃ æi	ʃ - yː -	ʃ yː	ʃ w e -	ʃ w e	ʃ - e ŋ	ʃ e ŋ	ʃ - e -	ʃ e	ʃ - aː -	ʃ aː	ʃ - eː -	ʃ eː	ʃ - aː -	ʃ aː	ʃ - iː ʃ	ʃ iː ʃ	s - e -	s e	ʃ - iː ʃ	ʃ iː ʃ	ʃ - iː ʃ	ʃ iː ʃ	s - i -	s i	s - iː s	s iː s	s - iː -	s iː	ʃ w i -	ʃ w i	ʃ w i -	ʃ w i	ʃ - e -	ʃ e	ʃ - i -	ʃ i	s - aː -	s aː	ʃ - ei -	ʃ ei	ʃ - i ʃ	ʃ i ʃ	ʃ ɥ iː -	ʃ ɥ iː	ʃ - æː -	ʃ æː	ʃ - i -	ʃ i	ʃ - au -	ʃ au	ʃ - i -	ʃ i	ʃ w e j	ʃ w e j	ʃ - ɛ -	ʃ ɛ	s - æi -	s æi	ʃ w ei -	ʃ w ei	ʃ - e -	ʃ e	s - iː -	s iː	s - aː -	s aː	ʃ w e -	ʃ w e	ʃ - i ʃ	ʃ i ʃ	ʃ - a -	ʃ a	ʃ w ɛ -	ʃ w ɛ	ʃ - iː -	ʃ iː	ʃ - ɛː -	ʃ ɛː	s - iː s	s iː s	s - iː -	s iː	ʃ - ɛː -	ʃ ɛː	s - iː -	s iː	s - i -	s i	ʃ - ɪ -	ʃ ɪ	ʃ - i -	ʃ i
suivre	ʃ - æː d - r ə	ʃ æː d r ə	s - aː d - r ɛ	s aː d r ɛ	ʃ j ɑː d - r ə	ʃ j ɑː d r ə	s j ɑ - - rː ə	s j ɑ rː ə	s - iː g - r -	s iː g r	s - øː d ə r -	s øː d ə r	s - øː d - r -	s øː d r	ʃ - œi - - rː ə	ʃ œi rː ə	s ɥ iː v - r ə	s ɥ iː v r ə	ʃ ɥ iː v - r ɛ	ʃ ɥ iː v r ɛ	s - øː d - ʁ -	s øː d ʁ	ʃ - ei d - r ə	ʃ ei d r ə	ʃ ɥ i v - r -	ʃ ɥ i v r	ʃ - øː - - r ɛ	ʃ øː r ɛ	ʃ ɥ i v - r -	ʃ ɥ i v r	s ɥ iː v - r e	s ɥ iː v r e	s - iː g - r -	s iː g r	ʃ - øː d - r -	ʃ øː d r	ʃ - ʏ d ə r -	ʃ ʏ d ə r	ʃ - øː d ə r -	ʃ øː d ə r	ʃ - aː d - r ə	ʃ aː d r ə	ʃ - øː d - r ə	ʃ øː d r ə	ʃ - a d - r ə	ʃ a d r ə	ʃ j ɔ - - rː -	ʃ j ɔ rː	ʃ ɥ i v - r ə	ʃ ɥ i v r ə	ʃ j uː - - r ɛ	ʃ j uː r ɛ	s j uː - - r ə	s j uː r ə	ʃ w iː v - r -	ʃ w iː v r	s - iː g - r ɛ	s iː g r ɛ	s ɥ iː v - r ə	s ɥ iː v r ə	s - iː g ə r -	s iː g ə r	s - ɑː v - r -	s ɑː v r			ʃ ɥ i v - r ɛ	ʃ ɥ i v r ɛ	ʃ j ø - - ʁ ə	ʃ j ø ʁ ə	ʃ j øː - - r ə	ʃ j øː r ə	ʃ j uː - - r ə	ʃ j uː r ə	s - a g ə ʁ -	s a g ə ʁ	ʃ w æː d - r ə	ʃ w æː d r ə	ʃ - aː d - r ɛ	ʃ aː d r ɛ	ʃ - ɑː d - r ə	ʃ ɑː d r ə			s - eː d - r -	s eː d r	s ɥ iː v - r ɛ	s ɥ iː v r ɛ	ʃ ɥ iː v - r -	ʃ ɥ iː v r	ʃ - œi g - r ə	ʃ œi g r ə	ʃ - ø g - r -	ʃ ø g r	ʃ - æː d - r ɛ	ʃ æː d r ɛ	s ɥ iː v - r ɛ	s ɥ iː v r ɛ	s - eː g ə r -	s eː g ə r	ʃ j oː - - r e	ʃ j oː r e	ʃ j aː d - r ə	ʃ j aː d r ə	ʃ - øː g - r -	ʃ øː g r	ʃ - au - - r ə	ʃ au r ə	ʃ - ɛː d - r ə	ʃ ɛː d r ə	ʃ - øː d - r ə	ʃ øː d r ə	s - æː d - r ɛ	s æː d r ɛ	ʃ - ø d ə r -	ʃ ø d ə r	ʃ ɥ iː v - r ə	ʃ ɥ iː v r ə	ʃ ɥ iː v - r -	ʃ ɥ iː v r	s - aː d - r ɛ	s aː d r ɛ	s - aː d - r ə	s aː d r ə
tondre	t ɔ̃ - d - r -	t ɔ̃ d r	t ɔ̃ - d - r e	t ɔ̃ d r e	t ɔ̃ - d - r ə	t ɔ̃ d r ə	t ɔ̃ n d - r ɛ	t ɔ̃ n d r ɛ	t ɔ̃ - d - r -	t ɔ̃ d r	t ʊ̃ - d ə r -	t ʊ̃ d ə r	t õ - d ə r -	t õ d ə r	t ɔ̃ - d - r ɛ	t ɔ̃ d r ɛ	t ɔ̃ - d - r ə	t ɔ̃ d r ə	t ãː - d - r ɛ	t ãː d r ɛ	t ɔ̃ - d - ʁ -	t ɔ̃ d ʁ	t ɔ̃ - d - r ə	t ɔ̃ d r ə	t õ - d - r ə	t õ d r ə	t ɔ̃ - d - r ɛ	t ɔ̃ d r ɛ	t ɔ̃ - d - r e	t ɔ̃ d r e	t ɔ̃ - d - r ə	t ɔ̃ d r ə	t ɔ̃ - d - r -	t ɔ̃ d r	t ɔ̃ - d - r ə	t ɔ̃ d r ə	t ɔ̃ - d - r -	t ɔ̃ d r	t ʊ̃ - d ə r -	t ʊ̃ d ə r	t õ ŋ d - r ə	t õ ŋ d r ə	t õ - d - r ə	t õ d r ə	t ɔ̃ - d - r ə	t ɔ̃ d r ə	t ɔ n d - r ɛ	t ɔ n d r ɛ	t ɔ̃ - d - r ə	t ɔ̃ d r ə	t ɔ n d - r ɛ	t ɔ n d r ɛ	t ɔ n d - r ə	t ɔ n d r ə	t ã - d - r -	t ã d r	t ɔ̃ - d - r ɛ	t ɔ̃ d r ɛ	t ɔ̃ - d - r ə	t ɔ̃ d r ə	t ɔ n d ə r -	t ɔ n d ə r	t ɔ̃ - d - r -	t ɔ̃ d r	t ɔ̃ - d - r ɛ	t ɔ̃ d r ɛ	t ɔ̃ ŋ d - r ɛ	t ɔ̃ ŋ d r ɛ	t ɔ̃ - d - r -	t ɔ̃ d r	t ɔ̃ - d - r e	t ɔ̃ d r e	t ɔ̃ n d - r ə	t ɔ̃ n d r ə	t ɔ̃ - d - ʁ ə	t ɔ̃ d ʁ ə	t ɔ̃ - d - r ə	t ɔ̃ d r ə	t ɔ̃ n d - r ɛ	t ɔ̃ n d r ɛ	t ɑː - d - r ə	t ɑː d r ə	t ɔ̃ n d - r ə	t ɔ̃ n d r ə	t ɔ̃ - d - r -	t ɔ̃ d r	t ɔ̃ - d - r ɛ	t ɔ̃ d r ɛ	t ɔ̃ - d - r -	t ɔ̃ d r	t ɔ̃ - d - r -	t ɔ̃ d r	t õ - d - r -	t õ d r	t ɔ̃ - d - r ɛ	t ɔ̃ d r ɛ	t ɔ̃ - d - r e	t ɔ̃ d r e	t ɔ̃ - d ə r -	t ɔ̃ d ə r	t ɔ n d - r ɛ	t ɔ n d r ɛ	t ɔ̃ - d - r -	t ɔ̃ d r	t ɔ̃ - d - r -	t ɔ̃ d r	t ãː - d - r e	t ãː d r e	t ɑ̃ - d - r ə	t ɑ̃ d r ə	t ɔ̃ - d - r -	t ɔ̃ d r	t ɔ̃ ŋ d - r ɛ	t ɔ̃ ŋ d r ɛ	t ʊ̃ - d ə r -	t ʊ̃ d ə r	t õ - d - r ɛ	t õ d r ɛ	t ɔ̃ - d - r -	t ɔ̃ d r	t ɔ̃ ŋ d - r ɛ	t ɔ̃ ŋ d r ɛ	t ɔ̃ ŋ d - r ə	t ɔ̃ ŋ d r ə
un_fleau	ɛ ç l ɛ j iː -	ɛ ç l ɛ j iː	ɛ ç - aː j i -	ɛ ç aː j i	ɛ ç lʲ ɛ j iː -	ɛ ç lʲ ɛ j iː	ɛ ç l ɑ - - -	ɛ ç l ɑ	- f j e j e -	f j e j e	s - - j eː	s j eː	- f j æ v e -	f j æ v e	- θ - a j e -	θ a j e	e h - e j i -	e h e j i	- θ - iː - - -	θ iː	- f j ɛ j eː -	f j ɛ j eː	- f j ɛ j i -	f j ɛ j i			- θ - a j ei -	θ a j ei			e θ - eː - - -	e θ eː	- f j ɛ j e -	f j ɛ j e	- f l ɛ j aː -	f l ɛ j aː	tʲ - a j ɪ̃	tʲ a j ɪ̃	s - - j æ	s j æ	ɛ ç j e j iː -	ɛ ç j e j iː	ʃ w a j eː	ʃ w a j eː	ɛ ç - ɛ j i -	ɛ ç ɛ j i	- f l aː j ɛ t	f l aː j ɛ t	e ç - ɛ j œu -	e ç ɛ j œu	- h ł ɛ j e -	h ł ɛ j e	- f l a j eː -	f l a j eː	- f lʲ e - - -	f lʲ e	- f l ɛː j ɛ -	f l ɛː j ɛ			- f j ɛ j e -	f j ɛ j e	- f j ɛ j iː -	f j ɛ j iː	ɛ ç lʲ ɛː j e -	ɛ ç lʲ ɛː j e			- ç l e j e -	ç l e j e	- ç - e j ɛ -	ç e j ɛ	- f l ɛ g ei -	f l ɛ g ei	- f j iː - - -	f j iː	- ç lʲ ɛi - - -	ç lʲ ɛi	- ç - ɛ j yː -	ç ɛ j yː	ɛ θ - æ j i -	ɛ θ æ j i	- ç l a - - -	ç l a	- f ç ɛ j i -	f ç ɛ j i	- - ɬ ɛ j e -	ɬ ɛ j e	- f - ɛ v eː -	f ɛ v eː	- f j æ j æ j	f j æ j æ j	kʲ - a j ø	kʲ a j ø	ɛ ç lʲ iː - - -	ɛ ç lʲ iː	- ç lʲ iː - - -	ç lʲ iː	- f j ɛ j iː -	f j ɛ j iː	- f l ai - - -	f l ai	- ç - ɛ j i -	ç ɛ j i	ʃ - a j e	ʃ a j e	- f l iː r a -	f l iː r a	- f j e j i -	f j e j i	ɛ ç lʲ ɛ j eː -	ɛ ç lʲ ɛ j eː	ɛ f lʲ iː - - -	ɛ f lʲ iː	ʃ w a j ɛː	ʃ w a j ɛː					ɛ ç lʲ a r i -	ɛ ç lʲ a r i		
un_joug	ʣ aː -	ʣ aː	ʣ aː -	ʣ aː	ʣ a -	ʣ a	ʒ ɔ k	ʒ ɔ k	ʣ y -	ʣ y	ʤ u -	ʤ u	ʤ u -	ʤ u			ʣ œu -	ʣ œu	ʣ au -	ʣ au	ʤ y -	ʤ y	ʣ ɑː -	ʣ ɑː	ð øi -	ð øi	ʣ œi -	ʣ œi	ð œi -	ð œi	ʣ ø -	ʣ ø	ʤ y -	ʤ y	ʣ œ -	ʣ œ	ʤ y -	ʤ y	ʤ u -	ʤ u	ʣ aː -	ʣ aː	ʤ u -	ʤ u	ʣ ɑː -	ʣ ɑː							z ɔ k	z ɔ k	ð œi -	ð œi	ʣ uː -	ʣ uː	ð œ -	ð œ	ʤ œ -	ʤ œ	ʤ u -	ʤ u	ʣ au -	ʣ au	ʣ aː w	ʣ aː w					j ɔ k	j ɔ k	ʤ au -	ʤ au	ʣ a -	ʣ a	ʣ ɑː -	ʣ ɑː	ʣ aː -	ʣ aː	ʣ ɜu -	ʣ ɜu	ʤ y -	ʤ y	ʣ au -	ʣ au			ʤ u -	ʤ u	ʤ u -	ʤ u	ʣ ɔː -	ʣ ɔː	ʣ øː -	ʣ øː	ʤ y -	ʤ y	z u -	z u	ʣ aː -	ʣ aː	ʤ u -	ʤ u			ʣ ɔ -	ʣ ɔ	ʣ oː -	ʣ oː	ʣ au -	ʣ au	ʤ y -	ʤ y	ð ø -	ð ø	ð ø -	ð ø	ʣ aː -	ʣ aː	ʣ ɑː -	ʣ ɑː
un_lievre	l æː v - r a	l æː v r a	l a v - r a	l a v r a	l aː v - r a	l aː v r a	l iː v - r a	l iː v r a	l iː v - r a	l iː v r a	l iː v ə r -	l iː v ə r	l iː v - r u	l iː v r u	l ɑː v - r a	l ɑː v r a	l ɔi v - r a	l ɔi v r a	l a v - r a	l a v r a	lʲ eː v - ʁ a	lʲ eː v ʁ a	l ɑː v - r a	l ɑː v r a	l iː v - r a	l iː v r a	l ɑː v - r a	l ɑː v r a	l iː v - r a	l iː v r a	l æi v - r a	l æi v r a	l iː v - r a	l iː v r a	l eː v - r a	l eː v r a	j iː v ə r -	j iː v ə r	l iː v ə r -	l iː v ə r	l aː v - r a	l aː v r a	j iː v ə r -	j iː v ə r	l aː v - r a	l aː v r a	l i v - r a	l i v r a	l æ v - r a	l æ v r a	l iː v - r a	l iː v r a	l iː v - r a	l iː v r a	l iː v - r a	l iː v r a	lʲ iː v - r a	lʲ iː v r a	l iː v - r a	l iː v r a	l iː v ə r -	l iː v ə r	l ɑː v - r -	l ɑː v r	l ẽĩ v - r a	l ẽĩ v r a	l iː v - r a	l iː v r a	l ai v - r a	l ai v r a	l ei v - r a	l ei v r a	l iː v - r a	l iː v r a	l a v - ʁ a	l a v ʁ a	l æː v - r a	l æː v r a	l aː v - r a	l aː v r a	l ɑː v - r a	l ɑː v r a	- iː v - r a	iː v r a	l ei v - r a	l ei v r a	l a v - r a	l a v r a	l æi v - r a	l æi v r a	dʲ iː v - r -	dʲ iː v r	j iː v ə r -	j iː v ə r	l æː v - r a	l æː v r a	l ɑː v - r a	l ɑː v r a	l eː v ə r -	l eː v ə r	- iː v - r a	iː v r a	l aː v - r a	l aː v r a	j iː v ə r -	j iː v ə r	l æi v - r a	l æi v r a	l ɛː v - r a	l ɛː v r a	l eː v - r a	l eː v r a	l æː v - r a	l æː v r a	j iː v ə r -	j iː v ə r	l iː v - r a	l iː v r a	l iː v - r a	l iː v r a	l ɑː v - r a	l ɑː v r a	l ɑː v - r a	l ɑː v r a
un_lit	lʲ iː	lʲ iː	j iː	j iː	lʲ i	lʲ i	lʲ ɛ	lʲ ɛ	lʲ i	lʲ i	l eː	l eː	l e	l e	lʲ i	lʲ i	lʲ iː	lʲ iː			lʲ iː	lʲ iː	lʲ iː	lʲ iː	lʲ e	lʲ e			lʲ ɛː	lʲ ɛː			lʲ iː	lʲ iː	lʲ ɪː	lʲ ɪː	j ɪ̃	j ɪ̃	j eː	j eː	j i	j i	j eː	j eː	j i	j i									lʲ ɛ	lʲ ɛ	lʲ iː	lʲ iː	lʲ a	lʲ a	j ɪː	j ɪː	j iː	j iː	lʲ e	lʲ e	lʲ e	lʲ e							lʲ iː	lʲ iː	lʲ i	lʲ i	lʲ iː	lʲ iː	lʲ i	lʲ i	j e	j e	lʲ iː	lʲ iː	ɬ iː	ɬ iː					j eː	j eː	lʲ iː	lʲ iː	lʲ iː	lʲ iː	j iː	j iː	l ɛ	l ɛ	j i	j i	j eː	j eː			lʲ iː	lʲ iː	lʲ i	lʲ i	lʲ iː	lʲ iː	j e	j e	lʲ ɛ	lʲ ɛ	lʲ a	lʲ a	lʲ i	lʲ i	j iː	j iː
une_cuilleree_des_cuillerees	k - y lʲ ɛ r ɑː - -	k y lʲ ɛ r ɑː	k w o j ɛ r aː - -	k w o j ɛ r aː	k - y lʲ ɛ r ɑː - -	k y lʲ ɛ r ɑː	k - ʊ lʲ ɛ r o - -	k ʊ lʲ ɛ r o	k w ɛ r - l aː j -	k w ɛ r l aː j	ʦ - ɛ j - r æː - -	ʦ ɛ j r æː	k - œ lʲ - r ɛː - -	k œ lʲ r ɛː	k - u ð ɛ r ɑː - -	k u ð ɛ r ɑː	k - u lʲ ɛ r ɑː - -	k u lʲ ɛ r ɑː	k - u d ɛ r aː - -	k u d ɛ r aː	k - u ʁ - l eː j -	k u ʁ l eː j	k - y lʲ ɛ r ɑ j ə	k y lʲ ɛ r ɑ j ə	k w i lʲ ə r ɑː - -	k w i lʲ ə r ɑː	k w ɛ ð ɛ r o - -	k w ɛ ð ɛ r o	k w i lʲ ɛ r ɑː - -	k w i lʲ ɛ r ɑː	k - u d e r oː - -	k u d e r oː	k w ɛ r - l aː j -	k w ɛ r l aː j	k - u lʲ ə r aː - -	k u lʲ ə r aː	ʨ - ø ʒ - r ɛː - -	ʨ ø ʒ r ɛː	tʲ - - j iː r æː - -	tʲ j iː r æː	k - y j ə r aː - -	k y j ə r aː	ʨ - i j - r ɛː - -	ʨ i j r ɛː	k - y j ɛ r aː - -	k y j ɛ r aː	k - u lʲ ɛ r aː - -	k u lʲ ɛ r aː	k w ʊ j ɛ r o - -	k w ʊ j ɛ r o	k - ʊ ł ɛ r aː - -	k ʊ ł ɛ r aː	k - u lʲ ɛ r aː - -	k u lʲ ɛ r aː	k w i lʲ ɛ r ɔu - -	k w i lʲ ɛ r ɔu	kʲ - ø l ɛ r ɔː - -	kʲ ø l ɛ r ɔː	k w i lʲ ɛ r ɔː - -	k w i lʲ ɛ r ɔː	k w ə - - r - j ə	k w ə r j ə	k w ɛ j ə r e - -	k w ɛ j ə r e	k - ʊ r ə lʲ aː - -	k ʊ r ə lʲ aː	k w ə lʲ ɛ r ɑː - -	k w ə lʲ ɛ r ɑː	k w o ʎ ɛ r o - -	k w o ʎ ɛ r o	k w o j ɛ r o - -	k w o j ɛ r o	k - ʊ lʲ ɛ r aː - -	k ʊ lʲ ɛ r aː	k w ə ʁ - l aː j -	k w ə ʁ l aː j	k - y lʲ ɛ r aː - -	k y lʲ ɛ r aː	k - y lʲ ɛ r aː - -	k y lʲ ɛ r aː	k - y lʲ ɛ r ɑː j -	k y lʲ ɛ r ɑː j	k - u l ə r aː - -	k u l ə r aː	k w ɛ r - l eː j -	k w ɛ r l eː j	k - u ł ɛ r aː - -	k u ł ɛ r aː	k w o d ɛ r o - -	k w o d ɛ r o	k - œ dʲ ə r iː - -	k œ dʲ ə r iː	k - œ j - r ɛː - -	k œ j r ɛː	k - ʏ lʲ ɛ r aː - -	k ʏ lʲ ɛ r aː	k - u lʲ ɛ r ɑː - -	k u lʲ ɛ r ɑː	k w ɛ - - r - j ə	k w ɛ r j ə	k w o l ɛ r aː - -	k w o l ɛ r aː	k - y j ɛ r ɑ - -	k y j ɛ r ɑ	k - œ j ə r æː - -	k œ j ə r æː	k w e j ɛ r o - -	k w e j ɛ r o	tʲ - y lʲ ɛ r aː j -	tʲ y lʲ ɛ r aː j	k - u lʲ ə r ɑː - -	k u lʲ ə r ɑː	k w e lʲ ɛ r aː - -	k w e lʲ ɛ r aː	ʨ - - - i rː ɑ̃ - -	ʨ i rː ɑ̃	k w ə lʲ ə r au - -	k w ə lʲ ə r au	k - u lʲ ɛ r au - -	k u lʲ ɛ r au	k - u lʲ e r aː - -	k u lʲ e r aː	k - u j ɛ r aː - -	k u j ɛ r aː
une_cuve																															e ʧ j ɛ θ - ɔ	e ʧ j ɛ θ ɔ																					ɛ ç - ɛ s - ɔ	ɛ ç ɛ s ɔ															e ʦ - iə ç l o	e ʦ iə ç l o													ɛ ʨ - ɛ s - ɔ	ɛ ʨ ɛ s ɔ																	ɛ ʨ - ɛ s - ɔ	ɛ ʨ ɛ s ɔ									ɛ ʦ - iː s - u	ɛ ʦ iː s u												
une_fourmi	b y ʣ ɔ̃	b y ʣ ɔ̃	f - - r e m - i	f r e m i	b y ʣ ɔ̃	b y ʣ ɔ̃	f - - r o m j a	f r o m j a	f - œ r - m - i	f œ r m i	f - - r ə m - i	f r ə m i	f - - r ɔ m - i	f r ɔ m i	f - - r ə m - œi	f r ə m œi	f - - r ə m j e	f r ə m j e	f - - r u m j a	f r u m j a	f - œ ʁ - m - i	f œ ʁ m i	b y ʣ ɔ̃	b y ʣ ɔ̃	f - - r ə m - i	f r ə m i	f - - r ɔ m - iː	f r ɔ m iː	f - - r ə m - i	f r ə m i	f - - r o m j a	f r o m j a	f - œ r - m - i	f œ r m i	f - uː r - m - ɪ	f uː r m ɪ	f - - r ə m - i	f r ə m i	f - - r œ m - i	f r œ m i	b y ʣ ɔ̃	b y ʣ ɔ̃	f - œ r - m - i	f œ r m i	b y ʣ ɔ̃	b y ʣ ɔ̃	f - - r ʉ m j a	f r ʉ m j a	f - ʊ ʁ - m j a	f ʊ ʁ m j a	f - - r u m j a	f r u m j a	f - - r u m j a	f r u m j a	f - - r ə m - i	f r ə m i	f - - r ə m - i	f r ə m i	f - - r ə m - i	f r ə m i	f - œ r - m - i	f œ r m i	f - œ r - m - i	f œ r m i	f - - r u m - i	f r u m i	f - - r ə m - i	f r ə m i	f - - r ʉ m j a	f r ʉ m j a	f - - r ʊ m j a	f r ʊ m j a	f - - r ʊ m j a	f r ʊ m j a	f w ɛ ʁ - m - i	f w ɛ ʁ m i	f - - r y m j a	f r y m j a	b y ʣ ɔ̃	b y ʣ ɔ̃	b y ʣ ɑ̃	b y ʣ ɑ̃	f - - r u m j a	f r u m j a	f - œ r - m - i	f œ r m i	f - - r ə m j a	f r ə m j a	f - - r ʏ m j a	f r ʏ m j a	f - œ r - m - i	f œ r m i	f - œ r - m - i	f œ r m i	b y ʣ ɔ̃	b y ʣ ɔ̃	f - - r e m - i	f r e m i	f - œ r - m - i	f œ r m i	f - - r o m j a	f r o m j a	b y ʣ ɔ̃	b y ʣ ɔ̃	f - œ r - m - i	f œ r m i	f - ə r - m - iː	f ə r m iː	b y ʣ ɔ̃	b y ʣ ɔ̃	f - - r ə m - i	f r ə m i	f - - r ə m - i	f r ə m i	f - œ r - m - i	f œ r m i	f - - r ə m - i	f r ə m i	f - ə r - m - i	f ə r m i	b ʏ ʣ ɔ̃	b ʏ ʣ ɔ̃	f - u r - m - i	f u r m i
une_perte	p - æː r d - a	p æː r d a	p - ɛː r t - a	p ɛː r t a	p - ɛː r d - a	p ɛː r d a	p - ɛː r d - a	p ɛː r d a	p - ɛː r t - a	p ɛː r t a	p - eː - d r -	p eː d r	p - ɛː - ʤ - ɛ	p ɛː ʤ ɛ	p - ɛ r t - ə	p ɛ r t ə	p - ɛː r t - a	p ɛː r t a	p - ɛː r t - a	p ɛː r t a	p w ɛː - d - a	p w ɛː d a	p - ɛː r t - a	p ɛː r t a	p - eː r t - a	p eː r t a	p - ɛː r d - a	p ɛː r d a	p - eː r t - a	p eː r t a	p - æː r d - a	p æː r d a	p - ɛː r t - a	p ɛː r t a	p w ɛː - ʤ - a	p w ɛː ʤ a	p - eː r ʃ - -	p eː r ʃ	p - eː - d r -	p eː d r	p - ɛː r d - a	p ɛː r d a	p - eː - d r ə	p eː d r ə	p - ɛː r d - a	p ɛː r d a	p - ɛː r d - a	p ɛː r d a	p - ɛː r d - a	p ɛː r d a	p - ɛː r d - a	p ɛː r d a	p - ɛː r d - a	p ɛː r d a	p - eː r d - a	p eː r d a	p - ɛː r t - a	p ɛː r t a	p - eː r t - ɑ	p eː r t ɑ	p - ɛː r t - -	p ɛː r t	p - e r t - -	p e r t	p - ɛː r t - a	p ɛː r t a	p - ɛː r t - a	p ɛː r t a	p - ɛː ʁ d - a	p ɛː ʁ d a	p - ɛː r d - a	p ɛː r d a	p - ɛː r d - a	p ɛː r d a	p - eː ʁ t - a	p eː ʁ t a	p - æː r d - a	p æː r d a	p - ɛː r d - a	p ɛː r d a	p - eː r d - a	p eː r d a	p - ɛː r d - a	p ɛː r d a	p - aː r t - a	p aː r t a	p - ɛː r d - a	p ɛː r d a	p - ɛː r d - a	p ɛː r d a	p - ɛː r t - -	p ɛː r t	p - ɛː r t - -	p ɛː r t	p - ɛː r t - a	p ɛː r t a	p - ɛː r t - a	p ɛː r t a	p - ɛː r t - -	p ɛː r t	p - ɛː r t - a	p ɛː r t a	p - ɛː r d - a	p ɛː r d a	p - ɛː r t - -	p ɛː r t	p - ɛː r t - a	p ɛː r t a	p - ɛː r d - a	p ɛː r d a	p - ɛː r t - a	p ɛː r t a	p - æː r d - a	p æː r d a			p - eː r t - a	p eː r t a	p - eː r d - a	p eː r d a	p - æː r d - a	p æː r d a	p - ɛː r t - a	p ɛː r t a
