ID	AmericanEnglish_REF	AmericanEnglish_SEQ	AustralianEnglish(Perth)_REF	AustralianEnglish(Perth)_SEQ	BelgianDutch_REF	BelgianDutch_SEQ	CanadianEnglish_REF	CanadianEnglish_SEQ	CentralGerman(Cologne)_REF	CentralGerman(Cologne)_SEQ	CentralGerman(Honigberg)_REF	CentralGerman(Honigberg)_SEQ	CentralGerman(Luxembourg)_REF	CentralGerman(Luxembourg)_SEQ	CentralGerman(Murrhardt)_REF	CentralGerman(Murrhardt)_SEQ	Danish_REF	Danish_SEQ	Dutch_REF	Dutch_SEQ	Dutch(Antwerp)_REF	Dutch(Antwerp)_SEQ	Dutch(Limburg)_REF	Dutch(Limburg)_SEQ	Dutch(Ostend)_REF	Dutch(Ostend)_SEQ	English_REF	English_SEQ	English(Buckie)_REF	English(Buckie)_SEQ	English(Lindisfarne)_REF	English(Lindisfarne)_SEQ	English(Liverpool_REF	English(Liverpool_SEQ	English(London_REF	English(London_SEQ	English(NorthCarolina)_REF	English(NorthCarolina)_SEQ	English(Singapore)_REF	English(Singapore)_SEQ	English(Tyrone)_REF	English(Tyrone)_SEQ	Faroese_REF	Faroese_SEQ	German_REF	German_SEQ	HighGerman(Biel)_REF	HighGerman(Biel)_SEQ	HighGerman(Bodensee)_REF	HighGerman(Bodensee)_SEQ	HighGerman(Graubuenden)_REF	HighGerman(Graubuenden)_SEQ	HighGerman(Herrlisheim)_REF	HighGerman(Herrlisheim)_SEQ	HighGerman(NorthAlsace)_REF	HighGerman(NorthAlsace)_SEQ	HighGerman(Ortisei)_REF	HighGerman(Ortisei)_SEQ	HighGerman(Tuebingen)_REF	HighGerman(Tuebingen)_SEQ	HighGerman(Walser)_REF	HighGerman(Walser)_SEQ	Icelandic_REF	Icelandic_SEQ	IndianEnglish(Delhi)_REF	IndianEnglish(Delhi)_SEQ	LowGerman(Achterhoek)_REF	LowGerman(Achterhoek)_SEQ	LowGerman(Bargstedt)_REF	LowGerman(Bargstedt)_SEQ	NewZealandEnglish(Auckland)_REF	NewZealandEnglish(Auckland)_SEQ	NigerianEnglish(Igbo)_REF	NigerianEnglish(Igbo)_SEQ	Norwegian(Stavanger)_REF	Norwegian(Stavanger)_SEQ	Proto-Germanic_REF	Proto-Germanic_SEQ	Scottish_REF	Scottish_SEQ	SouthAfricanEnglish(Johannisburg)_REF	SouthAfricanEnglish(Johannisburg)_SEQ	Swedish(Skane)_REF	Swedish(Skane)_SEQ	Swedish(Stockholm)_REF	Swedish(Stockholm)_SEQ	WestFrisian(Grou)_REF	WestFrisian(Grou)_SEQ	Yiddish(NewYork)_REF	Yiddish(NewYork)_SEQ
I	- aɪ -	aɪ	- ɑe -	ɑe	- ɪ k	ɪ k	- ɑɪ -	ɑɪ	ʔ i ʃ	ʔ i ʃ	ʔ eː ʃ	ʔ eː ʃ	ʔ œ ʃ	ʔ œ ʃ	ʔ iː -	ʔ iː	j aɪ -	j aɪ	- ɪ k	ɪ k	- i k	i k	- ɪ ç	ɪ ç	- ɛ k	ɛ k	- aɪ -	aɪ	- ɑɪ -	ɑɪ	- aɪ -	aɪ	- aɪ -	aɪ	- ɑɪ -	ɑɪ	- aː -	aː	- ɐɪ -	ɐɪ	- ae -	ae	- eə -	eə	ʔ i ç	ʔ i ç	ʔ iː k	ʔ iː k	ʔ iː -	ʔ iː	ʔ iː -	ʔ iː	ʔ ɪ ʃ	ʔ ɪ ʃ	ʔ ɪ ʃ	ʔ ɪ ʃ	ʔ iː -	ʔ iː	ʔ i ç	ʔ i ç	ʔ iː -	ʔ iː	j ɛː x	j ɛː x	- ɑɪ -	ɑɪ	- ɪ k	ɪ k	ʔ ɪ k	ʔ ɪ k	- ɑe -	ɑe	- aɪ -	aɪ	- eː k	eː k			- ɑɪ -	ɑɪ	- aɛ -	aɛ	j aʊ -	j aʊ	j ɔː ɡ	j ɔː ɡ	- e k	e k	ʔ iə χ	ʔ iə χ
all	- ɑː ɫ - -	ɑː ɫ	- ɔː ɫ - -	ɔː ɫ	- ɑ ɫ - -	ɑ ɫ	- ɒː ɫ - -	ɒː ɫ	ʔ a l - -	ʔ a l	ʔ ɒ ɫ - -	ʔ ɒ ɫ	ʔ a l - -	ʔ a l	ʔ a l - -	ʔ a l	ʔ ɛ lˀ - -	ʔ ɛ lˀ	- ɑ ɫ - -	ɑ ɫ	- a ɫ - -	a ɫ	- a l - -	a l	- ɑo - - -	ɑo	- ɔː ɫ - -	ɔː ɫ	- ɑː - - -	ɑː	- ɒː - - -	ɒː	- ɔː ɫ - -	ɔː ɫ	- oʊ - - -	oʊ	- ɑː ɫ - -	ɑː ɫ	- ɔʊ - - -	ɔʊ	- ɑː l - -	ɑː l	- a l̥ ʌ ɹ	a l̥ ʌ ɹ	ʔ a l - -	ʔ a l	- ɔʊ - - -	ɔʊ	ʔ a l - -	ʔ a l	ʔ a l - -	ʔ a l	ʔ ɔ l - -	ʔ ɔ l	ʔ ɔ l - -	ʔ ɔ l	ʔ a l - -	ʔ a l	ʔ a l - -	ʔ a l	ʔ a l - -	ʔ a l	- a ɬ̥ - -	a ɬ̥	- ɔ l - -	ɔ l	- a ɫ - -	a ɫ	ʔ aː l - -	ʔ aː l	- ɔː ɫ - -	ɔː ɫ	- ɔː ɫ - -	ɔː ɫ	- a l - -	a l			- ɔː ɫ - -	ɔː ɫ	- ɔː ɫ - -	ɔː ɫ	- a l - -	a l	- ɑ l - -	ɑ l	- ɒ ɫ - -	ɒ ɫ	ʔ a ɫ - -	ʔ a ɫ
ash	- æː - ʃ - -	æː ʃ	- æ - ʃ - -	æ ʃ	- ɑ - s - -	ɑ s	- aː - ʃ - -	aː ʃ	ʔ ɛ - ʃ - -	ʔ ɛ ʃ	ʔ æiə - ʃ - -	ʔ æiə ʃ	ʔ a k s - -	ʔ a k s	ʔ a - ʃ - ɛ	ʔ a ʃ ɛ	ʔ ɛ - s k ə	ʔ ɛ s k ə	- ɑ - s - -	ɑ s	- a - s - -	a s	- ɛː - ʃ - -	ɛː ʃ	- ɑ - s - ə	ɑ s ə	- æ - ʃ - -	æ ʃ	- ɑ - ʃ - -	ɑ ʃ	- a - ʃ - -	a ʃ	- a - ʃ - -	a ʃ	- ɛ - ʃ - -	ɛ ʃ	- ɛː - ʃ - -	ɛː ʃ	- ɛ - ʃ - -	ɛ ʃ	- aɪ - ʃ - -	aɪ ʃ	- œ - s k a	œ s k a	ʔ a - ʃ - ə	ʔ a ʃ ə	ʔ a - ʃ - ə	ʔ a ʃ ə	ʔ ɛ - ʃ - ə	ʔ ɛ ʃ ə	- ɛ - ʃ - ə	ɛ ʃ ə	ʔ a - ʃ - ə	ʔ a ʃ ə	ʔ a - ʃ - ə	ʔ a ʃ ə	ʔ a - ʃ - ɛ	ʔ a ʃ ɛ	ʔ a - ʃ - ɛ	ʔ a ʃ ɛ	ʔ æ - ʃ - ə	ʔ æ ʃ ə	- a - s k a	a s k a	- ɛː - ʃ - -	ɛː ʃ	- a - s - -	a s	ʔ a - ʃ - -	ʔ a ʃ	- æ - ʃ - -	æ ʃ	- a - ʃ - -	a ʃ	- a - sː k ə	a sː k ə			- a - ʃ - -	a ʃ	- æ - ʃ - -	æ ʃ	- a - s k ə	a s k ə	- a - sː k ə	a sː k ə	j ɪ - s k ə	j ɪ s k ə	ʔ a - ʃ - -	ʔ a ʃ
bath	b æː θ	b æː θ	b aː θ	b aː θ	b ɑ t	b ɑ t	b aː θ	b aː θ	b a t	b a t	b oə tʰ	b oə tʰ	b ʊɛ t	b ʊɛ t	b a t	b a t	b ɛ lˀ	b ɛ lˀ	b ɑ t	b ɑ t	b a t	b a t	b ɑ t	b ɑ t	b ɑ t	b ɑ t	b ɑː θ	b ɑː θ	b ɑ θ	b ɑ θ	b aː θ	b aː θ	b a θ	b a θ	b ɑː f	b ɑː f	b ɛiə θ	b ɛiə θ	b ɑ f	b ɑ f	b ɑː θ	b ɑː θ	b ea -	b ea	b aː t	b aː t	b ɑː t	b ɑː t	b aː t	b aː t	b ɑː t	b ɑː t	b ɔː t	b ɔː t	b ɔː t	b ɔː t	b ɔː ʦ	b ɔː ʦ	b aː t	b aː t	b aː t	b aː t	b aː θ	b aː θ	b ɑ t͡θ	b ɑ t͡θ	b a t	b a t	b oː t	b oː t	b aː θ	b aː θ	b a t	b a t	b aɑ t	b aɑ t			b a θ	b a θ	b ɑ θ	b ɑ θ	b ɒɔ d	b ɒɔ d	b ɒː d	b ɒː d	b a t	b a t	b ɔ d	b ɔ d
better	b ɛ ɾ ɚ - -	b ɛ ɾ ɚ	b ɛ ɾ ɜ - -	b ɛ ɾ ɜ	b e t ə ɹ -	b e t ə ɹ	b ɛ ɾ - ɹ -	b ɛ ɾ ɹ	b ɛ s ɒ - -	b ɛ s ɒ	b æɪə s ə ɾ -	b æɪə s ə ɾ	b ɛ s ʌ - -	b ɛ s ʌ	b ɛ s - ʁ -	b ɛ s ʁ	b ɪ ð ə ʁ ʌ	b ɪ ð ə ʁ ʌ	b ɛɪ tʰ - ɹ -	b ɛɪ tʰ ɹ	b ɛ tʰ ə s -	b ɛ tʰ ə s	b ɛː t ə χ -	b ɛː t ə χ	b e t - r -	b e t r	b ɛ t ə - -	b ɛ t ə	b ɛ ʔ ɐ ɾ -	b ɛ ʔ ɐ ɾ	b ɛ t ɐ ʁ -	b ɛ t ɐ ʁ	b ɛ θ ə - -	b ɛ θ ə	b ɛ ʔ ə - -	b ɛ ʔ ə	b ɛ ɾ - ɹ -	b ɛ ɾ ɹ	b ɛ ɾ ɜ - -	b ɛ ɾ ɜ	b ɛ t ɚ - -	b ɛ t ɚ	b eə tʰ - ɹ ə	b eə tʰ ɹ ə	b ɛ s ɐ - -	b ɛ s ɐ	b ɛ s ə ɾ -	b ɛ s ə ɾ	b ɛ s ə ʁ -	b ɛ s ə ʁ	b ɛ s - ɾ -	b ɛ s ɾ	b ɛ s ə χ -	b ɛ s ə χ	b ɛ s ə χ -	b ɛ s ə χ	b ɪ s ə χ -	b ɪ s ə χ	b ɛ s ɔ - -	b ɛ s ɔ	b ɛ s ə ɹ -	b ɛ s ə ɹ	b eə t - ɾ ɪ	b eə t ɾ ɪ	b ɛ t ɜ - -	b ɛ t ɜ	b ɛ t - ʁ -	b ɛ t ʁ	b ɪ ɾ ɐ - -	b ɪ ɾ ɐ	b ɪ ɾ ə - -	b ɪ ɾ ə	b ɛ t ə - -	b ɛ t ə	b eə - - ʁ ə	b eə ʁ ə			b ɛ tʰ ə ɹ -	b ɛ tʰ ə ɹ	b e t ɜ - -	b e t ɜ	b ɛ t - χ -	b ɛ t χ	b ɛ tː - ɾ ə	b ɛ tː ɾ ə	b ɛ t - r -	b ɛ t r	b ɛ s ɛ ɾ -	b ɛ s ɛ ɾ
blood	b - ɫ ʌ d	b ɫ ʌ d	b - l ɐ d	b l ɐ d	b - l u t	b l u t	b - ɫ ʌ d	b ɫ ʌ d	b - l o t	b l o t	b - l e tʰ	b l e tʰ	b - l ʊ ʦ	b l ʊ ʦ	b - l uə t	b l uə t	b - l ʊ ðˀ	b l ʊ ðˀ	b - l ø t	b l ø t	b - l uː t	b l uː t	b - l ʊ t	b l ʊ t	b - l uə t	b l uə t	b - l ɐ d	b l ɐ d	b - ɫ iː d	b ɫ iː d	b - l ɔ d	b l ɔ d	b - l ʊ ð	b l ʊ ð	b - l ɐ d	b l ɐ d	b - ɫ œː d	b ɫ œː d	b - l ɑ d	b l ɑ d	b - ɫ ɔ d	b ɫ ɔ d	b - l ɒu -	b l ɒu	b - l uː t	b l uː t	b - l ʊɛ t	b l ʊɛ t	b - l ʊə t	b l ʊə t	b - l ʊɔ t	b l ʊɔ t	b - l øː t	b l øː t	b - l øː t	b l øː t	b - l øə ʦ	b l øə ʦ	b - l uɔ t	b l uɔ t	b - l oɐ t	b l oɐ t	b - l ɔu θ	b l ɔu θ	b - l ɜ d	b l ɜ d	b - l oː t	b l oː t	b - l aʊ t	b l aʊ t	b - l ɐ d	b l ɐ d	b - l ɔ d	b l ɔ d	b - l oː -	b l oː			b - l ʌ d	b l ʌ d	b - l ɜ d	b l ɜ d	b - l øʉ -	b l øʉ	b ə l oː d	b ə l oː d	b - ɫ oə t	b ɫ oə t	b - l u t	b l u t
bone	b ʌʊ n - -	b ʌʊ n	b ɜʉ n - -	b ɜʉ n	b eː n - -	b eː n	b oʊ n - -	b oʊ n	b eɪ n - -	b eɪ n	b e n ə ɾ	b e n ə ɾ	b eː n - -	b eː n	b ɔẽ - - -	b ɔẽ	b i nˀ - -	b i nˀ	b ɛɪ n - -	b ɛɪ n	b eə n - -	b eə n	b iː - - -	b iː	b ɛː n - -	b ɛː n	b əʊ n - -	b əʊ n	b eː n - -	b eː n	b oː n - -	b oː n	b ɛʉ n - -	b ɛʉ n	b ʌʊ n - -	b ʌʊ n	b œo n - -	b œo n	b oʊ n - -	b oʊ n	b oə n - -	b oə n	b ai n - -	b ai n	b aɪ n - -	b aɪ n	p ɛɪ - - -	p ɛɪ	b oɐ̃ - - -	b oɐ̃	b ai - - -	b ai	b ai n - -	b ai n	b ai n - -	b ai n	b aɪ n - -	b aɪ n	b ɔẽ - - -	b ɔẽ	b æɪ - - -	b æɪ	b ɛɪ n - -	b ɛɪ n	b oː n - -	b oː n	b eː n - -	b eː n	b aɪ n - -	b aɪ n	b ɜʉ n - -	b ɜʉ n	b oː n - -	b oː n	b ɛi n - -	b ɛi n			b oə n - -	b oə n	b ɜʉ n - -	b ɜʉ n	b aɪ n - -	b aɪ n	b eə n - -	b eə n	b iə n - -	b iə n	b ɛɪ n - -	b ɛɪ n
brother	b - ɹ ʌ ð ɚ -	b ɹ ʌ ð ɚ	b - ɹ ɐ ð ɜ -	b ɹ ɐ ð ɜ	b - ɾ uː - - r	b ɾ uː r	b - ɹ ʌ ð - ɹ	b ɹ ʌ ð ɹ	b - ʁ oː d ɒ -	b ʁ oː d ɒ	b - r e d ə ɾ	b r e d ə ɾ	b - ʁ ʊ d ɐ -	b ʁ ʊ d ɐ	b - ʁ uə d ə ʁ	b ʁ uə d ə ʁ	b - ʁ u ð ɔ -	b ʁ u ð ɔ	b - ʁ uə - - ʁ	b ʁ uə ʁ	b - ɾ uː s - -	b ɾ uː s	b - ʁ oː χ - -	b ʁ oː χ	b - ɾ uː ɾ ə -	b ɾ uː ɾ ə	b - ɹ ɐ ð ə -	b ɹ ɐ ð ə	b - ɾ i ð ɐ ɾ	b ɾ i ð ɐ ɾ	b - ʁ ɔ ð ɐ ʁ	b ʁ ɔ ð ɐ ʁ	b - ɾ ʊ ð ə -	b ɾ ʊ ð ə	b - ɹ ɐ ð ə -	b ɹ ɐ ð ə	b - ɹ œ ð - ɹ	b ɹ œ ð ɹ	b - ɹ ɑ ð ɜ -	b ɹ ɑ ð ɜ	b - ɹ ɔ ð ɚ -	b ɹ ɔ ð ɚ	b - ɾ ɒ w ə ɹ	b ɾ ɒ w ə ɹ	b - ʁ uː d ɐ -	b ʁ uː d ɐ	b - ɾ uə t ə ɾ	b ɾ uə t ə ɾ	b - ʁ ʏə d ə ʁ	b ʁ ʏə d ə ʁ	b - r ʊɔ d - r	b r ʊɔ d r	b - ʁ eː d ə χ	b ʁ eː d ə χ	b - ʁ eː d ə χ	b ʁ eː d ə χ	b - ʁ ʊə d ə χ	b ʁ ʊə d ə χ	b - ʁ ʊə d ɔ -	b ʁ ʊə d ɔ	b - ɾ ʊɔ d ɛ ɾ	b ɾ ʊɔ d ɛ ɾ	b - ɾ oː ð ɪ s	b ɾ oː ð ɪ s	b - ɹ ɜ ð ɜ -	b ɹ ɜ ð ɜ	b - ʁ ʏ - - ʁ	b ʁ ʏ ʁ	b - ʁ aʊ ɾ ɐ -	b ʁ aʊ ɾ ɐ	b - ɹ ɜ ð ə -	b ɹ ɜ ð ə	b - ɾ ʌ ð ə -	b ɾ ʌ ð ə	b - ʁ oː χ - -	b ʁ oː χ			b - ɹ ʌ ð ə ɹ	b ɹ ʌ ð ə ɹ	b - ɹ ɐ ð ɜ -	b ɹ ɐ ð ɜ	b - ʁ øʉ - - ʁ	b ʁ øʉ ʁ	b ə r uː - - r	b ə r uː r	b - ɾ oə - - r	b ɾ oə r	b - ɾ u d ɛ ɾ	b ɾ u d ɛ ɾ
calf	kʰ æ - - f	kʰ æ f	kʰ aː - - f	kʰ aː f	k ɑ ɫ - f	k ɑ ɫ f	kʰ aː - - f	kʰ aː f	kʰ a l ə f	kʰ a l ə f	kʰ ɒʊə ɫ - f	kʰ ɒʊə ɫ f	kʰ a l ə f	kʰ a l ə f	kʰ a l - p	kʰ a l p	kʰ ɛ lˀ - f	kʰ ɛ lˀ f	k ɑ ɫ - f	k ɑ ɫ f	k a ɫ ə f	k a ɫ ə f	k ɔː - - ɸ	k ɔː ɸ	k ɔː - - f	k ɔː f	kʰ ɑː - - f	kʰ ɑː f	kʰ ɑ - - f	kʰ ɑ f	kʰ aː - - f	kʰ aː f	kʰ ɑː - - f	kʰ ɑː f	kʰ ɑː - - f	kʰ ɑː f	kʰ ɛə - - f	kʰ ɛə f	kʰ ɑ - - f	kʰ ɑ f	kʰ ɑː - - v	kʰ ɑː v	kʰ ɔ l ə v	kʰ ɔ l ə v	kʰ a l - p	kʰ a l p	χ ɑʊ - - p	χ ɑʊ p	kʰ a l - p	kʰ a l p	kʰ a l - p	kʰ a l p	kʰ ɔ l - p	kʰ ɔ l p	kʰ ɔ l - p	kʰ ɔ l p	kʰ ɔ l - p	kʰ ɔ l p	kʰ a l - p	kʰ a l p	x a l - p	x a l p	kʰ a l - f	kʰ a l f	k ɑ - - f	k ɑ f	k ɑ l ə ɸ	k ɑ l ə ɸ	kʰ aː - - f	kʰ aː f	kʰ aː - - f	kʰ aː f	kʰ a - - f	kʰ a f	kʰ a l - f	kʰ a l f			kʰ aː - - f	kʰ aː f	kʰ ɑ - - f	kʰ ɑ f	kʰ aː - - b	kʰ aː b	kʰ aː l ə v	kʰ aː l ə v	k ɪiə ɫ - -	k ɪiə ɫ	kʰ a ɫ - b	kʰ a ɫ b
cold	kʰ ɔː ɫ d - -	kʰ ɔː ɫ d	kʰ ɜʊ ɫ d - -	kʰ ɜʊ ɫ d	k aʊ - t - -	k aʊ t	kʰ oʊ ɫ d - -	kʰ oʊ ɫ d	kʰ a l t - -	kʰ a l t	kʰ ɒʊə ɫ tʰ - -	kʰ ɒʊə ɫ tʰ	kʰ aː l - - -	kʰ aː l	kʰ a l t - -	kʰ a l t	kʰ ɔ lˀ - - -	kʰ ɔ lˀ	k aʊ - t - -	k aʊ t	k ɔː - t - -	k ɔː t	k ɔː - t - -	k ɔː t	k u - t - -	k u t	kʰ əʊ ɫ d - -	kʰ əʊ ɫ d	kʰ ɑː ɫ - - -	kʰ ɑː ɫ	k ɒː - d - -	k ɒː d	kʰ ɛʉ ɫ d - -	kʰ ɛʉ ɫ d	kʰ oʊ - d - -	kʰ oʊ d	kʰ ʌʊ - d - -	kʰ ʌʊ d	kʰ oʊ - d - -	kʰ oʊ d	kʰ ɜʉ l - - -	kʰ ɜʉ l	kʰ a l t ʌ ɹ	kʰ a l t ʌ ɹ	kʰ a l t - -	kʰ a l t	χ ɑʊ - t - -	χ ɑʊ t	kʰ aː l t - -	kʰ aː l t	qʰ ɑː l t - -	qʰ ɑː l t	kʰ ɔ l t - -	kʰ ɔ l t	kʰ ɔ l t - -	kʰ ɔ l t	kʰ ɔ l ʦ - -	kʰ ɔ l ʦ	kʰ a l t - -	kʰ a l t	x aː l t - -	x aː l t	kʰ a ɮ d - -	kʰ a ɮ d	k o l d - -	k o l d	k ɔ ɫ t - -	k ɔ ɫ t	kʰ aʊə l t - -	kʰ aʊə l t	kʰ ɔʊ - d - -	kʰ ɔʊ d	kʰ oː ɫ d - -	kʰ oː ɫ d	kʰ a l t - -	kʰ a l t			kʰ oː ɫ d - -	kʰ oː ɫ d	kʰ oː ɫ d - -	kʰ oː ɫ d	kʰ o l - - -	kʰ o l	kʰ a l - - -	kʰ a l	k ɔː - t - -	k ɔː t	kʰ aʊ - t - -	kʰ aʊ t
corn	kʰ ɔ ɻ - n	kʰ ɔ ɻ n	kʰ ɔː - - n	kʰ ɔː n	k oː ɾ ə n	k oː ɾ ə n	kʰ ɔ ɹ - n	kʰ ɔ ɹ n	kʰ ɔː - - n	kʰ ɔː n	kʰ o r - n	kʰ o r n			kʰ ɔ ʁ - n	kʰ ɔ ʁ n	kʰ oə - - n	kʰ oə n	k o ʁ ə -	k o ʁ ə	k oː r ə -	k oː r ə	k oɐ ʁ - -	k oɐ ʁ	k ɔː r - n̩	k ɔː r n̩	kʰ ɔː - - n	kʰ ɔː n	kʰ ɔ ɾ ɪ n	kʰ ɔ ɾ ɪ n	k o ʁ ɪ n	k o ʁ ɪ n	kʰ ɔː - - n	kʰ ɔː n	kʰ oʊ - - n	kʰ oʊ n	kʰ ɔu ɹ - n	kʰ ɔu ɹ n	kʰ ɔ ɹ - n	kʰ ɔ ɹ n	kʰ ɔ ɚ - n	kʰ ɔ ɚ n	kʰ ɔ - - n̥	kʰ ɔ n̥	kʰ ɔː - - n	kʰ ɔː n	χ ɔː ɾ - n	χ ɔː ɾ n	kʰ ɔɐ ʁ - n	kʰ ɔɐ ʁ n	kʰ ɔː ɾ ɐ -	kʰ ɔː ɾ ɐ	kʰ o ʁ ə n	kʰ o ʁ ə n	kʰ o ʁ ə n	kʰ o ʁ ə n	kʰ ɔ ʁ - n	kʰ ɔ ʁ n	kʰ ɔ - - n	kʰ ɔ n	kʰ oː ɾ ə -	kʰ oː ɾ ə	kʰ ɔ r - n̥	kʰ ɔ r n̥	k ɔː ɹ - n	k ɔː ɹ n	kʰ oɐ - - n	kʰ oɐ n	kʰ uɐ - - n	kʰ uɐ n	kʰ ɔə - - n	kʰ ɔə n	kʰ ɔː - - n	kʰ ɔː n	kʰ o ʁ - n	kʰ o ʁ n			kʰ ɔ ɹ - n	kʰ ɔ ɹ n	kʰ ɔː - - n	kʰ ɔː n	kʰ ʊ ʁ - n	kʰ ʊ ʁ n	kʰ oː - - n	kʰ oː n	k õə̃ - - n	k õə̃ n	kʰ ɔ ɾ - n	kʰ ɔ ɾ n
cow	kʰ æʊ - -	kʰ æʊ	kʰ æʊ - -	kʰ æʊ	k uː - -	k uː	kʰ aʊ - -	kʰ aʊ	kʰ o - -	kʰ o	kʰ eu - -	kʰ eu	kʰ œʊ - -	kʰ œʊ	kʰ uə - -	kʰ uə	kʰ uˀ - -	kʰ uˀ	k u - -	k u	k uː - -	k uː	k ɒʊ - -	k ɒʊ	k uə - -	k uə	kʰ aʊ - -	kʰ aʊ	kʰ uː - -	kʰ uː	k ɔʊ - -	k ɔʊ	kʰ aʊ - -	kʰ aʊ	kʰ æʊ - -	kʰ æʊ	kʰ ɛo - -	kʰ ɛo	kʰ ɐʊ - -	kʰ ɐʊ	kʰ ɜʉ - -	kʰ ɜʉ	kʰ e k f	kʰ e k f	kʰ uː - -	kʰ uː	χ ʊə - -	χ ʊə	kʰ ʊɛ - -	kʰ ʊɛ	kʰ ʊa - -	kʰ ʊa	kʰ yː - -	kʰ yː	kʰ yː - -	kʰ yː	kʰ uɛ - -	kʰ uɛ	kʰ uə - -	kʰ uə	x uɛ - -	x uɛ	kʰ uː - -	kʰ uː	k ɐo - -	k ɐo	k oː - -	k oː	kʰ aʊ - -	kʰ aʊ	kʰ aʊ - -	kʰ aʊ	kʰ aʊ - -	kʰ aʊ	kʰ yː - -	kʰ yː			kʰ ɐʊ - -	kʰ ɐʊ	kʰ ao - -	kʰ ao	kʰ ʏʉ - -	kʰ ʏʉ	kʰ ʊo - -	kʰ ʊo	k ɒʊ - -	k ɒʊ	kʰ uː - -	kʰ uː
daughter	d ɑ - ɾ ɚ -	d ɑ ɾ ɚ	d ɔ - ɾ ɜ -	d ɔ ɾ ɜ	d ɔ x t - r	d ɔ x t r	d ɔ - ɾ - ɹ	d ɔ ɾ ɹ	d ɔː χ t ɒ -	d ɔː χ t ɒ	d oɪ ʃ t ə ɾ	d oɪ ʃ t ə ɾ	d ʊɪ ʃ t ɐ -	d ʊɪ ʃ t ɐ	d ɔ χ t ɔ ʁ	d ɔ χ t ɔ ʁ	d ɛ - ɾ ʌ -	d ɛ ɾ ʌ	d ɔ χ t ə ɹ	d ɔ χ t ə ɹ	d ɔ x t ə s	d ɔ x t ə s	d ɔ - t ə χ	d ɔ t ə χ	d ɔ χ t ə s	d ɔ χ t ə s	d ɔ - t ə -	d ɔ t ə	d o - θ ɐ ɾ	d o θ ɐ ɾ	d ɔʊ - t ɐ ʁ	d ɔʊ t ɐ ʁ	d͡ð ɔː - t ə -	d͡ð ɔː t ə	d oʊ - ʔ ə -	d oʊ ʔ ə	d ɑɔ - ɾ - ɹ	d ɑɔ ɾ ɹ	d ɔ - tʰ ɜ -	d ɔ tʰ ɜ	d ɔː - t ɚ -	d ɔː t ɚ	d ɔʰ - tː ə ɹ	d ɔʰ tː ə ɹ	t ɒ χ t ɐ -	t ɒ χ t ɐ	t ɔ χ t ə ɾ	t ɔ χ t ə ɾ	d ɔ x t ə ʁ	d ɔ x t ə ʁ	d ɔ χ t - r	d ɔ χ t r	d oː χ t ə χ	d oː χ t ə χ	d oː χ t ə χ	d oː χ t ə χ	d ɔ χ t ə χ	d ɔ χ t ə χ	d ɔ χ t ɔ -	d ɔ χ t ɔ	d ɔ x t ɛ ɾ	d ɔ x t ɛ ɾ	d ɔ - tʰ ɪ z	d ɔ tʰ ɪ z	d ɔ - t ɜ -	d ɔ t ɜ	d ɒ χ t - ʁ	d ɒ χ t ʁ	d ɔ χ t ɐ -	d ɔ χ t ɐ	d ɔ - ɾ ə -	d ɔ ɾ ə	d ɔ - t ə -	d ɔ t ə	d a - tʰ ə ʁ	d a tʰ ə ʁ			d ɔ - tʰ ə ɹ	d ɔ tʰ ə ɹ	d ɔ - tʰ ɛ -	d ɔ tʰ ɛ	d o - t - ʁ	d o t ʁ	d ɔ - tː ɛ ɾ	d ɔ tː ɛ ɾ	d ɒ χ t ə r	d ɒ χ t ə r	tʰ ɔ χ t ɛ ɾ	tʰ ɔ χ t ɛ ɾ
day	d ɛɪ -	d ɛɪ	d ɛɪ -	d ɛɪ	d a x	d a x	d ɛɪ -	d ɛɪ	d aː χ	d aː χ	d ɑː x	d ɑː x	d aː χ	d aː χ	d aː ɡ	d aː ɡ	d ɛɪˀ -	d ɛɪˀ	d ɑ χ	d ɑ χ	d a ç	d a ç	d aː χ	d aː χ	d a χ	d a χ	d eɪ -	d eɪ	d eː -	d eː	d eː -	d eː	d͡ð eɪ -	d͡ð eɪ	d ʌɪ -	d ʌɪ	d ɛɪ -	d ɛɪ	d eɪ -	d eɪ	d eː -	d eː	d ɛa -	d ɛa	tʰ aː k	tʰ aː k	t ɒː k	t ɒː k	d aː ɡ	d aː ɡ	d ɑɒ k	d ɑɒ k	d œː -	d œː	d œː -	d œː	d ɔ k	d ɔ k	tʰ aː k	tʰ aː k	d aː k	d aː k	d aː x	d aː x	d eː -	d eː	d a χ	d a χ	d a χ	d a χ	d ɛɪ -	d ɛɪ	d eɪ -	d eɪ	d aɑ k	d aɑ k			d eː -	d eː	d ɛe -	d ɛe	d ɒʊ -	d ɒʊ	d ɔː ɡ	d ɔː ɡ	d ɒɪ -	d ɒɪ	tʰ ɔ ɡ	tʰ ɔ ɡ
ear	- iɚ - -	iɚ	- iɜ - -	iɜ	- oː r -	oː r	- i ɹ -	i ɹ	ʔ oɐ - -	ʔ oɐ	ʔ iuə r -	ʔ iuə r	ʔ œʊɑ - -	ʔ œʊɑ	ʔ oː ʁ -	ʔ oː ʁ	ʔ yɔ - -	ʔ yɔ	- oə ɹ -	oə ɹ	- oː r -	oː r	- ʊə χ -	ʊə χ	- ɔː ɾ ə	ɔː ɾ ə	- ɪə - -	ɪə	- iɐ ɾ -	iɐ ɾ	- iɐ ʁ -	iɐ ʁ	- iə - -	iə	- ɪə - -	ɪə	- i ɹ -	i ɹ	- i ɹ -	i ɹ	- iɚ - -	iɚ	- ɔɪ ɹ a	ɔɪ ɹ a	ʔ oɐ - -	ʔ oɐ	- ɔː r -	ɔː r	- oː ʁ -	oː ʁ	- ɔː r -	ɔː r	ʔ oː χ -	ʔ oː χ	ʔ oː χ -	ʔ oː χ	ʔ oː χ -	ʔ oː χ	ʔ ɑʊɔ - -	ʔ ɑʊɔ	ʔ oː ɹ -	ʔ oː ɹ	- ɛɪ r a	ɛɪ r a	- ɪɜ ɹ -	ɪɜ ɹ	- oɐ - -	oɐ	ʔ uə - -	ʔ uə	- iɛ - -	iɛ	- iə - -	iə	- øː ʁ ə	øː ʁ ə			- iə ɹ -	iə ɹ	- iɛ - -	iɛ	- œː ʁ ɐ	œː ʁ ɐ	- ɔː ɾ ə	ɔː ɾ ə	- iə r -	iə r	ʔ ɔɪɛ ɾ -	ʔ ɔɪɛ ɾ
earth	- ɚ - θ -	ɚ θ	- ɜː - θ -	ɜː θ	- aː r d ə	aː r d ə	- ɚː - θ -	ɚː θ	ʔ ɛ - tʰ -	ʔ ɛ tʰ	ʔ iɛ ɾ tʰ -	ʔ iɛ ɾ tʰ	ʔ eɐ - t -	ʔ eɐ t	ʔ ɛ ʁ d ɛ	ʔ ɛ ʁ d ɛ	j oɔ - - -	j oɔ	- a ɹ d ə	a ɹ d ə	- ɑː r d ə	ɑː r d ə	- eə - t -	eə t	- aː r d ə	aː r d ə	- ɜː - θ -	ɜː θ	- ɛ ɾ θ -	ɛ ɾ θ	- ɛ ʁ θ -	ɛ ʁ θ	- ɛː - θ -	ɛː θ	- ɜː - f -	ɜː f	- ɚː - θ -	ɚː θ	- ɜ - θ -	ɜ θ	- ɛɚ - θ -	ɛɚ θ	j øː ɹ - -	j øː ɹ	ʔ ɛɐ - d ə	ʔ ɛɐ d ə	- aː r t ə	aː r t ə	ʔ ɛ ʁ d ɛ	ʔ ɛ ʁ d ɛ	- ɛ r d ə	ɛ r d ə	ʔ a χ t -	ʔ a χ t	ʔ a χ t -	ʔ a χ t	ʔ ɛ ʁ d ɛ	ʔ ɛ ʁ d ɛ	ʔ ɛ ʁ d ɛ	ʔ ɛ ʁ d ɛ	ʔ a r d ə	ʔ a r d ə	j œ r θ -	j œ r θ	- ɜ - t͡θ -	ɜ t͡θ	- i ʁ d ə	i ʁ d ə	ʔ iə - - -	ʔ iə	- œ - θ -	œ θ	- ɚ - θ -	ɚ θ	j oː χ - -	j oː χ			- ɛ ɹ θ -	ɛ ɹ θ	- ɜ - θ -	ɜ θ	j ʉ ʁ - -	j ʉ ʁ	ʝ oː - d -	ʝ oː d	- iə - d ə	iə d ə	ʔ ɛ ɾ d -	ʔ ɛ ɾ d
eight	- ɛɪ - tʰ -	ɛɪ tʰ	- ɛɪ - t -	ɛɪ t	- a x t -	a x t	- ɛi - t -	ɛi t	ʔ aː χ - -	ʔ aː χ	- aː ʃ t -	aː ʃ t	ʔ aː χ t -	ʔ aː χ t	ʔ a χ t -	ʔ a χ t	ʔ oː - d ə	ʔ oː d ə	- ɑ χ t -	ɑ χ t	- aɪ ç t -	aɪ ç t			- ɑ χ t ə	ɑ χ t ə	- eɪ - tʰ -	eɪ tʰ	- ɑ χ t -	ɑ χ t	- ɛi - t -	ɛi t	- eɪ - θ -	eɪ θ	- ʌɪ - ʔ -	ʌɪ ʔ	- ɛɪ - t -	ɛɪ t	- eɪ - t -	eɪ t	- e - t -	e t	- ɔʰ - tː a	ɔʰ tː a	ʔ a χ t -	ʔ a χ t	- ɒ χ t -	ɒ χ t	ʔ a x t -	ʔ a x t	ʔ a χ t -	ʔ a χ t	ʔ ɔː χ t -	ʔ ɔː χ t	ʔ ɔː χ t -	ʔ ɔː χ t	ʔ ɔ χ t -	ʔ ɔ χ t	ʔ a χ t -	ʔ a χ t	ʔ a χ t -	ʔ a χ t	- aʊ - tʰ a	aʊ tʰ a	- eː - t -	eː t	- a χ t ə	a χ t ə	ʔ a χ - -	ʔ a χ	- ɛɪ - t -	ɛɪ t	- eɪ - t -	eɪ t	- ɔʰ - tː ə	ɔʰ tː ə			- e - tʰ -	e tʰ	- eɪ - tʰ -	eɪ tʰ	- o - t a	o t a	- ɔ - tː a	ɔ tː a	- a χ t -	a χ t	ʔ a χ t -	ʔ a χ t
eye	- aɪ - -	aɪ	- ɑe - -	ɑe	- oː x -	oː x	- ɑɪ - -	ɑɪ	ʔ ɔʊ χ -	ʔ ɔʊ χ	ʔ oː x -	ʔ oː x	ʔ aː - -	ʔ aː	ʔ aʊ k -	ʔ aʊ k	ʔ ɔɪ - -	ʔ ɔɪ	- oʊ χ -	oʊ χ	- oə x -	oə x	- oː x -	oː x	- o χ ə	o χ ə	- aɪ - -	aɪ	- iː - -	iː	- ɒɪ - -	ɒɪ	- aɪ - -	aɪ	- ɑɪ - -	ɑɪ	- aː - -	aː	- ɐɪ - -	ɐɪ	- ɜi - -	ɜi	- ɛ jː a	ɛ jː a	ʔ aʊ ɡ ə	ʔ aʊ ɡ ə	- ɔo k -	ɔo k	ʔ ɔʊ k -	ʔ ɔʊ k	- ao k -	ao k	ʔ œʏ j ə	ʔ œʏ j ə	ʔ œʏ j ə	ʔ œʏ j ə	ʔ aʊ ɡ ɛ	ʔ aʊ ɡ ɛ	ʔ ɑʊ k -	ʔ ɑʊ k	ʔ ɑʊ k -	ʔ ɑʊ k	- ɛʏ ɣ a	ɛʏ ɣ a	- aɪ - -	aɪ	- oː ʁ ə	oː ʁ ə	ʔ aʊ χ -	ʔ aʊ χ	- ɑe - -	ɑe	- aɪ - -	aɪ	- øɪ j ə	øɪ j ə			- ɑɪ - -	ɑɪ	- aɛ - -	aɛ	- œə ɡ ɐ	œə ɡ ɐ	- œː ɡ ə	œː ɡ ə	- iə χ -	iə χ	ʔ ɔɪ ɡ -	ʔ ɔɪ ɡ
fast	f æː s t - -	f æː s t	f aː s t - -	f aː s t	β ɑ s t - -	β ɑ s t	f aː s t - -	f aː s t	f a s - - -	f a s	f æiə s tʰ - -	f æiə s tʰ	f ɛ s t - -	f ɛ s t	f ɛ s t - -	f ɛ s t	f ɛ s tʰ - -	f ɛ s tʰ	f ɑ s t - -	f ɑ s t	f a s t - -	f a s t	f a s - - -	f a s	v ɑ s t ə -	v ɑ s t ə	f ɑː s t - -	f ɑː s t	f e s tʰ - -	f e s tʰ	f ɛː s t - -	f ɛː s t	f a s t - -	f a s t	f ɑː s - - -	f ɑː s	f ɛeə s t - -	f ɛeə s t	f ɑ s t - -	f ɑ s t	f ɑː s t - -	f ɑː s t	f a sː t ʌ ɹ	f a sː t ʌ ɹ	f a s t - -	f a s t	f ɛ ʃ t - -	f ɛ ʃ t	f ɛ ʃ t - -	f ɛ ʃ t	f ɛ ʃ t - -	f ɛ ʃ t	f ɛ ʃ t - -	f ɛ ʃ t	f ɛ ʃ t - -	f ɛ ʃ t	f ɪ ʃ t - -	f ɪ ʃ t	f ɪ ʃ t - -	f ɪ ʃ t	f ɛ ʃ t - -	f ɛ ʃ t	f a s t - -	f a s t	f ɑ s t - -	f ɑ s t	ɸ a s t ə -	ɸ a s t ə	f a s - - -	f a s	f aː s t - -	f aː s t	f a s t - -	f a s t	f a sː t - -	f a sː t			f aː s t - -	f aː s t	f ɑ s t - -	f ɑ s t	f a s tʰ - -	f a s tʰ	f a sː t - -	f a sː t	f ɛə s t - -	f ɛə s t		
father	f a ð ɚ -	f a ð ɚ	f aː ð ɜ -	f aː ð ɜ	v aː d ə r	v aː d ə r	f ɑ ð - ɹ	f ɑ ð ɹ	f a t ɒ -	f a t ɒ	f ʊə t ə ɾ	f ʊə t ə ɾ			f a t - ʁ	f a t ʁ	f ɛ ð ɔ -	f ɛ ð ɔ	f aː ɾ ə -	f aː ɾ ə	f ɑː d ə s	f ɑː d ə s	f a d ə χ	f a d ə χ	f ɔː d - r̩	f ɔː d r̩	f ɑː ð ə -	f ɑː ð ə	f e ð ɐ ɾ	f e ð ɐ ɾ	f e ð ɐ ʁ	f e ð ɐ ʁ	f ɑː ð ə -	f ɑː ð ə	f ɑː ð ə -	f ɑː ð ə	f aː ð - ɹ	f aː ð ɹ	f ɑ d ɜ -	f ɑ d ɜ	f a ð ɚ -	f a ð ɚ	f ɛæ j ə ɹ	f ɛæ j ə ɹ	f aː t ɐ -	f aː t ɐ	f a t ə ɾ	f a t ə ɾ	f a t ə ʁ	f a t ə ʁ	f a t - r	f a t r	f ɒ t ə χ	f ɒ t ə χ	f ɒ t ə χ	f ɒ t ə χ	f oə t ə χ	f oə t ə χ	f a t ɔ -	f a t ɔ			f aː ð ɪ s	f aː ð ɪ s	f ɑ d ɜ -	f ɑ d ɜ	β aː d - ʁ	β aː d ʁ	f a ɾ ɐ -	f a ɾ ɐ	f aː ð ə -	f aː ð ə	f a ð ə -	f a ð ə	f ɑː - - χ	f ɑː χ	f a d eː r	f a d eː r	f a ð ə ɹ	f a ð ə ɹ	f ɑ ð ɛ -	f ɑ ð ɛ	f œʊ - - ʁ	f œʊ ʁ	f ɑː - - ɾ	f ɑː ɾ	f aː - - r	f aː r	f ɔ tʰ ɛ ɾ	f ɔ tʰ ɛ ɾ
fish	f ɪ ʃ -	f ɪ ʃ	f ɪ ʃ -	f ɪ ʃ	v ɪ s -	v ɪ s	f ɪ ʃ -	f ɪ ʃ	f ɪ ʃ -	f ɪ ʃ	f aː ʃ -	f aː ʃ	f ə ʃ -	f ə ʃ	f i ʃ -	f i ʃ	f ɪ s k	f ɪ s k	f ɪ s -	f ɪ s	v ɪ s -	v ɪ s	f ø ʃ -	f ø ʃ	v ɛ s -	v ɛ s	f ɪ ʃ -	f ɪ ʃ	f æ ʃ -	f æ ʃ	f ɪ ʃ -	f ɪ ʃ	f ɪ ʃ -	f ɪ ʃ	f ɪ ʃ -	f ɪ ʃ	f ɪːə ʃ -	f ɪːə ʃ	f ɪ ʃ -	f ɪ ʃ	f ə ʃ -	f ə ʃ	f ɪ sː k	f ɪ sː k	f ɪ ʃ -	f ɪ ʃ	f ɪ ʃ -	f ɪ ʃ	f ɪ ʃ -	f ɪ ʃ	f i ʃ -	f i ʃ	f ɪ ʃ -	f ɪ ʃ	f ɪ ʃ -	f ɪ ʃ	f i ʃ -	f i ʃ	f i ʃ -	f i ʃ	f i ʃ -	f i ʃ	f ɪ s k	f ɪ s k	f ɪ ʃ -	f ɪ ʃ	ɸ ɪ ʃ -	ɸ ɪ ʃ	f ə ʃ -	f ə ʃ	f ə ʃ -	f ə ʃ	f ɪ ʃ -	f ɪ ʃ	f ɪ sː k	f ɪ sː k			f ɪ ʃ -	f ɪ ʃ	f ə ʃ -	f ə ʃ	f ɪ s kʰ	f ɪ s kʰ	f ɪ s k	f ɪ s k	f ɪ s k	f ɪ s k	f i ʃ -	f i ʃ
five	f aɪ - - v -	f aɪ v	f ɑɪ - - v -	f ɑɪ v	f ɛɪ - - ɸ -	f ɛɪ ɸ	f ɑɪ - - v -	f ɑɪ v	f ʏ n ə f -	f ʏ n ə f	f ɒʊe - - f -	f ɒʊe f	f ɨ n ə f -	f ɨ n ə f	f ɪ n - f -	f ɪ n f	f ɪ mˀ - - -	f ɪ mˀ	f æɪ - - f -	f æɪ f	v aː - - f -	v aː f	ɸ iː - - ɸ -	ɸ iː ɸ	v ø̈ - - v ə	v ø̈ v ə	f aɪ - - v -	f aɪ v	f ɑɪ - - v -	f ɑɪ v	f ɒɪ - - v -	f ɒɪ v	f aɪ - - v -	f aɪ v	f ɑɪ - - v -	f ɑɪ v	f aː - - v -	f aː v	f ɐɪ - - v -	f ɐɪ v	f ae - - v -	f ae v	f ɪ m - - -	f ɪ m	f ʏ ɱ - f -	f ʏ ɱ f	f yː - - f -	f yː f	f yː - - ɸ -	f yː ɸ	f yː - - f -	f yː f	f ɪ n ə ɸ -	f ɪ n ə ɸ	f ɪ n ə ɸ -	f ɪ n ə ɸ	f ʏ ɱ - f -	f ʏ ɱ f	f aɪ - - f -	f aɪ f	f yː - - ɸ -	f yː ɸ	f ɪ m - - -	f ɪ m	f ɐɪ - - v -	f ɐɪ v	f iː - - f ə	f iː f ə	f iː - - f -	f iː f	f ɑe - - v -	f ɑe v	f aɪ - - v -	f aɪ v	f ɛ m - - -	f ɛ m			f ɑe - - v -	f ɑe v	f aɛ - - v -	f aɛ v	f ɛ m - - -	f ɛ m	f ɛ m - - -	f ɛ m	f iː - - f -	f iː f	f ɪ n - f -	f ɪ n f
foot	f ʊ t	f ʊ t	f ʊ t	f ʊ t	v u t	v u t	f ʊ t	f ʊ t	f ʊ s	f ʊ s	f eu s	f eu s	f œʊ s	f œʊ s	f uə s	f uə s	f ʊ lˀ	f ʊ lˀ	f u t	f u t	f u t	f u t	f oː t	f oː t	v uə t	v uə t	f ʊ tʰ	f ʊ tʰ	f æ tʰ	f æ tʰ	f ɔ t	f ɔ t	f ʊ θ	f ʊ θ	f ʉ ʔ	f ʉ ʔ	f øː t	f øː t	f u t	f u t	f ɔ t	f ɔ t	f ɒu t	f ɒu t	f uː s	f uː s	f oə s	f oə s	f ʊɛ s	f ʊɛ s	f ʊɔ s	f ʊɔ s	ɸ eː s	ɸ eː s	ɸ eː s	ɸ eː s	f ʊə s	f ʊə s	f uə s	f uə s	ɸ oɛ s	ɸ oɛ s	f ɔʊ t	f ɔʊ t	f ʊ t	f ʊ t	β oː t	β oː t	f ɔɪ t	f ɔɪ t	f ʊ t	f ʊ t	f u t	f u t	f uː t	f uː t			f ʉ tʰ	f ʉ tʰ	f ʊ tʰ	f ʊ tʰ	f ʉu t	f ʉu t	f o tː	f o tː	f oə t	f oə t	f u s	f u s
four	f - o ɻ -	f o ɻ	f - ɔː - -	f ɔː	v - iə ɹ -	v iə ɹ	f - oː ɹ -	f oː ɹ	f - iə - -	f iə	f - æɪɛ ɾ -	f æɪɛ ɾ	f - əɪɜ - -	f əɪɜ	f - iɔ - -	f iɔ	f - iə - -	f iə	f - iə ʁ -	f iə ʁ	v - iː s -	v iː s	ɸ - iə χ -	ɸ iə χ	v - iə ɾ ə	v iə ɾ ə	f - ɔː - -	f ɔː	f - ɐuɐ ɾ -	f ɐuɐ ɾ	f - ɔuɐ ʁ -	f ɔuɐ ʁ	f - ɔː - -	f ɔː	f - ɔə - -	f ɔə	f - ou ɹ -	f ou ɹ	f - ɔ ɹ -	f ɔ ɹ	f - ouɚ - -	f ouɚ	f - ʊi ɹ a	f ʊi ɹ a	f - iɐ - -	f iɐ	f - iə ɾ -	f iə ɾ	f - iə ʁ -	f iə ʁ	f - iɛ ɾ -	f iɛ ɾ	f - iə χ -	f iə χ	f - iə χ -	f iə χ	f - iə χ -	f iə χ	f - iɔ - -	f iɔ	f - iə ɹ -	f iə ɹ	f j œː ɾ -	f j œː ɾ	f - ɔː - -	f ɔː	f - iə ʁ ə	f iə ʁ ə	f - aɪɐ - -	f aɪɐ	f - ɔə - -	f ɔə	f - ɔː - -	f ɔː	f - iː ʁ ə	f iː ʁ ə			f - oə ɹ -	f oə ɹ	f - ɔː - -	f ɔː	f - œʏ ʁ ɐ	f œʏ ʁ ɐ	f - yː ɾ a	f yː ɾ a	f j aʊ ɾ -	f j aʊ ɾ	f - iə ɾ -	f iə ɾ
full	f ʊ ɫ - -	f ʊ ɫ	f ʊ ɫ - -	f ʊ ɫ	β ʌ ɫ - -	β ʌ ɫ	f ʊ ɫ - -	f ʊ ɫ	f ʌ l - -	f ʌ l	f ɔʊə ɫ - -	f ɔʊə ɫ	f ʊ l - -	f ʊ l	f ʊ l - -	f ʊ l	f u lˀ - -	f u lˀ	v ʌ ɫ - -	v ʌ ɫ	v ɔ ɫ - -	v ɔ ɫ	v ʊə ɫ - -	v ʊə ɫ	v œ l - -	v œ l	f ʊ ɫ - -	f ʊ ɫ	f ʌ ɫ - -	f ʌ ɫ	f ɔ l - -	f ɔ l	f ʊ ɫ - -	f ʊ ɫ	f oʊ - - -	f oʊ	f ɵː ɫ - -	f ɵː ɫ	f uʊ - - -	f uʊ	f ɔ ɫ - -	f ɔ ɫ	f ʊ l̥ ʌ ɹ	f ʊ l̥ ʌ ɹ	f ɒ l - -	f ɒ l	f ɔʊ - - -	f ɔʊ	f ʊ l - -	f ʊ l	f o l - -	f o l	f ʊ l - -	f ʊ l	f ʊ l - -	f ʊ l	f ʌ l - -	f ʌ l	f ʊ l - -	f ʊ l	ɸ o l ə -	ɸ o l ə	f ʏ ɬ̥ - -	f ʏ ɬ̥	f ʊ l - -	f ʊ l	ɸ ʊ ɫ - -	ɸ ʊ ɫ	f ʊ l - -	f ʊ l	f ʊ ɫ - -	f ʊ ɫ	f ʊ ɫ - -	f ʊ ɫ	f ʊ l - -	f ʊ l			f ʊ ɫ - -	f ʊ ɫ	f ʊ ɫ - -	f ʊ ɫ	f ʉ l - -	f ʉ l	f ɵ l - -	f ɵ l	f ʌ ɫ - -	f ʌ ɫ	f u ɫ - -	f u ɫ
good	ɡ - ʊ d	ɡ ʊ d	ɡ - ʊ d	ɡ ʊ d	x - u t	x u t	ɡ - ɵ d	ɡ ɵ d	j - oː t	j oː t	ɡ - e tʰ	ɡ e tʰ	ɡ - ʊ t	ɡ ʊ t	ɡ - uə t	ɡ uə t	ɡ - ʊə lˀ	ɡ ʊə lˀ	χ - u t	χ u t	x - uː -	x uː	x - ʌ t	x ʌ t	h - oə t	h oə t	ɡ - ʊ d	ɡ ʊ d	ɡ w iː d	ɡ w iː d	ɡ - ɔ d	ɡ ɔ d	ɡ - ʊ ð	ɡ ʊ ð	ɡ - ʉ d	ɡ ʉ d	ɡ - øː d	ɡ øː d	ɡ - u d	ɡ u d	ɡ - ʉ d	ɡ ʉ d			ɡ - uː t	ɡ uː t	ɡ - ʊə t	ɡ ʊə t	ɡ - oɛ t	ɡ oɛ t	ɡ - oɔ t	ɡ oɔ t	ɡ - øə t	ɡ øə t	ɡ - øə t	ɡ øə t	ɡ - ʊɛ ʦ	ɡ ʊɛ ʦ	ɡ - uə t	ɡ uə t	ɡ - oə t	ɡ oə t	ɡ - ɔʊ ð	ɡ ɔʊ ð	ɡ - ʊ d	ɡ ʊ d	χ - oː t	χ oː t	ɡ - aʊ t	ɡ aʊ t	ɡ - ɵ d	ɡ ɵ d	g - ʊ d	g ʊ d	ɡ - oː -	ɡ oː			ɡ - ʉ d	ɡ ʉ d	ɡ - ɵ d	ɡ ɵ d	ɡ - øʉ -	ɡ øʉ	ɡ - ʊo t	ɡ ʊo t	ɡ - oə t	ɡ oə t	ɡ - u t	ɡ u t
goose	ɡ ʊu - s -	ɡ ʊu s	ɡ y - s -	ɡ y s	x a n s -	x a n s	ɡ ɵʊ - s -	ɡ ɵʊ s	j a n s -	j a n s	ɡ ɒʊe - s -	ɡ ɒʊe s	ɡ æ n s -	ɡ æ n s	ɡ ɔː - s -	ɡ ɔː s	ɡ ʊ - sˀ -	ɡ ʊ sˀ	χ ɑ n s -	χ ɑ n s	ç a n s -	ç a n s	x a n s -	x a n s	χ ɑ̃ - z ə	χ ɑ̃ z ə	ɡ u - s -	ɡ u s	ɡ u - s -	ɡ u s	ɡ u - s -	ɡ u s	ɡ ʉ - s -	ɡ ʉ s	ɡ ʉ - s -	ɡ ʉ s	ɡ yː - s -	ɡ yː s	ɡ u - s -	ɡ u s	ɡ ʉ - s -	ɡ ʉ s	ɡ ʊa - s -	ɡ ʊa s	ɡ a n ʦ -	ɡ a n ʦ	ɡ ɒ n s -	ɡ ɒ n s	ɡ a n s -	ɡ a n s	ɡ a n s -	ɡ a n s	ɡ ɔ n s -	ɡ ɔ n s	ɡ ɔ n s -	ɡ ɔ n s	ɡ ɔ n s -	ɡ ɔ n s	ɡ aː - s -	ɡ aː s	ɡ a n s -	ɡ a n s	ɟ aɪ - s -	ɟ aɪ s	ɡ u - s -	ɡ u s	χ a n s -	χ a n s	ɡ aʊ - s -	ɡ aʊ s	ɡ ʉ - s -	ɡ ʉ s	g uː - z -	g uː z	ɡ ɔː - s -	ɡ ɔː s			ɡ ʉ - s -	ɡ ʉ s	ɡ ʉ - s -	ɡ ʉ s	ɡ ɛʊ - s -	ɡ ɛʊ s	ɡ oə - s -	ɡ oə s	ɡ oə - s -	ɡ oə s	ɡ a n s -	ɡ a n s
green	ɡ - ɻ ɪi n - -	ɡ ɻ ɪi n	ɡ - ɹ ɪi n - -	ɡ ɹ ɪi n	x - r uː n - -	x r uː n	ɡ - ɹ iː n - -	ɡ ɹ iː n	j ɒ ʁ œ̃ - - -	j ɒ ʁ œ̃	ɡ - ɾ ʊ ɳ - -	ɡ ɾ ʊ ɳ	ɡ - ʁ ɪ ŋ - -	ɡ ʁ ɪ ŋ	ɡ - ʁ eə̃ - - -	ɡ ʁ eə̃	ɡ - ʁ ɔʏ nˀ - -	ɡ ʁ ɔʏ nˀ	χ - ʁ u n - -	χ ʁ u n	ç - ɾ y n - -	ç ɾ y n	χ - ʁ ø n - -	χ ʁ ø n	h - ɾ uə n ə -	h ɾ uə n ə	ɡ - ɹ ɪi n - -	ɡ ɹ ɪi n	ɡ - ɾ iː n - -	ɡ ɾ iː n	ɡ - ʁ i n - -	ɡ ʁ i n	ɡ - ɾ iː n - -	ɡ ɾ iː n	ɡ - ɹ ɪi n - -	ɡ ɹ ɪi n	ɡ - ɹ ɪi n - -	ɡ ɹ ɪi n	ɡ - ɹ i n - -	ɡ ɹ i n	ɡ - ɹ i n - -	ɡ ɹ i n	ɡ - ɾ øː n ʌ ɹ	ɡ ɾ øː n ʌ ɹ	ɡ - ʁ yː n - -	ɡ ʁ yː n	ɡ - ɾ ʏɛ n - -	ɡ ɾ ʏɛ n	ɡ - ɾ ỹɛ - - -	ɡ ɾ ỹɛ	ɡ - ɾ ʏɛ n - -	ɡ ɾ ʏɛ n	ɡ - ʁ eː n - -	ɡ ʁ eː n	ɡ - ʁ eː n - -	ɡ ʁ eː n	ɡ - ʁ iɛ n - -	ɡ ʁ iɛ n	ɡ - ʁ eə - - -	ɡ ʁ eə	ɡ - r yɛ - - -	ɡ r yɛ	ɡ - r a n̥ - -	ɡ r a n̥	ɡ - ɹ iː n - -	ɡ ɹ iː n	χ - - øː n - -	χ øː n	ɡ - ʁ ɔɪ n - -	ɡ ʁ ɔɪ n	ɡ - ɹ ɪi n - -	ɡ ɹ ɪi n	g - ɹ iː n - -	g ɹ iː n	ɡ - ʁ œ n - -	ɡ ʁ œ n			ɡ - ɹ i n - -	ɡ ɹ i n	ɡ - ɹ iː n - -	ɡ ɹ iː n	ɡ - ʁ œː n - -	ɡ ʁ œː n	ɡ ə r œː n - -	ɡ ə r œː n	ɡ - ɾ iə n - -	ɡ ɾ iə n	ɡ - ɾ i n - -	ɡ ɾ i n
hand	h æə n d	h æə n d	h æː n d	h æː n d	h a n tʰ	h a n tʰ	h aː n d	h aː n d	h a n t	h a n t	h oʊə n tʰ	h oʊə n tʰ	h a n t	h a n t	h ɒ̃ː - t	h ɒ̃ː t	h ʊ nˀ -	h ʊ nˀ	h ɑ n t	h ɑ n t	h a n t	h a n t	h a ŋ k	h a ŋ k	- ɑ n t	ɑ n t	h æ n d	h æ n d	h ɑː n -	h ɑː n	h ɒː n d	h ɒː n d	h a n d	h a n d	h æ n -	h æ n	h ɛɪə n d	h ɛɪə n d	h æ n -	h æ n	h ɑː n -	h ɑː n	h ɔ n t	h ɔ n t	h a n t	h a n t	h ɒ ŋ -	h ɒ ŋ	h a n t	h a n t	h a n t	h a n t	h ɒ n t	h ɒ n t	h ɒ n t	h ɒ n t	h ɒ n ʦ	h ɒ n ʦ	h a n t	h a n t	h a n t	h a n t	h œ n t	h œ n t	h ɛː n d	h ɛː n d	h a n t	h a n t	h a n -	h a n	h ɛː n d	h ɛː n d	h a n d	h a n d	h ɔ n -	h ɔ n			h a n d	h a n d	h æ n d	h æ n d	h œʊ n -	h œʊ n	h ɑ n d	h ɑ n d			h a n t	h a n t
head	h ɛ - - d -	h ɛ d	h ɛ - - d -	h ɛ d	h oː f - t -	h oː f t	h ɛ - - d -	h ɛ d	h ɔʊ p - - -	h ɔʊ p	h eiə f - t -	h eiə f t	h aː p - t -	h aː p t	h aʊ p - t -	h aʊ p t			h ɒʊ f - t -	h ɒʊ f t	h ɔ f - t -	h ɔ f t			- oː f - t -	oː f t	h ɛ - - d -	h ɛ d	h iː - - d -	h iː d	h i - - d -	h i d	h ɛ - - ð -	h ɛ ð	h ɛ - - d -	h ɛ d	h eɪə - - d -	h eɪə d	h ɛ - - d -	h ɛ d	h ɛə - - d -	h ɛə d	h œ - - t -	h œ t	h aʊ p - t -	h aʊ p t	h ɔo p - t -	h ɔo p t	h aʊ p - t -	h aʊ p t	h aʊ p - t -	h aʊ p t	h œʏ p - t -	h œʏ p t	h œʏ p - t -	h œʏ p t	h aʊ p - t -	h aʊ p t	h ɑɵ p - t -	h ɑɵ p t	h ɑo p - t -	h ɑo p t	h øː v ə θ -	h øː v ə θ	h ɛ - - d -	h ɛ d	h øː - - s -	h øː s			h ɪ - - d -	h ɪ d	h ɛ - - d -	h ɛ d	h oː - - d ə	h oː d ə			h ɛ - - d -	h ɛ d	h e - - d -	h e d	h øʊə - - - -	h øʊə	h ʉː v ʉ d -	h ʉː v ʉ d	h aː - - t -	h aː t	h aɪ p - t -	h aɪ p t
heart	h ɑ ɻ tʰ -	h ɑ ɻ tʰ	h aː - t -	h aː t	h a r t -	h a r t	h ɑ ɹ t -	h ɑ ɹ t	h ɛ - ʦ -	h ɛ ʦ	h aː r ʦ -	h aː r ʦ	h eɐ - ʦ -	h eɐ ʦ	h ɛ ʁ ʦ -	h ɛ ʁ ʦ	j ɛə - d ə	j ɛə d ə	h a ɹ t -	h a ɹ t	h a ɾ t -	h a ɾ t	h ɑ - t -	h ɑ t	- a r t ə	a r t ə	h ɑː - tʰ -	h ɑː tʰ	h eɐ ɾ tʰ -	h eɐ ɾ tʰ	h ɑː ʁ t -	h ɑː ʁ t	h ɑː - θ -	h ɑː θ	h ɑː - ʔ -	h ɑː ʔ	h ɑː ɹ t -	h ɑː ɹ t	h ɑ - t -	h ɑ t	h a ɻ t -	h a ɻ t	j a ɹː t a	j a ɹː t a	h ɛɐ - ʦ -	h ɛɐ ʦ	h a r ʦ -	h a r ʦ	h ɛ ʁ ʦ -	h ɛ ʁ ʦ	h ɛ r ʦ -	h ɛ r ʦ	h a χ ʦ -	h a χ ʦ	h a χ ʦ -	h a χ ʦ	h ɛ χ ʦ -	h ɛ χ ʦ	h ɛ ʁ ʦ -	h ɛ ʁ ʦ	h a ɹ ʦ -	h a ɹ ʦ	hʲ a s t a	hʲ a s t a	h ɑː - t -	h ɑː t	h a - t ə	h a t ə	h a - t -	h a t	h aː - t -	h aː t	h ɑː - t -	h ɑː t	j ɛ χː t ə	j ɛ χː t ə			h ɒ ɹ tʰ -	h ɒ ɹ tʰ	h ɑ - tʰ -	h ɑ tʰ	j a χ t ɐ	j a χ t ɐ	j a - tː a	j a tː a	h ɛ - t -	h ɛ t	h a r ʦ -	h a r ʦ
holy	h ʌʊ l i - - -	h ʌʊ l i	h ɜʊ l i - - -	h ɜʊ l i	h ɛɪ l ə ç - -	h ɛɪ l ə ç	h o ɫ i - - -	h o ɫ i	h ɛ l ɪ ʃ - -	h ɛ l ɪ ʃ	h e l i ʃ - -	h e l i ʃ	h ɛ l ə ʃ - -	h ɛ l ə ʃ	h aɪ l ɪ ɡ - -	h aɪ l ɪ ɡ	h ɛ l i - - -	h ɛ l i	h ɛɪ l ʌ χ - -	h ɛɪ l ʌ χ	- aɪ l ɪ ç - -	aɪ l ɪ ç	h eː l ɪ ç - -	h eː l ɪ ç	- ɛ l ə ç - -	ɛ l ə ç	h əʊ l ɪ - - -	h əʊ l ɪ	h o l e - - -	h o l e	h o l ɛɪ - - -	h o l ɛɪ	h ɛʉ l i - - -	h ɛʉ l i	h ʌʊ l ɪ - - -	h ʌʊ l ɪ	h ʌʊ ɫ i - - -	h ʌʊ ɫ i	h o l i - - -	h o l i	h o l e - - -	h o l e	h æi l a v ʌ ɹ	h æi l a v ʌ ɹ	h aɪ l ɪ ç - -	h aɪ l ɪ ç	h ei l ɪ k - -	h ei l ɪ k	h aɪ l ɪ ɡ - -	h aɪ l ɪ ɡ	h aɪ l i k - -	h aɪ l i k	h ai l i kʰ - -	h ai l i kʰ	h ai l i kʰ - -	h ai l i kʰ	h aɪ l ɪ k - -	h aɪ l ɪ k	h aɪ l i ç - -	h aɪ l i ç	h æɪ l ɪ k - -	h æɪ l ɪ k	h ɛ l - k - -	h ɛ l k	h o l i - - -	h o l i	h ɛɪ l ə χ - -	h ɛɪ l ə χ	h iː l ɪ ç - -	h iː l ɪ ç	h ʌʊ l i - - -	h ʌʊ l i	h o l i - - -	h o l i	h ɛ lː i - - -	h ɛ lː i			h o ɫ i - - -	h o ɫ i	h əʉ l i - - -	h əʉ l i	h eə l ɪ - - -	h eə l ɪ	h ɪɐ l ɪ ɡ - -	h ɪɐ l ɪ ɡ	h ɪ ɫ ə χ - -	h ɪ ɫ ə χ	h ɛɪ l ɪ ɡ - -	h ɛɪ l ɪ ɡ
home	h ʌʊ m - -	h ʌʊ m	h ɜʉ m - -	h ɜʉ m	h eː m - -	h eː m	h oʊ m - -	h oʊ m	h ɛɪ m - -	h ɛɪ m	h eiə m - -	h eiə m	h eː m - -	h eː m	h ɔe m - -	h ɔe m	j ɪ mˀ - -	j ɪ mˀ	h ɛɪ m - -	h ɛɪ m	h e m - -	h e m	h eː m - -	h eː m	h eː m - -	h eː m	h əʊ m - -	h əʊ m	h e m - -	h e m	ç ɛː m - -	ç ɛː m	h ɛʉ m - -	h ɛʉ m	h ʌʊ m - -	h ʌʊ m	h œo m - -	h œo m	h oʊ m - -	h oʊ m	h o m - -	h o m	h aɪ m - -	h aɪ m	h aɪ m - -	h aɪ m	h eɪ m - -	h eɪ m	h oɐ m - -	h oɐ m	h aɪ m - -	h aɪ m	h aː m - -	h aː m	h aː m - -	h aː m	h aɪ m - -	h aɪ m	h ɔɪ m - -	h ɔɪ m	h æɪ m ə t	h æɪ m ə t	h ɛɪ m - -	h ɛɪ m	h oː m - -	h oː m	h eː m - -	h eː m			h ɜʉ m - -	h ɜʉ m	h oː m - -	h oː m	j ɛ m - -	j ɛ m			h o m - -	h o m	h əʉ m - -	h əʉ m	h e m - -	h e m	h ɛə m - -	h ɛə m	h iə m - -	h iə m	h ɛɪ m - -	h ɛɪ m
honey	h ʌ n i - -	h ʌ n i	h ɐ n i - -	h ɐ n i	h oː n ɪ ŋ -	h oː n ɪ ŋ	h ʌ n i - -	h ʌ n i	h ʊ n i - ʃ	h ʊ n i ʃ	h oʊə n - - ʃ	h oʊə n ʃ	h ʊ n ə - ʃ	h ʊ n ə ʃ	h oː n ɪ - ç	h oː n ɪ ç	h ɔ n ɪ ŋ -	h ɔ n ɪ ŋ	h ɔ n ɪ ŋ -	h ɔ n ɪ ŋ	- øː n ɪ ŋ -	øː n ɪ ŋ	- øə n ɪ ŋ -	øə n ɪ ŋ			h ɐ n ɪ - -	h ɐ n ɪ	h ʌ n e - -	h ʌ n e	h ɔ n ɛɪ - -	h ɔ n ɛɪ	h ʊ n i - -	h ʊ n i	h ɐ n ɪ - -	h ɐ n ɪ	h œː n i - -	h œː n i	h ɑ n i - -	h ɑ n i	h ɔ n e - -	h ɔ n e	h ʊ n a ŋ k	h ʊ n a ŋ k	h oː n ɪ - ç	h oː n ɪ ç	h ɔ n i - k	h ɔ n i k	h ɔː n ɪ - ɡ	h ɔː n ɪ ɡ	h o n i - k	h o n i k	h o n i - k	h o n i k	h o n i - k	h o n i k	h oː n i - k	h oː n i k	h oː n i - ç	h oː n i ç	h oː n ɪ - ɡ	h oː n ɪ ɡ	h øː n a ŋ k	h øː n a ŋ k	h ɐ n i - -	h ɐ n i	h ɔ n ʌ - χ	h ɔ n ʌ χ	h ɔ n ɪ - ç	h ɔ n ɪ ç	h ɐ n i - -	h ɐ n i	h ɔ n i - -	h ɔ n i	h ʊ nː ɪ ŋ -	h ʊ nː ɪ ŋ			h ʌ n i - -	h ʌ n i	h ɜ n iː - -	h ɜ n iː	h øə n ʉ ŋ -	h øə n ʉ ŋ	h oə n ʌ ŋ -	h oə n ʌ ŋ	h y n ɪ ŋ -	h y n ɪ ŋ	h ɔ n ɪ - ɡ	h ɔ n ɪ ɡ
horn	h ɔ ɻ - n	h ɔ ɻ n	h ɔː - - n	h ɔː n	h ɔː r - n	h ɔː r n	h ɔ ɹ - n	h ɔ ɹ n	h ɔː - - n	h ɔː n	h oə r - n	h oə r n	h aː χ - -	h aː χ	h ɔ ʁ - n	h ɔ ʁ n			h o ɹ - n	h o ɹ n	- oː ɾ ə n	oː ɾ ə n	h oɐ - - n	h oɐ n	- ɔː ɾ ə n	ɔː ɾ ə n	h ɔː - - n	h ɔː n	h ɔ ɾ ɪ n	h ɔ ɾ ɪ n	h o ʁ ɪ n	h o ʁ ɪ n	h ɔː - - n	h ɔː n	h oʊ - - n	h oʊ n	h ou ɹ - n	h ou ɹ n	h ɔ ɹ - n	h ɔ ɹ n	h ɔ ɚ - n	h ɔ ɚ n	h ɔ - - n̥	h ɔ n̥	h ɔː - - n	h ɔː n	h ɔ r - n	h ɔ r n	h ɔɐ ʁ - n	h ɔɐ ʁ n	h oː ɾ ə -	h oː ɾ ə	h o ʁ ə n	h o ʁ ə n	h o ʁ ə n	h o ʁ ə n	h ɔ ʁ - n	h ɔ ʁ n	h ɒ - - n	h ɒ n	h oː ɾ ə -	h oː ɾ ə	h ɔ r - nˀ	h ɔ r nˀ	h ɔː - - n	h ɔː n	h oɐ - - n	h oɐ n	h uə - - n	h uə n	h ɔə - - n	h ɔə n	h ɔː - - n	h ɔː n	h o ʁ - n	h o ʁ n			h ɔ ɹ - n	h ɔ ɹ n	h ɔː - - n	h ɔː n	h oə ʁ - n	h oə ʁ n	h o ʁ - n	h o ʁ n	h õə̃ - - n	h õə̃ n	h ɔ r - n	h ɔ r n
hound	h æʊ n d	h æʊ n d	h æʊ n d	h æʊ n d	h ʊ n t	h ʊ n t	h aʊ n d	h aʊ n d	h ʊ ŋ k	h ʊ ŋ k	h aː n tʰ	h aː n tʰ	h ʊ n t	h ʊ n t	h ʊə n t	h ʊə n t	h u nˀ -	h u nˀ	h ɔ n t	h ɔ n t	- ɐʊ n t	ɐʊ n t	h ʊ ŋ k	h ʊ ŋ k	- ʊ n t	ʊ n t	h aʊ n d	h aʊ n d	h ɐu n d	h ɐu n d	h u n d	h u n d	h aʊ n d	h aʊ n d	h æʊ n d	h æʊ n d	h æeo n -	h æeo n	h ɐʊ n d	h ɐʊ n d	h ɜʉ n -	h ɜʉ n	h ʊ n t	h ʊ n t	h ʊ n t	h ʊ n t	h ʊ n t	h ʊ n t	h ʊ n d	h ʊ n d	h ʊ n t	h ʊ n t	h ʊ n t	h ʊ n t	h ʊ n t	h ʊ n t	h ʊ n ʦ	h ʊ n ʦ	h ʊ n t	h ʊ n t	h uː n t	h uː n t	h ʏ n t	h ʏ n t	h aʊ n d	h aʊ n d	h ʊ n t	h ʊ n t	h ʊ n d	h ʊ n d	h æʊ n d	h æʊ n d	h aʊ n d	h aʊ n d	h ʊ nː -	h ʊ nː			h ɐʉ n d	h ɐʉ n d	h aʊ n d	h aʊ n d	h ʉə n -	h ʉə n	h ɵ n d	h ɵ n d	h ũ n -	h ũ n	h u n t	h u n t
house	h æʊ s	h æʊ s	h æʊ s	h æʊ s	h æʏ s	h æʏ s	h ʌʊ s	h ʌʊ s	h uː s	h uː s	h eu s	h eu s	h ɛʊ s	h ɛʊ s	h ʌu s	h ʌu s	h u s	h u s	h aø s	h aø s	- ɔɐ s	ɔɐ s	h uː s	h uː s	- ʉ s	ʉ s	h aʊ s	h aʊ s	h u s	h u s	h u s	h u s	h aʊ s	h aʊ s	h æʊ s	h æʊ s	h æo s	h æo s	h ɐʊ s	h ɐʊ s	h ɜʉ s	h ɜʉ s	h øu s	h øu s	h aʊ s	h aʊ s	h uː s	h uː s	h uː s	h uː s	h uː s	h uː s	h y s	h y s	h y s	h y s	h aɵ s	h aɵ s	h ɐu s	h ɐu s	h uː s	h uː s	h uː s	h uː s	h aʊ s	h aʊ s	h y s	h y s	h u s	h u s	h aʊ s	h aʊ s	h aʊ s	h aʊ s	h ʏy s	h ʏy s			h ɐʉ s	h ɐʉ s	h ao s	h ao s	h ʏy s	h ʏy s	h ʏː s	h ʏː s	h uː s	h uː s	h ɔɪ z	h ɔɪ z
hundred	h ʌ n d - ɻ ə d	h ʌ n d ɻ ə d	h ɐ n d - ɹ ə d	h ɐ n d ɹ ə d	h ɔ n d - ɾ - t	h ɔ n d ɾ t	h ʌ n d - ɹ ə d	h ʌ n d ɹ ə d	h ʊ n d ɐ - - t	h ʊ n d ɐ t	h a n d ɛ ɾ - tʰ	h a n d ɛ ɾ tʰ	h ɔ n - ɐ - - t	h ɔ n ɐ t	h ʊ n d ɔ - - t	h ʊ n d ɔ t	h ʊ n - - ʁ œː -	h ʊ n ʁ œː	h ʊ n - ə ɹ - t	h ʊ n ə ɹ t	- ʌ n d ə s - tʰ	ʌ n d ə s tʰ	h oə - - - - - t	h oə t	- ʊ n d - r̩ - t	ʊ n d r̩ t	h ɐ n d - ɹ ə d	h ɐ n d ɹ ə d	h ʌ n - ɐ ɾ - -	h ʌ n ɐ ɾ	h ɔ n d ɐ ʁ - -	h ɔ n d ɐ ʁ	h ʊ n d - ɾ ə ð	h ʊ n d ɾ ə ð	h ɐ n d - ɹ ə d	h ɐ n d ɹ ə d	h œ n d - ɹ ɪ d	h œ n d ɹ ɪ d	h ɑ n d - r ə d	h ɑ n d r ə d	h ɔ n - ɚ - - d	h ɔ n ɚ d	h ʊ n t - ɹ a -	h ʊ n t ɹ a	h ʊ n d ɐ - - t	h ʊ n d ɐ t	h ʊ n d ə - - t	h ʊ n d ə t	h ʊ n d ə ʁ - t	h ʊ n d ə ʁ t	h o n d ə - - t	h o n d ə t	h ʊ n d ə χ - t	h ʊ n d ə χ t	h ʊ n d ə χ - t	h ʊ n d ə χ t	h ʊ n d ə χ - t	h ʊ n d ə χ t	h ʊ n d - ʁ - t	h ʊ n d ʁ t	h ʊ n d ə - - t	h ʊ n d ə t	h ʏ n d - ɾ a θ	h ʏ n d ɾ a θ	h ɜ n ʣ - - ə d	h ɜ n ʣ ə d	h ʊ n d ə ʁ - t	h ʊ n d ə ʁ t	h ʊ n - ɐ - - t	h ʊ n ɐ t	h ɜ n ʣ - ɹ ə d	h ɜ n ʣ ɹ ə d	h ʌ n d - ɹ ə d	h ʌ n d ɹ ə d	h ʊ n d - ʁ ə -	h ʊ n d ʁ ə			h ʌ n d - ɹ ə d	h ʌ n d ɹ ə d	h ɜ n d - ɹ ə d	h ɜ n d ɹ ə d	h ʏ n d - ʁ ɐ -	h ʏ n d ʁ ɐ	h ʊ n d - ɾ a -	h ʊ n d ɾ a	h ʊ n d ə - - t	h ʊ n d ə t	h u n d ə ɾ ə t	h u n d ə ɾ ə t
hunger	h ʌ ŋ ɡ ɚ -	h ʌ ŋ ɡ ɚ	h ɐ ŋ ɡ ɜ -	h ɐ ŋ ɡ ɜ	h ʊ ŋ - ə ɹ	h ʊ ŋ ə ɹ	h ʌ ŋ ɡ - ɹ	h ʌ ŋ ɡ ɹ	h ʊ ŋ - ɒ -	h ʊ ŋ ɒ	h aː - - - r	h aː r	h ʊ ŋ - ʌ -	h ʊ ŋ ʌ	h ʊ ŋ - - ʁ	h ʊ ŋ ʁ	h ʊ ŋˀ - ɔ -	h ʊ ŋˀ ɔ	h ʌ ŋ - ə ʁ	h ʌ ŋ ə ʁ	- ʊ ŋ - ə s	ʊ ŋ ə s	h ʊ ŋ - ə χ	h ʊ ŋ ə χ	- ʊ ŋ - - r̩	ʊ ŋ r̩	h ɐ ŋ ɡ ə -	h ɐ ŋ ɡ ə	h ʌ ŋ - ɐ ɾ	h ʌ ŋ ɐ ɾ	h ɔ ŋ - ɐ ʁ	h ɔ ŋ ɐ ʁ	h ʊ ŋ ɡ ə -	h ʊ ŋ ɡ ə	h ɐ ŋ ɡ ə -	h ɐ ŋ ɡ ə	h ɜ ŋ ɡ - ɹ	h ɜ ŋ ɡ ɹ	h ɑ ŋ ɡ ɜ -	h ɑ ŋ ɡ ɜ	h ɔ ŋ - ɚ -	h ɔ ŋ ɚ	h ʊ n k ə ɹ	h ʊ n k ə ɹ	h ʊ ŋ - ɐ -	h ʊ ŋ ɐ	h ʊ ŋ - ə z	h ʊ ŋ ə z	h ʊ ŋ - ə ʁ	h ʊ ŋ ə ʁ	h ʊ ŋ ɡ - r	h ʊ ŋ ɡ r	h ʊ ŋ - ə χ	h ʊ ŋ ə χ	h ʊ ŋ - ə χ	h ʊ ŋ ə χ	h ʊ ŋ ɡ ə χ	h ʊ ŋ ɡ ə χ	h ʊ ŋ - ɔ -	h ʊ ŋ ɔ	h ʊ ŋ ɡ ə ɾ	h ʊ ŋ ɡ ə ɾ	h ʊ ŋ k - -	h ʊ ŋ k	h ɜ ŋ ɡ ɜ -	h ɜ ŋ ɡ ɜ	h ʊ ŋ - - ʁ	h ʊ ŋ ʁ	h ʊ ŋ - ɐ -	h ʊ ŋ ɐ	h ɜ ŋ ɡ ɛ -	h ɜ ŋ ɡ ɛ	h ʌ ŋ ɡ ə -	h ʌ ŋ ɡ ə	h ʊ ŋ ɡ ə χ	h ʊ ŋ ɡ ə χ			h ʌ ŋ ɡ ə ɹ	h ʌ ŋ ɡ ə ɹ	h ɜ ŋ ɡ ɛ -	h ɜ ŋ ɡ ɛ	h ʏ ŋ ɡ - ʁ	h ʏ ŋ ɡ ʁ	h ʉ ŋ - ə ɹ	h ʉ ŋ ə ɹ	h ʌ ŋ - - r	h ʌ ŋ r	h u ŋ ɡ ɛ ɾ	h u ŋ ɡ ɛ ɾ
ice	- aɪ s -	aɪ s	- ɑɪ s -	ɑɪ s	- ɛɪ s -	ɛɪ s	- ʌɪ s -	ʌɪ s	ʔ iː s -	ʔ iː s	ʔ eɪ s -	ʔ eɪ s	ʔ æi s -	ʔ æi s	ʔ ɛi s -	ʔ ɛi s	ʔ i s -	ʔ i s	- ɛɪ s -	ɛɪ s	- aː s -	aː s	- iː s -	iː s	- i s -	i s	- aɪ s -	aɪ s	- ɐi s -	ɐi s	- ɛi s -	ɛi s	- aɪ s -	aɪ s	- ɑɪ s -	ɑɪ s	- aɪ s -	aɪ s	- ɐɪ s -	ɐɪ s	- ɜi s ı	ɜi s ı	- ʊi s -	ʊi s	ʔ aɪ s -	ʔ aɪ s	- iː s -	iː s	ʔ iː s -	ʔ iː s	- iː s -	iː s	ʔ i s -	ʔ i s	ʔ i s -	ʔ i s	ʔ aɪ s -	ʔ aɪ s	ʔ ɐi s -	ʔ ɐi s	ʔ iː ʃ -	ʔ iː ʃ	- iː s -	iː s	- ɐɪ s -	ɐɪ s	- i s -	i s	ʔ i s -	ʔ i s	- ɑɪ s -	ɑɪ s	- aɪ s -	aɪ s	- iː s -	iː s			- ʌi s -	ʌi s	- aɛ s -	aɛ s	- ɪi s -	ɪi s	- iː s -	iː s	- iː s -	iː s	ʔ aɪ z -	ʔ aɪ z
in	- ɪə n	ɪə n	- ɪ n	ɪ n	- ɪ n	ɪ n	- ɪ n	ɪ n	ʔ ɪ n	ʔ ɪ n	- a n	a n	ʔ a n	ʔ a n	ʔ i n	ʔ i n	ʔ i ç	ʔ i ç	- ɪ n	ɪ n	- i n	i n	- ɪ n	ɪ n	- ɪ n	ɪ n	- ɪ n	ɪ n	- æː n	æː n	- ɪ n	ɪ n	- ɪ n	ɪ n	- ɪ n	ɪ n	- ɪiə n	ɪiə n	- ɪ n	ɪ n	- ə n	ə n	- ʊi -	ʊi	ʔ ɪ n	ʔ ɪ n	ʔ ɪ n	ʔ ɪ n	ʔ i n	ʔ i n	ʔ ɪ n	ʔ ɪ n	ʔ ɪ n	ʔ ɪ n	ʔ ɪ n	ʔ ɪ n	ʔ ɪ n	ʔ ɪ n	ʔ i n	ʔ i n	- i -	i	- iː -	iː	- ɪ n	ɪ n	- ɪ n	ɪ n	ʔ ə n	ʔ ə n	- ə n	ə n	- ɪ n	ɪ n	- iː -	iː			- ɪ n	ɪ n	- ə n	ə n	ʔ ɪi -	ʔ ɪi	- iː -	iː	- i n	i n	ʔ ɪ n	ʔ ɪ n
is	- ɪə z -	ɪə z	- ɪ z -	ɪ z	- ɪ s -	ɪ s	- ɪ z -	ɪ z	ʔ ɪ s -	ʔ ɪ s	ʔ a s tʰ	ʔ a s tʰ	- ɐ s -	ɐ s	ʔ ɪ s -	ʔ ɪ s	ʔ ɛɐ - -	ʔ ɛɐ	- ɪ s -	ɪ s	- ɪ s -	ɪ s	- ɪ s -	ɪ s	- ɛ s -	ɛ s	- ɪ z -	ɪ z	- æː z -	æː z	- ɪ z -	ɪ z	- ɪ z -	ɪ z	- ɪ z -	ɪ z	- ɪiə z -	ɪiə z	- ɪ s -	ɪ s	- ə z -	ə z			ʔ ɪ s t	ʔ ɪ s t	ʔ ɪ ʃ -	ʔ ɪ ʃ	ʔ i ʃ t	ʔ i ʃ t	ʔ i ʃ -	ʔ i ʃ	ʔ ɪ s -	ʔ ɪ s	ʔ ɪ s -	ʔ ɪ s	ʔ i ʃ -	ʔ i ʃ	ʔ i ʃ -	ʔ i ʃ	ʔ i ʃ t	ʔ i ʃ t			- ɪ z -	ɪ z	- ɪ s -	ɪ s	ʔ ɪ s -	ʔ ɪ s	- ə z -	ə z	- ɪ z -	ɪ z					- ɪ z -	ɪ z	- ə z -	ə z	- ɪi - -	ɪi			- ɪ s -	ɪ s	ʔ ɪ z -	ʔ ɪ z
knee	- - n iː - -	n iː	- - n ɪi - -	n ɪi	k - n iː - -	k n iː	- - n iː - -	n iː	kʰ - n i - -	kʰ n i	k - n ɛi - -	k n ɛi	kʰ - n ɛi - -	kʰ n ɛi	k - n iə - -	k n iə	kʰ - n iˀ - -	kʰ n iˀ	kʰ - n i - -	kʰ n i	k - n iː - -	k n iː	k - n ɛɪ - -	k n ɛɪ	k - n iə - -	k n iə	- - n ɪi - -	n ɪi	kʰ ə n iː - -	kʰ ə n iː	- - n ɛi - -	n ɛi	- - n iː - -	n iː	- - n ɪi - -	n ɪi	- - n ɪi - -	n ɪi	- - n i - -	n i	- - n iː - -	n iː	kʰ - n ɛa - -	kʰ n ɛa	kʰ - n iː - -	kʰ n iː	χ - n œɪ - -	χ n œɪ	kʰ - n yː - -	kʰ n yː	kʰ - n yː - -	kʰ n yː	k - n iː - -	k n iː	k - n iː - -	k n iː	k - n iɛ - -	k n iɛ	k - n iː - -	k n iː	tʰ ə n ɜʏ - -	tʰ ə n ɜʏ	h - n eə - -	h n eə	- - n iː - -	n iː	k - n eɪ - -	k n eɪ	kʰ - n ɛɪ - -	kʰ n ɛɪ	- - n ɪi - -	n ɪi	- - n iː - -	n iː	kʰ - n eə - -	kʰ n eə			- - n iː - -	n iː	- - n iː - -	n iː	k - n ɛɪ - -	k n ɛɪ	kʰ ə n ɛː - -	kʰ ə n ɛː	k - n ɪ b ɫ	k n ɪ b ɫ	kʰ - n iː - -	kʰ n iː
lamb	ɫ æː m - - - -	ɫ æː m	l æː m - - - -	l æː m	l ɑ m - - - -	l ɑ m	ɫ æː m - - - -	ɫ æː m	l a m - - - -	l a m	l a m - ʃ ə n	l a m ʃ ə n	l a m - - - -	l a m	l a m - - - -	l a m	l a mˀ - - - -	l a mˀ	ɫ ɑ m - - - -	ɫ ɑ m	l a m - - - -	l a m	l ɑ m - - - -	l ɑ m	l ɑ m - - - -	l ɑ m	l æ m - - - -	l æ m	l ɑː m - - - -	l ɑː m	l aː m - - - -	l aː m	l a m - - - -	l a m	l æ m - - - -	l æ m	ɫ æɪə m - - - -	ɫ æɪə m	l æ m b - - -	l æ m b	l ɑː m - - - -	l ɑː m	l a m p - - -	l a m p	l a m - - - -	l a m	l ɒ m - - - -	l ɒ m	l a m - - - -	l a m	l a m - - - -	l a m	l ɔ m - - - -	l ɔ m	l ɔ m - - - -	l ɔ m	l ɔ m - - - -	l ɔ m	l a m - - - -	l a m			l a m p - - -	l a m p	l ɛː m - - - -	l ɛː m	l a m - - - -	l a m	l a m - - - -	l a m	l ɛː m - - - -	l ɛː m	l a m - - - -	l a m	l a m - - - -	l a m			ɫ aː m - - - -	ɫ aː m	l ɛ m - - - -	l ɛ m	l a m - - - -	l a m	l a m - - - -	l a m	ɫ aː m - - - -	ɫ aː m	l a m - - - -	l a m
leaf	ɫ i f	ɫ i f	l ɪi f	l ɪi f	l ɔː f	l ɔː f	ɫ i f	ɫ i f	l ɔʊ f	l ɔʊ f	l oː v	l oː v			l aʊ p	l aʊ p	l ʏo -	l ʏo	l oʊ f	l oʊ f	l oə f	l oə f			l ɔː f	l ɔː f	l i f	l i f	l i f	l i f	l iː v	l iː v	l i f	l i f	l ɪi f	l ɪi f	ɫ ɪi f	ɫ ɪi f	l i f	l i f	l e f	l e f	l ɛi v	l ɛi v	l aʊ p	l aʊ p	l ɑʊ p	l ɑʊ p	l oː p	l oː p	l aʊ p	l aʊ p	l ai pʰ	l ai pʰ	l ai pʰ	l ai pʰ	l aː p	l aː p	l ɑʊ p	l ɑʊ p	l aʊ p	l aʊ p	l œʏ f	l œʏ f	l i f	l i f			l aʊ p	l aʊ p	l ɪi f	l ɪi f	l i f	l i f	l øː f	l øː f			ɫ i f	ɫ i f	l i f	l i f	l œː v	l œː v	l œː v	l œː v	ɫ ɪiə f	ɫ ɪiə f		
liver	ɫ ɪ v ɚ - -	ɫ ɪ v ɚ	l ɪ v ɜ - -	l ɪ v ɜ	l eː β ə r -	l eː β ə r	ɫ ɪ v - ɹ -	ɫ ɪ v ɹ	l ɪ v ɒ - -	l ɪ v ɒ	l iə v ə r -	l iə v ə r	l ɪə v ʌ - -	l ɪə v ʌ	l eː b ə ʁ -	l eː b ə ʁ	l ɪ w ɔ - -	l ɪ w ɔ	l ɛɪ v ə ʁ -	l ɛɪ v ə ʁ	l e v ə r -	l e v ə r	l ɛɪ β ə χ -	l ɛɪ β ə χ	l eː v ə s -	l eː v ə s	l ɪ v ə - -	l ɪ v ə	l ɪ v ɐ ɾ -	l ɪ v ɐ ɾ	l ɪ v ɐ ʁ -	l ɪ v ɐ ʁ	l ɪ v ə - -	l ɪ v ə	l ɪ v ə - -	l ɪ v ə	ɫ ɪ v - ɹ -	ɫ ɪ v ɹ	l ɪ v ɜ - -	l ɪ v ɜ	l ə v ɚ - -	l ə v ɚ	l iː v ʌ ɹ -	l iː v ʌ ɹ	l eː b ɐ - -	l eː b ɐ	l a p ə ɾ ə	l a p ə ɾ ə	l eə b ə ʁ -	l eə b ə ʁ	l ɛː b ə ɾ ə	l ɛː b ə ɾ ə	l eː v ə χ -	l eː v ə χ	l eː v ə χ -	l eː v ə χ	l eː b ə χ -	l eː b ə χ	l eː b ɔ χ -	l eː b ɔ χ	l a b ə ɾ ə	l a b ə ɾ ə	l eː v ʊ s -	l eː v ʊ s	l ɪ v ɜ - -	l ɪ v ɜ	l ɛː β - ʁ -	l ɛː β ʁ	l ɛ β ɐ - -	l ɛ β ɐ	l ə v ə - -	l ə v ə	l ɪ v ə - -	l ɪ v ə	l ɛː v ə - -	l ɛː v ə			ɫ ɪ v ə ɹ -	ɫ ɪ v ə ɹ	l ə v ɜ - -	l ə v ɜ	l eə β - ʁ -	l eə β ʁ	l eə v ə - -	l eə v ə	ɫ ɛɪ v - r -	ɫ ɛɪ v r	l ɛ b ɛ ɾ -	l ɛ b ɛ ɾ
long	ɫ ɑː ŋ - - -	ɫ ɑː ŋ	l ɒ ŋ - - -	l ɒ ŋ	l a ŋ - - -	l a ŋ	ɫ ɒː ŋ - - -	ɫ ɒː ŋ	l a ŋ - - -	l a ŋ	ɫ ʊ ŋ kʰ - -	ɫ ʊ ŋ kʰ	l aː ŋ - - -	l aː ŋ	l a ŋ - - -	l a ŋ	l a ŋˀ - - -	l a ŋˀ	ɫ ɑ ŋ - - -	ɫ ɑ ŋ	l aɪ ŋ - - -	l aɪ ŋ	l a ŋ k - -	l a ŋ k	l a̠ ŋ - - -	l a̠ ŋ	l ɔ ŋ - - -	l ɔ ŋ	l ɑː ŋ - - -	l ɑː ŋ	l ɒː ŋ - - -	l ɒː ŋ	l ɒ ŋ ɡ - -	l ɒ ŋ ɡ	l oː ŋ - - -	l oː ŋ	ɫ ɑɔ ŋ - - -	ɫ ɑɔ ŋ	l ɔ ŋ - - -	l ɔ ŋ	l ɔː ŋ - - -	l ɔː ŋ	l ɛ ŋ k ʌ ɹ	l ɛ ŋ k ʌ ɹ	l a ŋ - - -	l a ŋ	l a ŋ - - -	l a ŋ	l a ŋ - - -	l a ŋ	l a ŋ k - -	l a ŋ k	l ɔ ŋ - - -	l ɔ ŋ	l ɔ ŋ - - -	l ɔ ŋ	l ɔ ŋ k - -	l ɔ ŋ k	l a ŋ - - -	l a ŋ	l ɪ ŋ ɡ - -	l ɪ ŋ ɡ	l a ŋ k - -	l a ŋ k	l ɔː ŋ - - -	l ɔː ŋ	l a ŋ ə - -	l a ŋ ə	l a ŋ ɡ - -	l a ŋ ɡ	l ɔ ŋ - - -	l ɔ ŋ	l ɔ ŋ - - -	l ɔ ŋ	l a ŋ - - -	l a ŋ			ɫ ɔ ŋ - - -	ɫ ɔ ŋ	l ɔ ŋ - - -	l ɔ ŋ	l o ŋ - - -	l o ŋ	l ɔ ŋ - - -	l ɔ ŋ	ɫ a ŋ - - -	ɫ a ŋ	l a ŋ ɡ - -	l a ŋ ɡ
mid	m ɪ d - - -	m ɪ d	m ɪ d - - -	m ɪ d	m ɪ d - n -	m ɪ d n	m ɪ d - - -	m ɪ d	m ɪ d ə - -	m ɪ d ə	m a t ə l tʰ	m a t ə l tʰ	m ɨ t - - -	m ɨ t	m i t ɛ - -	m i t ɛ	m ɪ tʰ - - -	m ɪ tʰ	m ɪ d ə - -	m ɪ d ə	m ɪ d ə - -	m ɪ d ə	m ɪ d ə - -	m ɪ d ə	m ɛ d - n̩ -	m ɛ d n̩	m ɪ d - - -	m ɪ d	m ə d - - -	m ə d	m ɪ d - - -	m ɪ d	m ɪ ð - - -	m ɪ ð	m ɪ d - - -	m ɪ d	m ɪiə d - - -	m ɪiə d	m ɪ d - - -	m ɪ d	m ə d - - -	m ə d	m ɪ tːʰ - - -	m ɪ tːʰ	m ɪ tʰ ə - -	m ɪ tʰ ə	m ɪ t ɪ - -	m ɪ t ɪ	m ɪə t ə - -	m ɪə t ə	m i t i - -	m i t i	m ɪ d ə - -	m ɪ d ə	m ɪ d ə - -	m ɪ d ə	m ɪ t ɛ - -	m ɪ t ɛ	m i t ɛ - -	m i t ɛ	m i t ɛ - -	m i t ɛ	m ɪ tʰ - - -	m ɪ tʰ	m ɪ d - - -	m ɪ d	m ɪ d - n -	m ɪ d n	m ɪ t - - -	m ɪ t	m ə d - - -	m ə d	m ɪ d - - -	m ɪ d	m ɪ tʰ - - -	m ɪ tʰ			m ɪ d - - -	m ɪ d	m ə d - - -	m ə d	m ɪ tʰ - - -	m ɪ tʰ	m ɪ tː - - -	m ɪ tː	m ɪ d - n -	m ɪ d n	m ɪ tʰ ə n -	m ɪ tʰ ə n
milk	m - ɪ ɫ - k -	m ɪ ɫ k	m - ɪ ɫ - k -	m ɪ ɫ k	m - ɛ l - k -	m ɛ l k	m - ɪ ɫ - k -	m ɪ ɫ k	m - ɪ l ə ʃ -	m ɪ l ə ʃ	m - ɑ ɫ - ʧ -	m ɑ ɫ ʧ	m - ɨ l ɪ ʃ -	m ɨ l ɪ ʃ	m - ɪ l - ç -	m ɪ l ç	m - ɪ lˀ - kʰ -	m ɪ lˀ kʰ	m - ɛ ɫ - k -	m ɛ ɫ k	m - ɛ l ə k -	m ɛ l ə k	m - ɪ l ɪ k -	m ɪ l ɪ k	m - aɔ̈ - - k -	m aɔ̈ k	m - ɪ ɫ - k -	m ɪ ɫ k	m - æ ɫ - kʰ -	m æ ɫ kʰ	m - ɪ l - k -	m ɪ l k	m - ɪ l - k -	m ɪ l k	m - ɪɤ - - k -	m ɪɤ k	m - ɪɤ - - k -	m ɪɤ k	m - ɪʊ - - k -	m ɪʊ k	m - ɪ lʲ - c -	m ɪ lʲ c	m - iɔ ɬ - k -	m iɔ ɬ k	m - ɪ l - ç -	m ɪ l ç	m - ɪʊ - - χ -	m ɪʊ χ	m - ɪ l - x -	m ɪ l x	m - ɪ l - χ -	m ɪ l χ	m - ɪ l ɪ ʃ -	m ɪ l ɪ ʃ	m - ɪ l ɪ ʃ -	m ɪ l ɪ ʃ	m - ɪ l - ç -	m ɪ l ç	m - ɪ l i ç -	m ɪ l i ç	m - i l - x -	m i l x	m j ɔ ɬ - k -	m j ɔ ɬ k	m - ɪ l - k -	m ɪ l k	m - ɛ l ə k -	m ɛ l ə k	m - eɐ - - k -	m eɐ k	m - əʊ - - k -	m əʊ k			m - ɛ lʰ - k -	m ɛ lʰ k			m - ɪ ɫ - kʰ -	m ɪ ɫ kʰ	m - ə ɫ - kʰ -	m ə ɫ kʰ	m j œ l - kʰ -	m j œ l kʰ	m j œ l - k -	m j œ l k	m - ʌ ɫ - q ə	m ʌ ɫ q ə	m - ɪ ɫ - χ -	m ɪ ɫ χ
moon	m ʊu n - -	m ʊu n	m yː n - -	m yː n	m aː n - -	m aː n	m ɵʊ n - -	m ɵʊ n	m ɔ̃ - - t	m ɔ̃ t	m oə n - tʰ	m oə n tʰ	m ɔ n - t	m ɔ n t	m ɔː n - t	m ɔː n t	m uː n ə -	m uː n ə	m aː n - -	m aː n	m ɑː n - -	m ɑː n	m ɔ n - -	m ɔ n	m ɔː n ə -	m ɔː n ə	m ʊu n - -	m ʊu n	m iː n - -	m iː n	m u n - -	m u n	m ʉː n - -	m ʉː n	m ʉː n - -	m ʉː n	m ɵy n - -	m ɵy n	m u n - -	m u n	m ʉ n - -	m ʉ n	m ɑː n ə -	m ɑː n ə	m oː n - t	m oː n t	m ɔː n - t	m ɔː n t	m uː - - -	m uː	m o n - t	m o n t	m oː n - -	m oː n	m oː n - -	m oː n	m ɔ n - t	m ɔ n t	m õː - - -	m õː	m aː n a -	m aː n a	m ɑʊ n e -	m ɑʊ n e	m uː n - -	m uː n	m ɔː n ə -	m ɔː n ə	m oː n - d	m oː n d	m ʉː n - -	m ʉː n	m uː n - -	m uː n	m oə n ə -	m oə n ə			m ʉ n - -	m ʉ n	m ʉʉ n - -	m ʉʉ n	m aʉ n ə -	m aʉ n ə	m oə n ə -	m oə n ə	m ua n ə -	m ua n ə	m ɔ n - d	m ɔ n d
mother	m ʌ ð ɚ -	m ʌ ð ɚ	m ɐ ð ɜ -	m ɐ ð ɜ	m o d ə r	m o d ə r	m ʌ ð - ɹ	m ʌ ð ɹ	m ʊ t ɒ -	m ʊ t ɒ	m e t ə ɾ	m e t ə ɾ			m uə d ɔ ʁ	m uə d ɔ ʁ	m u ð ɔ -	m u ð ɔ	m ʊ d ə ʁ	m ʊ d ə ʁ	m oː d ə s	m oː d ə s	m ɔ d ə χ	m ɔ d ə χ	m oː d - r̩	m oː d r̩	m ɐ ð ə -	m ɐ ð ə	m ɪ d ɐ ɾ	m ɪ d ɐ ɾ	m ɔ ð ɐ ʁ	m ɔ ð ɐ ʁ	m ʊ ð ə -	m ʊ ð ə	m ɐ ð ə -	m ɐ ð ə	m œː ð - ɹ	m œː ð ɹ	m ɑ ð ɜ -	m ɑ ð ɜ	m ɔ ð ɚ -	m ɔ ð ɚ	m ɒʊ wː ə ɹ	m ɒʊ wː ə ɹ	m ʊ tʰ ɐ -	m ʊ tʰ ɐ	m oə t ə ɾ	m oə t ə ɾ	m ʊə t ə ʁ	m ʊə t ə ʁ	m oɔ t - r	m oɔ t r	m øə t ə χ	m øə t ə χ	m øə t ə χ	m øə t ə χ	m ʊə t ə χ	m ʊə t ə χ	m ʊə t ɔ -	m ʊə t ɔ			m ɔʊ ð ɪ r	m ɔʊ ð ɪ r	m ɜ ð ɜ -	m ɜ ð ɜ	m oː d - ʁ	m oː d ʁ	m ʊ ɾ ɐ -	m ʊ ɾ ɐ	m ɜ ð ə -	m ɜ ð ə	m ʌ ð ə -	m ʌ ð ə	m oː - - χ	m oː χ			m ʌ ð ə ɹ	m ʌ ð ə ɹ	m ɐ ð ɜ -	m ɐ ð ɜ	m øʉ - - ʁ	m øʉ ʁ	m oː - - ɾ	m oː ɾ	m oə - - r	m oə r	m u tʰ ɛ ʁ	m u tʰ ɛ ʁ
mouse	m æʊ s	m æʊ s	m æʊ s	m æʊ s	m æʏ s	m æʏ s	m ʌʊ s	m ʌʊ s	m uː s	m uː s	m eu s	m eu s	m æʊ s	m æʊ s	m au s	m au s	m u sˀ	m u sˀ	m æø s	m æø s	m ɔə s	m ɔə s	m uː s	m uː s	m ʉ s	m ʉ s	m aʊ s	m aʊ s	m u s	m u s	m u s	m u s	m aʊ s	m aʊ s	m æʊ s	m æʊ s	m æɛo s	m æɛo s	m ɐʊ s	m ɐʊ s	m ɜʉ s	m ɜʉ s	m øu s	m øu s	m aʊ s	m aʊ s	m uː s	m uː s	m uː s	m uː s	m uː s	m uː s	m yː s	m yː s	m yː s	m yː s	m aɵ s	m aɵ s	m ɐu s	m ɐu s	m uː s	m uː s	m uː s	m uː s	m aʊ s	m aʊ s	m y s	m y s	m u s	m u s	m æʊ s	m æʊ s	m aʊ s	m aʊ s	m ʏy s	m ʏy s			m ʌʉ s	m ʌʉ s	m ao s	m ao s	m ʏ s	m ʏ s	m əø s	m əø s	m oː s	m oː s	m ɔɪ z	m ɔɪ z
mouth	m æʊ - θ -	m æʊ θ	m æʊ - θ -	m æʊ θ	m ʊ n t -	m ʊ n t	m ʌʊ - θ -	m ʌʊ θ	m ʊ ŋ ɡ -	m ʊ ŋ ɡ			m ɔ n t -	m ɔ n t	m ʏ n - -	m ʏ n	m ʊ nˀ - -	m ʊ nˀ	m ʌ n t -	m ʌ n t	m ɔ n t -	m ɔ n t	m ʊ ŋ k -	m ʊ ŋ k	m ʊ n t -	m ʊ n t	m aʊ - θ -	m aʊ θ	m uː - - -	m uː	m u - θ -	m u θ	m aʊ - θ -	m aʊ θ	m æʊ - f -	m æʊ f	m æɛo - θ -	m æɛo θ	m ɐʊ - θ -	m ɐʊ θ	m ɜʉ - θ -	m ɜʉ θ	m ʊ n - -	m ʊ n	m ʊ n t -	m ʊ n t	m uː - - -	m uː	m ʊ n t -	m ʊ n t			m ʊ n t -	m ʊ n t	m ʊ n t -	m ʊ n t	m ʊ n ʦ -	m ʊ n ʦ	m u n t -	m u n t	m ʏ n - -	m ʏ n	m ʏ n - -	m ʏ n	m ɑʊ - θ -	m ɑʊ θ	m ʊ n t -	m ʊ n t	m ʊ n d -	m ʊ n d	m æʊ - θ -	m æʊ θ	m aʊ - θ -	m aʊ θ	m ʊ n - -	m ʊ n			m ʌʉ - θ -	m ʌʉ θ	m ao - θ -	m ao θ	m øʉ n - -	m øʉ n	m ɵ n - -	m ɵ n	m ʊ ŋ - ə	m ʊ ŋ ə		
nail	n eʌ - - ɫ	n eʌ ɫ	n ɛɪə - - ɫ	n ɛɪə ɫ	n aː x ə ɫ	n aː x ə ɫ	n eə - - ɫ	n eə ɫ	n eə - - l	n eə l	n ʊə ɣ ə l	n ʊə ɣ ə l	n oː - - l	n oː l	n aː ɡ - l	n aː ɡ l	n aɪ - - lˀ	n aɪ lˀ	n a χ ʌ ɫ	n a χ ʌ ɫ	n ɑː x - ɫ	n ɑː x ɫ	n aː ɣ - ɫ	n aː ɣ ɫ	n aː χ ə -	n aː χ ə	n eɪ - - ɫ	n eɪ ɫ	n eə - - ɫ	n eə ɫ	n eː - - l	n eː l	n eɪ - - ɫ	n eɪ ɫ	n ʌɪɤ - - -	n ʌɪɤ	n ɛɪɤ - - -	n ɛɪɤ	n eʊ - - -	n eʊ	n eə - - l	n eə l	n a ɡ - l	n a ɡ l	n aː ɡ ə l	n aː ɡ ə l	n ɑ k u -	n ɑ k u	n aː ɡ - l	n aː ɡ l	n ɑː ɡ - l	n ɑː ɡ l	n aː j ə l	n aː j ə l	n aː j ə l	n aː j ə l	n ɔː ɡ - l	n ɔː ɡ l	n aː ɡ - l	n aː ɡ l	n aː ɡ - l	n aː ɡ l	n ɒ k - ɬ	n ɒ k ɬ	n eː - - l	n eː l	n ɛː χ - ɫ	n ɛː χ ɫ	n oː ɡ - l	n oː ɡ l	n ɛɪʊ - - -	n ɛɪʊ	n eə - - ɫ	n eə ɫ	n ɛ k ɪ l	n ɛ k ɪ l			n eʌ - - ɫ	n eʌ ɫ	n eə - - ɫ	n eə ɫ	n eə ɡ ə n	n eə ɡ ə n	n ɔː ɡ ə l	n ɔː ɡ ə l	n ɒɪ - - ɫ	n ɒɪ ɫ	n ɔ ɡ ə ɫ	n ɔ ɡ ə ɫ
naked	n - ɛɪ k ɪ - d	n ɛɪ k ɪ d	n - ɛɪ k ə - d	n ɛɪ k ə d	n - aː k - - t	n aː k t	n - ɛɪ k ɪ - d	n ɛɪ k ɪ d	n - a k - - -	n a k	n - ɒ k - - tʰ	n ɒ k tʰ			n - a k - - t	n a k t			n - aː k - - t	n aː k t	n - a k - - t	n a k t	n - ɑ k - - s	n ɑ k s	n - a̠ k - - t	n a̠ k t	n - eɪ k ɪ - d	n eɪ k ɪ d	n j ɑ kʰ ə - tʰ	n j ɑ kʰ ə tʰ	n j ɛ k ɪ - d	n j ɛ k ɪ d	n - eɪ k ə - ð	n eɪ k ə ð	n - ʌɪ k ɪ - d	n ʌɪ k ɪ d	n - ɛɪ k ɪ - d	n ɛɪ k ɪ d	n - eɪ k ə - d	n eɪ k ə d	n - e k ə - t	n e k ə t	n - ɛa ʧ ɪ n -	n ɛa ʧ ɪ n	n - a k - - t	n a k t	n - ɒ k - χ t	n ɒ k χ t	n - a k ɪ k -	n a k ɪ k	n - a k - - t	n a k t	n - ɔ k ə - tʰ	n ɔ k ə tʰ	n - ɔ k ə - tʰ	n ɔ k ə tʰ	n - ɔ k - - ʦ	n ɔ k ʦ	n - a k ə - t	n a k ə t	n - a k ɪ k -	n a k ɪ k	n - aː c ɪ n -	n aː c ɪ n	n - e k ɪ - d	n e k ɪ d	n - aː k ə n t	n aː k ə n t	n - a k ɪ ç -	n a k ɪ ç	n - ɛɪ k ə - d	n ɛɪ k ə d	n - e k ə - d	n e k ə d	n - ɑː k ɪ n -	n ɑː k ɪ n			n - e k ɪ - d	n e k ɪ d	n - eɪ kʰ ə - d	n eɪ kʰ ə d			n - ɒː k ɛ n -	n ɒː k ɛ n	n - iə k - ŋ -	n iə k ŋ	n - a kʰ ɪ - t	n a kʰ ɪ t
name	n - ɛɪ m - -	n ɛɪ m	n - ɛɪ m - -	n ɛɪ m	n - aː m - -	n aː m	n - eɪ m - -	n eɪ m	n - aː m ə -	n aː m ə	n - ʊ m ə n	n ʊ m ə n	n - ɵ m - -	n ɵ m	n - aː m ə -	n aː m ə	n - aʊ - - nˀ	n aʊ nˀ	n - aː m - -	n aː m	n - ɑː m - -	n ɑː m	n - aː m - -	n aː m	n - äː m ə -	n äː m ə	n - eɪ m - -	n eɪ m	n - eː m - -	n eː m	n j ɛː m - -	n j ɛː m	n - eɪ m - -	n eɪ m	n - ʌɪ m - -	n ʌɪ m	n - ɛɪ m - -	n ɛɪ m	n - eɪ m - -	n eɪ m	n - eə m - -	n eə m	n - a w ə n	n a w ə n	n - aː m ə -	n aː m ə	n - ɒ m ə -	n ɒ m ə	n - aː m ə -	n aː m ə	n - a m ɐ -	n a m ɐ	n - ɒ m ə -	n ɒ m ə	n - ɒ m ə -	n ɒ m ə	n - ɔ m ɛ -	n ɔ m ɛ	n - aː m ɛ -	n aː m ɛ	n - a m a -	n a m a	n - a m̥ - -	n a m̥	n - eː m - -	n eː m	n - aː m ə -	n aː m ə	n - oː m - -	n oː m	n - ɛɪ m - -	n ɛɪ m	n - eɪ m - -	n eɪ m	n - a v - n	n a v n			n - eː m - -	n eː m	n - eɪ m - -	n eɪ m	n - a m - n	n a m n	n - a m - n	n a m n	n - a m ə -	n a m ə	n - ɔ m ə n	n ɔ m ə n
needle	n i d ʌ ɫ - - -	n i d ʌ ɫ	n ɪi d ə ɫ - - -	n ɪi d ə ɫ	n aː - - ɫ - t -	n aː ɫ t	n i d ə ɫ - - -	n i d ə ɫ	n ɔː d - l - - -	n ɔː d l	n oʊɤ tʰ - - - - -	n oʊɤ tʰ	n ʊ - - l - - -	n ʊ l	n ɔː d - l - - -	n ɔː d l	n o - - lˀ - - -	n o lˀ	n aː - - ɫ - t -	n aː ɫ t	n ɑ - - ɫ - t -	n ɑ ɫ t	n ɔ - - l - t -	n ɔ l t	n ɑɔ d - ɫ̩ - - -	n ɑɔ d ɫ̩	n i d - ɫ - - -	n i d ɫ	n iː d ə ɫ - - -	n iː d ə ɫ	n i d - l - - -	n i d l	n i d - ɫ - - -	n i d ɫ	n ɪi d ɤ - - - -	n ɪi d ɤ	n ɪi d ɤ - - - -	n ɪi d ɤ	n i d ʊ - - - -	n i d ʊ	n i d - l - - -	n i d l	n ɔa - - l - - -	n ɔa l	n aː d ə l - - -	n aː d ə l	n ɑː d ʊ - - - -	n ɑː d ʊ	n ɔː d - l - - -	n ɔː d l	n ɑː d - l - - -	n ɑː d l	n aː d - l - - -	n aː d l	n aː d - l - - -	n aː d l	n ɔː d - l - - -	n ɔː d l	n ɔː d - l - - -	n ɔː d l	n aː d - l ə - -	n aː d l ə	n aʊ - - ɬ - - -	n aʊ ɬ	n i d - l - - -	n i d l	n ɔː - - ɫ - d ə	n ɔː ɫ d ə	n oː d - l - - -	n oː d l	n ɪi d ʊ - - - -	n ɪi d ʊ	n i d ʊ ɫ - - -	n i d ʊ ɫ	n ɔː - - l - - -	n ɔː l	n eː θ - l oː - -	n eː θ l oː	n i d ə ɫ - - -	n i d ə ɫ	n i d ə ɫ - - -	n i d ə ɫ	n ɐʉ - - l - - -	n ɐʉ l	n oə - - l - - -	n oə l	n œ - - ɫ ə - -	n œ ɫ ə	n ɔ d ə ɫ - - -	n ɔ d ə ɫ
new	n - ʊu - -	n ʊu	n j ʏy - -	n j ʏy	n - iu - -	n iu	n j ɵu - -	n j ɵu	n - œʏ - -	n œʏ	n - ɑ w əɪ	n ɑ w əɪ	n - ɑɪ - -	n ɑɪ	n - ɛi - -	n ɛi	n - yˀ - -	n yˀ	n - iu - -	n iu	n - i f -	n i f	n - œɪ - -	n œɪ	n - iː β ə	n iː β ə	n j ʊu - -	n j ʊu	n j uː - -	n j uː	n j uː - -	n j uː	n j ʉː - -	n j ʉː	n j ʉ - -	n j ʉ	n - ɵy - -	n ɵy	n j u - -	n j u	n j ʉː - -	n j ʉː			n - ɔʏ - -	n ɔʏ	n - œɪ - -	n œɪ	n - œʏ - -	n œʏ	n - œʏ - -	n œʏ	n - ɛi - -	n ɛi	n - ɛi - -	n ɛi	n - aɪ - -	n aɪ	n - ui - -	n ui	n - ɜʏ - -	n ɜʏ	n - iː - -	n iː	n - ɪu - -	n ɪu	n - iː - -	n iː	n - ɛɪ - -	n ɛɪ	n j ʉː - -	n j ʉː	n - ɪu - -	n ɪu	n - yː - -	n yː			n j ʉː - -	n j ʉː	n j ʉː - -	n j ʉː	n - øʏ - -	n øʏ	n - yː - -	n yː	n - ɛi - -	n ɛi	n - ai - -	n ai
night	n aɪ - t	n aɪ t	n ɑɪ - t	n ɑɪ t	n a x t	n a x t	n ʌɪ - t	n ʌɪ t	n aː χ -	n aː χ	n ʊe ʃ t	n ʊe ʃ t	n uɛ ʃ t	n uɛ ʃ t	n a χ t	n a χ t	n ɛ - tʰ	n ɛ tʰ	n ɑ χ t	n ɑ χ t	n a x t	n a x t	n a x -	n a x	n a χ t	n a χ t	n aɪ - tʰ	n aɪ tʰ	n æ x tʰ	n æ x tʰ	n ɛi - t	n ɛi t	n aɪ - θ	n aɪ θ	n ɑɪ - ʔ	n ɑɪ ʔ	n aɪ - t	n aɪ t	n ɐɪ - t	n ɐɪ t	n ɜıi - t	n ɜıi t	n ɔ - tʰ	n ɔ tʰ	n a χ t	n a χ t	n ɒ χ t	n ɒ χ t	n aː x t	n aː x t	n a χ t	n a χ t	n ɔː χ t	n ɔː χ t	n ɔː χ t	n ɔː χ t	n ɔ χ t	n ɔ χ t	n aː χ t	n aː χ t	n a χ t	n a χ t	n ɔʊ - tʰ	n ɔʊ tʰ	n ɐɪ - t	n ɐɪ t	n a χ -	n a χ	n a χ -	n a χ	n ɑɪ - t	n ɑɪ t	n aɪ - t	n aɪ t	n a - tʰ	n a tʰ			n ʌɪ - tʰ	n ʌɪ tʰ	n aɛ - tʰ	n aɛ tʰ	n a - tʰ	n a tʰ	n a - tː	n a tː	n a χ t	n a χ t	n a χ t	n a χ t
nine	n aɪ - - n	n aɪ n	n ɑɪ - - n	n ɑɪ n	n eː ʝ - n	n eː ʝ n	n ɑɪ - - n	n ɑɪ n	n ʏ - - ŋ	n ʏ ŋ	n ɔː - - ɳ	n ɔː ɳ	n ɪ - - ŋ	n ɪ ŋ	n ɔɪ - - n	n ɔɪ n	n iˀ - - -	n iˀ	n eɪ χ ə -	n eɪ χ ə	n eː ʝ ə -	n eː ʝ ə	n eː ɣ ə -	n eː ɣ ə	n eː h ə̃ -	n eː h ə̃	n aɪ - - n	n aɪ n	n ɐi - - n	n ɐi n	n ɛiɪ - - n	n ɛiɪ n	n aː - - n	n aː n	n ɑɪ - - n	n ɑɪ n	n aː - - n	n aː n	n ɐɪ - - n	n ɐɪ n	n ɜi - - n	n ɜi n			n ɔʏ - - n	n ɔʏ n	n yː - - n	n yː n	n yː - - -	n yː	n yː - - n	n yː n	n iː - - n	n iː n	n iː - - n	n iː n	n aɪ - - n	n aɪ n	n ae - - -	n ae	n yː - - -	n yː	n iː j ʏ -	n iː j ʏ	n ɐɪ - - n	n ɐɪ n	n eː χ - n	n eː χ n	n eː ɡ - ŋ	n eː ɡ ŋ	n ɑɪ - - n	n ɑɪ n	n aɪ - - n	n aɪ n	n iː - - -	n iː			n ʌɪ - - n	n ʌɪ n	n aɛ - - n	n aɛ n	n ɛɪə - - -	n ɛɪə	n iː j ə -	n iː j ə	n iʌ ʁ ʌ n	n iʌ ʁ ʌ n	n ɛɪ - - n	n ɛɪ n
north	n ɔ ɻ θ - -	n ɔ ɻ θ	n ɔː - θ - -	n ɔː θ	n ɔː r t - -	n ɔː r t	n ɔ ɹ θ - -	n ɔ ɹ θ	n ɔ χ t - -	n ɔ χ t	n o r tʰ - -	n o r tʰ	n ʊə ʁ d ə n	n ʊə ʁ d ə n	n ɔ ʁ t - -	n ɔ ʁ t	n oɔˀ - - - -	n oɔˀ	n ɔ ɹ t - -	n ɔ ɹ t	n ɔ s t - -	n ɔ s t	n oɐ - t - -	n oɐ t	n ɔː ɾ t - -	n ɔː ɾ t	n ɔː - θ - -	n ɔː θ	n ɔ ɾ θ - -	n ɔ ɾ θ	n oɐ - θ - -	n oɐ θ	n ɔː - θ - -	n ɔː θ	n oʊ - f - -	n oʊ f	n ou ɹ θ - -	n ou ɹ θ	n ɔ - θ - -	n ɔ θ	n ɔɚ - θ - -	n ɔɚ θ	n ɔː ɹ - - -	n ɔː ɹ	n ɔː - t - -	n ɔː t	n ɔ r t - -	n ɔ r t	n ɔː ʁ d ə -	n ɔː ʁ d ə	n ɔ r d - -	n ɔ r d	n o χ t - -	n o χ t	n o χ t - -	n o χ t	n o χ ʦ - -	n o χ ʦ	n ɔ - t - -	n ɔ t	n ɔ ɾ d ə -	n ɔ ɾ d ə	n ɔ r ð - -	n ɔ r ð	n ɔː - t͡θ - -	n ɔː t͡θ	n oɐ - t - -	n oɐ t	n uɐ - t - -	n uɐ t	n ɔ - θ - -	n ɔ θ	n ɔ - θ - -	n ɔ θ	n oː - χ - -	n oː χ			n ɔ ɹ θ - -	n ɔ ɹ θ	n ɔ - θ - -	n ɔ θ	n øʊ - ʁ - -	n øʊ ʁ	n oː - d - -	n oː d	n oə - t - -	n oə t	n ɔ ɾ d - -	n ɔ ɾ d
oak	- ʌʊ k -	ʌʊ k	- ɜʉ k -	ɜʉ k	- ɛɪ k -	ɛɪ k	- oʊ k -	oʊ k	ʔ ɛɪ ʃ -	ʔ ɛɪ ʃ	ʔ eː ʃ -	ʔ eː ʃ	ʔ eː ʃ -	ʔ eː ʃ	ʔ ɔɪ ç -	ʔ ɔɪ ç	ʔ iː - -	ʔ iː	- ɛɪ k -	ɛɪ k	- aɪ k -	aɪ k	- iː k -	iː k	- ɛː k -	ɛː k	- əʊ kʰ -	əʊ kʰ	- o kʰ -	o kʰ	- o k -	o k	- ɛʉ k -	ɛʉ k	- ʌʊ k -	ʌʊ k	- œy k -	œy k	- oʊ k -	oʊ k	- o k -	o k	- ai k -	ai k	ʔ ai ç ə	ʔ ai ç ə	- ei χ ə	ei χ ə	ʔ oɐ x ə	ʔ oɐ x ə	ʔ aɪ χ ə	ʔ aɪ χ ə	ʔ ai ʃ -	ʔ ai ʃ	ʔ ai ʃ -	ʔ ai ʃ	ʔ aɪ ç ɛ	ʔ aɪ ç ɛ	ʔ ɔɪ ç ɛ	ʔ ɔɪ ç ɛ	ʔ æɪ x ə	ʔ æɪ x ə	- ɛɪ k -	ɛɪ k	- o k -	o k	- eː k ə	eː k ə	ʔ ɛɪ k -	ʔ ɛɪ k	- ɜʉ k -	ɜʉ k	- oː k -	oː k	- ɛi kʰ -	ɛi kʰ			- o kʰ -	o kʰ	- əʉ kʰ -	əʉ kʰ	- ɪə ɡ -	ɪə ɡ	- ɪɐ k -	ɪɐ k	- iː k -	iː k	ʔ æɪ χ ə	ʔ æɪ χ ə
one	w ʌ n -	w ʌ n	w ɐ n -	w ɐ n	- eː n -	eː n	w ʌ n -	w ʌ n	ʔ eɪ ŋ ə	ʔ eɪ ŋ ə	ʔ eiə n tʰ	ʔ eiə n tʰ	ʔ eː n t	ʔ eː n t	ʔ ɔe - s	ʔ ɔe s	ʔ i nˀ -	ʔ i nˀ	- eɪ n -	eɪ n	- iə n -	iə n	- eː - -	eː	- ɛː n -	ɛː n	w ɐ n -	w ɐ n	- eː n -	eː n	j ɛː n -	j ɛː n	w ɒ n -	w ɒ n	w ɐ n -	w ɐ n	w ɜː n -	w ɜː n	w ɑ n -	w ɑ n	w ɑː n -	w ɑː n	- ai n -	ai n	ʔ aɪ n ʦ	ʔ aɪ n ʦ	- ɛɪ - s	ɛɪ s	ʔ õɛ̃ - s	ʔ õɛ̃ s	- aɪ n ʦ	aɪ n ʦ	ʔ ɛː n s	ʔ ɛː n s	ʔ ɛː n s	ʔ ɛː n s	ʔ ɔə n s	ʔ ɔə n s	ʔ ɔɪ - s	ʔ ɔɪ s	ʔ æɪ - s	ʔ æɪ s	- ɛ n̥ -	ɛ n̥	β ɜ n -	β ɜ n	- eː n -	eː n	ʔ ɛɪ n -	ʔ ɛɪ n	w ɐ n -	w ɐ n	w ɔ n -	w ɔ n	- æi n -	æi n			w ʌ n -	w ʌ n	w ɜ n -	w ɜ n	- æɪ n -	æɪ n	- ɛ n -	ɛ n	- iə n -	iə n	ʔ ɛɪ n -	ʔ ɛɪ n
open	- ʌʊ p ə n	ʌʊ p ə n	- ɜʉ p ə n	ɜʉ p ə n	- oː p - n	oː p n	- oʊ p ə n	oʊ p ə n	ʔ ɔ f ə -	ʔ ɔ f ə	ʔ o f ə n	ʔ o f ə n	ʔ ʊ p ə n	ʔ ʊ p ə n	ʔ o f ə -	ʔ o f ə	ʔ oː b - m	ʔ oː b m	- oʊ p ə -	oʊ p ə	- o p ə -	o p ə	- o p ə -	o p ə	- ɔː p - m̩	ɔː p m̩	- əʊ p ə n	əʊ p ə n	- o pʰ ə n	o pʰ ə n	- o p ɪ n	o p ɪ n	- ɛʉ p ə n	ɛʉ p ə n	- ʌʊ p ə n	ʌʊ p ə n	- œy p ɪ n	œy p ɪ n	- oʊ p ɜ n	oʊ p ɜ n	- o p ə n	o p ə n	- oə p ɪ n	oə p ɪ n	ʔ ɒ f - n	ʔ ɒ f n	ʔ ɔ f ə -	ʔ ɔ f ə	ʔ o f ə -	ʔ o f ə	ʔ o f ə -	ʔ o f ə	ʔ o f ə -	ʔ o f ə	ʔ o f ə -	ʔ o f ə	ʔ o f - n	ʔ o f n	ʔ o f ə -	ʔ o f ə	ʔ o ɸ ə -	ʔ o ɸ ə	- oə pʰ ɪ n	oə pʰ ɪ n	- o p ə n	o p ə n	- ɔ p ə -	ɔ p ə	ʔ ʊ b - m	ʔ ʊ b m	- ɜʉ p ə n	ɜʉ p ə n	- o p ə n	o p ə n	- oə p ə n	oə p ə n			- o pʰ ə n	o pʰ ə n	- əʉ pʰ ə n	əʉ pʰ ə n			- œ pː ɛ n	œ pː ɛ n	- iə p - m	iə p m	ʔ ɔ f ə n	ʔ ɔ f ə n
out	- æʊ tʰ	æʊ tʰ	- æʊ t	æʊ t	- æʏ t	æʏ t	- ʌʊ t	ʌʊ t	ʔ u s	ʔ u s	- eu s	eu s	ʔ æʊ s	ʔ æʊ s	ʔ œu s	ʔ œu s	ʔ u lˀ	ʔ u lˀ	- æʏ t	æʏ t	- ɔɐ t	ɔɐ t	- uː t	uː t	- ʉ t	ʉ t	- aʊ tʰ	aʊ tʰ	- u tʰ	u tʰ	- u t	u t	- aʊ θ	aʊ θ	- æʊ ʔ	æʊ ʔ	- æɛo t	æɛo t	- ɐʊ t	ɐʊ t	- ɜʉ t	ɜʉ t	- ʏu t	ʏu t	ʔ aʊ s	ʔ aʊ s	- uː s	uː s	ʔ uː s	ʔ uː s	- uː s	uː s	ʔ y s	ʔ y s	ʔ y s	ʔ y s	ʔ aɵ s	ʔ aɵ s	ʔ ɐu s	ʔ ɐu s	ʔ u s	ʔ u s	- uː t	uː t	- ɑʊ t	ɑʊ t	- y t	y t	ʔ u t	ʔ u t	- æʊ t	æʊ t	- aʊ t	aʊ t	- yː t	yː t			- ɐʉ tʰ	ɐʉ tʰ	- aʊ tʰ	aʊ tʰ	- e tʰ	e tʰ	- ʏ t	ʏ t	- y t	y t	ʔ ɔɪ s	ʔ ɔɪ s
oven	- ʌ v ə n - -	ʌ v ə n	- ɐ v ə n - -	ɐ v ə n	- oː β - n - -	oː β n	- ʌ v ə n - -	ʌ v ə n	ʔ ɔ v ə - - -	ʔ ɔ v ə	ʔ oː v ə n - -	ʔ oː v ə n	ʔ ʊɛ v ə n - -	ʔ ʊɛ v ə n	ʔ oː f ə - - -	ʔ oː f ə	ʔ ɔ - - n - -	ʔ ɔ n	- oʊ v ə - - -	oʊ v ə	- oː v ə - - -	oː v ə	- ɔ β ə - - -	ɔ β ə	- ɔː v - n̩ - -	ɔː v n̩	- ɐ v ə n - -	ɐ v ə n	- ʌ v ə n - -	ʌ v ə n	- ɔ v ɪ n - -	ɔ v ɪ n	- ʊ v ə n - -	ʊ v ə n	- ɐ v ə n - -	ɐ v ə n	- œː v ə n - -	œː v ə n	- ɑ v ɜ n - -	ɑ v ɜ n	- ɔː v ə n - -	ɔː v ə n	- ɔ w - n ʌ ɹ	ɔ w n ʌ ɹ	ʔ oː f ə n - -	ʔ oː f ə n	ʔ ɔ f ɛ - - -	ʔ ɔ f ɛ	ʔ oː f ə - - -	ʔ oː f ə	ʔ oː f ə - - -	ʔ oː f ə	ʔ o f ə - - -	ʔ o f ə	ʔ o f ə - - -	ʔ o f ə	ʔ o f - n - -	ʔ o f n	ʔ oː f ə - - -	ʔ oː f ə	ʔ oː ɸ ə - - -	ʔ oː ɸ ə	- ɔ p - m - -	ɔ p m	- ɜ v ə n - -	ɜ v ə n	- ɔː β - n - -	ɔː β n	ʔ oː b - m - -	ʔ oː b m	- ɐ v ə n - -	ɐ v ə n	- o v ə n - -	o v ə n	- ʊ v - n - -	ʊ v n			- ʌ v ə n - -	ʌ v ə n	- ɜ v ə n - -	ɜ v ə n	- ø p ɛ n - -	ø p ɛ n	- ø ɡ - ŋ - -	ø ɡ ŋ	- ũ - - n - -	ũ n	ʔ ɔɪ v ə n - -	ʔ ɔɪ v ə n
over	- ʌʊ v ɚ -	ʌʊ v ɚ	- ɜʉ v ɜ -	ɜʉ v ɜ	- oː β - r	oː β r	- oʊ v - ɹ	oʊ v ɹ	ʔ ʏ v ɒ -	ʔ ʏ v ɒ	ʔ i β ə r	ʔ i β ə r	ʔ i v a -	ʔ i v a	ʔ iː b ə ʁ	ʔ iː b ə ʁ	ʔ ɔ w ɔ -	ʔ ɔ w ɔ	- oʊ v ə ɹ	oʊ v ə ɹ	- oː f ə ɾ	oː f ə ɾ	- ø β ə χ	ø β ə χ	- oː v - r̩	oː v r̩	- əʊ v ə -	əʊ v ə	- ɐuɐ - - ɾ	ɐuɐ ɾ	- ɔuɐ - - ʁ	ɔuɐ ʁ	- ɛʉ v ə -	ɛʉ v ə	- ʌʊ v ə -	ʌʊ v ə	- ɜo v - ɹ	ɜo v ɹ	- oʊ v ɜ -	oʊ v ɜ	- o v ɚ -	o v ɚ	- iː v ə ɹ	iː v ə ɹ	ʔ yː b ɐ -	ʔ yː b ɐ	- ʏ p ə ɾ	ʏ p ə ɾ	- ʏ b ə ʁ	ʏ b ə ʁ	- ʏ b - r	ʏ b r	ʔ e β ə χ	ʔ e β ə χ	ʔ e β ə χ	ʔ e β ə χ	ʔ yː b ə χ	ʔ yː b ə χ	ʔ yː b ɔ -	ʔ yː b ɔ	ʔ o b ə r	ʔ o b ə r	- eː v ɪ s	eː v ɪ s	- o v ɜ -	o v ɜ	- ɔː β - ʁ	ɔː β ʁ	ʔ øː b ɐ -	ʔ øː b ɐ	- ɜʉ v ə -	ɜʉ v ə	- o v ə -	o v ə	- øː v ə -	øː v ə			- o v ə ɹ	o v ə ɹ	- əʊ v ɛ -	əʊ v ɛ	- œː v - ʁ	œː v ʁ	- œː v ə -	œː v ə	- o w - r	o w r	ʔ i b ɛ ɾ	ʔ i b ɛ ɾ
quick	kʰ w ɪ kʰ	kʰ w ɪ kʰ	kʰ w ɪ k	kʰ w ɪ k	k β i k	k β i k	kʰ w ɪ k	kʰ w ɪ k	kʰ v eː k	kʰ v eː k	kʰ - e k͡x	kʰ e k͡x			kʰ - ɛ k	kʰ ɛ k	kʰ v ɪ kʰ	kʰ v ɪ kʰ	k v i k	k v i k	k β ɪ k	k β ɪ k			k β̞ ɪ k	k β̞ ɪ k	kʰ w ɪ kʰ	kʰ w ɪ kʰ	kʰ w æ kʰ	kʰ w æ kʰ	kʰ w ɪ k	kʰ w ɪ k	kʰ w ɪ k	kʰ w ɪ k	kʰ w ɪ k	kʰ w ɪ k	kʰ w ɪ k	kʰ w ɪ k	kʰ w ɪ k	kʰ w ɪ k	kʰ w ɪ c	kʰ w ɪ c	kʰ v iː k	kʰ v iː k	kʰ - ɛ k	kʰ ɛ k	kx - ɛ k͡χ	kx ɛ k͡χ			kʰ - ɛ k	kʰ ɛ k			kʰ - ɛ k	kʰ ɛ k			kʰ - ɛ k	kʰ ɛ k	kʰ - ɛ k	kʰ ɛ k	kʰ v eː k	kʰ v eː k	k w ɪ k	k w ɪ k			kʰ v ɪ ʧ	kʰ v ɪ ʧ	kʰ w ə k	kʰ w ə k	kʰ w ɪ k	kʰ w ɪ k	kʰ v ɪʰ k	kʰ v ɪʰ k			kʰ w ɪ kʰ	kʰ w ɪ kʰ	kʰ w ɪ kʰ	kʰ w ɪ kʰ	k v ɪ kʰ	k v ɪ kʰ	kʰ v ɪ k	kʰ v ɪ k	k β ɪ k	k β ɪ k		
rain	ɻ ɛɪ - - n	ɻ ɛɪ n	ɹ ɛɪ - - n	ɹ ɛɪ n	r eː ʝ - n	r eː ʝ n	ɹ eɪ - - n	ɹ eɪ n	ʀ ɛ - - n	ʀ ɛ n	r æ j ə n	r æ j ə n	ʁ eː - - n	ʁ eː n	ʁ eə ɡ ə -	ʁ eə ɡ ə	ʁ aɪ - - nˀ	ʁ aɪ nˀ	ʁ eɪ χ ə -	ʁ eɪ χ ə	r eː ç ɪ n	r eː ç ɪ n	ʁ eə - - n	ʁ eə n	ɾ eː h ə̃ -	ɾ eː h ə̃	ɹ eɪ - - n	ɹ eɪ n	r eː - - n	r eː n	ʁ eə - - n	ʁ eə n	ɹ eɪ - - n	ɹ eɪ n	ɹ ʌɪ - - n	ɹ ʌɪ n	ɹ ɛɪ - - n	ɹ ɛɪ n	ɹ eɪ - - n	ɹ eɪ n	ɹ eə - - n	ɹ eə n	ɾ ɛ k - n	ɾ ɛ k n	ʁ eː ɡ - ŋ	ʁ eː ɡ ŋ			ʁ eɐ ɡ ə -	ʁ eɐ ɡ ə	r ɛː ɡ ɐ -	r ɛː ɡ ɐ	ʁ aː j ə -	ʁ aː j ə	ʁ aː j ə -	ʁ aː j ə	ʁ eː ɡ - n	ʁ eː ɡ n	ʁ eə ɡ ə -	ʁ eə ɡ ə	r a ɡ ə -	r a ɡ ə	r ɛ k - n	r ɛ k n	ɹ eː - - n	ɹ eː n	ʁ ɛ - - ŋ	ʁ ɛ ŋ	ʁ eː ɡ - ŋ	ʁ eː ɡ ŋ	ɹ ɛɪ - - n	ɹ ɛɪ n	ɹ eɪ - - n	ɹ eɪ n	ʁ ɛ k ɪ n	ʁ ɛ k ɪ n			ɹ eː - - n	ɹ eː n	ɹ eɪ - - n	ɹ eɪ n	ʁ aɪ - - n	ʁ aɪ n	r ɛ - - ŋ	r ɛ ŋ	r ɒɪ - - n	r ɒɪ n	ʁ ɛ ɡ ə n	ʁ ɛ ɡ ə n
red	- ɻ - ɛ d	ɻ ɛ d	- ɹ - ɛ d	ɹ ɛ d	- r - oː t	r oː t	- ɹ - ɛ d	ɹ ɛ d	- ʁ - o tʰ	ʁ o tʰ	ə ɾ j uə tʰ	ə ɾ j uə tʰ	- ʀ - oː t	ʀ oː t	- ʁ - oː t	ʁ oː t	- ʁ - ə lˀ	ʁ ə lˀ	- ʁ - oː t	ʁ oː t	- r - oə t	r oə t	- ʁ - ʊə t	ʁ ʊə t	- r - ɔː t	r ɔː t	- ɹ - ɛ d	ɹ ɛ d	- r - iː d	r iː d	- ʁ - i d	ʁ i d	- ɹ - ɛ ð	ɹ ɛ ð	- ɹ - ɛ d	ɹ ɛ d	- ɹ - ɛɪə d	ɹ ɛɪə d	- ɹ - ɛ d	ɹ ɛ d	- ɹ - ə d	ɹ ə d			- ʁ - oː t	ʁ oː t	- r - ɔː t	r ɔː t	- r - oː tʰ	r oː tʰ	- r - oː t	r oː t	- ʁ - oː tʰ	ʁ oː tʰ	- ʁ - oː tʰ	ʁ oː tʰ	- ʁ - ɔː ʦ	ʁ ɔː ʦ	- ʁ - ɑɵ t	ʁ ɑɵ t	- ɹ - oː t	ɹ oː t	- r - œʏ ð	r œʏ ð	- ɹ - ɛ d	ɹ ɛ d	- ʁ - oː t	ʁ oː t	- ʁ - aʊ t	ʁ aʊ t	- ɹ - ɪ d	ɹ ɪ d	- ɹ - ɛ d	ɹ ɛ d	- ʁ - øː -	ʁ øː			- ɹ - ɛː d	ɹ ɛː d	- ɹ - ɛ d	ɹ ɛ d	- ʁ - œ ð	ʁ œ ð	- r - œː d	r œː d	- r - ɪiə t	r ɪiə t	- ʁ - ɔɪ t	ʁ ɔɪ t
right	ɻ aɪ - tʰ - -	ɻ aɪ tʰ	ɹ ɑɪ - t - -	ɹ ɑɪ t	r ɛ ç t - -	r ɛ ç t	ɹ ʌɪ - t - -	ɹ ʌɪ t	ʀ ɛɪ ʃ - - -	ʀ ɛɪ ʃ	r iɪ ʃ t - -	r iɪ ʃ t	ʀ iə - ʦ - -	ʀ iə ʦ	ʁ eə χ t - -	ʁ eə χ t	ʁ a - tʰ - -	ʁ a tʰ	ʁ ɛ χ t - -	ʁ ɛ χ t	r ɪ ç t - -	r ɪ ç t	ʁ ɛ ç - - -	ʁ ɛ ç	r a h t - -	r a h t	ɹ aɪ - tʰ - -	ɹ aɪ tʰ	r æ x tʰ - -	r æ x tʰ	ʁ ɛi - t - -	ʁ ɛi t	ɹ aɪ - θ - -	ɹ aɪ θ	ɹ ɑɪ - ʔ - -	ɹ ɑɪ ʔ	ɹ aɪ - t - -	ɹ aɪ t	ɹ ɐɪ - t - -	ɹ ɐɪ t	ɹ ɜıi - tʰ - -	ɹ ɜıi tʰ	ɹ a - tːʰ ʌ ɹ	ɹ a tːʰ ʌ ɹ	ʁ ɛ ç t - -	ʁ ɛ ç t	ɾ a χ t - -	ɾ a χ t	ʁ eɐ x t - -	ʁ eɐ x t	ɾ e χ t - -	ɾ e χ t	ʁ aː χ t - -	ʁ aː χ t	ʁ aː χ - - -	ʁ aː χ	ʁ ɛ χ ʦ - -	ʁ ɛ χ ʦ	ʁ eə x t - -	ʁ eə x t	r a χ t - -	r a χ t	r ɪa - tʰ - -	r ɪa tʰ	ɹ ɐɪ - t - -	ɹ ɐɪ t	ʁ ɛ χ - - -	ʁ ɛ χ	ʁ ɛ x t - -	ʁ ɛ x t	ɹ ɑɪ - t - -	ɹ ɑɪ t	ɹ aɪ - t - -	ɹ aɪ t	ʁ ɛ - tːʰ - -	ʁ ɛ tːʰ			ɹ ʌi - tʰ - -	ɹ ʌi tʰ	ɹ aɛ - tʰ - -	ɹ aɛ tʰ	ʁ ɛ - tʰ - -	ʁ ɛ tʰ	r ɛ - tː - -	r ɛ tː	r iœ χ t - -	r iœ χ t	ʁ ɛ χ t - -	ʁ ɛ χ t
ring	ɻ ɪ ŋ -	ɻ ɪ ŋ	ɹ ɪ ŋ -	ɹ ɪ ŋ	r ɪ ŋ -	r ɪ ŋ	ɹ ɪ ŋ -	ɹ ɪ ŋ	ʀ ɪ ŋ -	ʀ ɪ ŋ	r ʊ ɳ -	r ʊ ɳ	ʁ ɐ ŋ -	ʁ ɐ ŋ	ʁ ɪ ŋ -	ʁ ɪ ŋ	ʁ ɪ ŋˀ -	ʁ ɪ ŋˀ	ʁ ɪ ŋ -	ʁ ɪ ŋ	r ɪ ŋ -	r ɪ ŋ	ʁ ɪ ŋ k	ʁ ɪ ŋ k	r ɪ ŋ k	r ɪ ŋ k	ɹ ɪ ŋ -	ɹ ɪ ŋ	r æ ŋ -	r æ ŋ	ʁ ɪ ŋ -	ʁ ɪ ŋ	ɹ ɪ ŋ ɡ	ɹ ɪ ŋ ɡ	ɹ ɪ ŋ -	ɹ ɪ ŋ	ɹ ɪː ŋ -	ɹ ɪː ŋ	ɹ i ŋ -	ɹ i ŋ	ɹ ɪ ŋ -	ɹ ɪ ŋ	ɹ ɪ ŋ k	ɹ ɪ ŋ k	ʁ ɪ ŋ -	ʁ ɪ ŋ	r ɪ ŋ -	r ɪ ŋ	ʁ ɪ ŋ -	ʁ ɪ ŋ	r i ŋ k	r i ŋ k	ʁ ɪ ŋ -	ʁ ɪ ŋ	ʁ ɪ ŋ -	ʁ ɪ ŋ	ʁ ɪ ŋ k	ʁ ɪ ŋ k	ʁ ɪ ŋ -	ʁ ɪ ŋ	r ɪ ŋ ɡ	r ɪ ŋ ɡ	r ɪ ŋ k	r ɪ ŋ k	ɹ ɪ ŋ -	ɹ ɪ ŋ	ʁ ɪ ŋ -	ʁ ɪ ŋ	ʁ ɪ ŋ -	ʁ ɪ ŋ	ɹ ə ŋ -	ɹ ə ŋ	ɹ ɪ ŋ -	ɹ ɪ ŋ	ʁ ɪ ŋ -	ʁ ɪ ŋ			ɹ ɪ ŋ -	ɹ ɪ ŋ	ɹ ɪ ŋ -	ɹ ɪ ŋ	ʁ ɪ ŋ -	ʁ ɪ ŋ	r ɪ ŋ -	r ɪ ŋ	r ɪ ŋ -	r ɪ ŋ	ʁ ɪ ŋ ɡ	ʁ ɪ ŋ ɡ
salt	s ɑ ɫ tʰ	s ɑ ɫ tʰ	s ɒ ɫ t	s ɒ ɫ t	z aʊ - t	z aʊ t	s ɒ ɫ t	s ɒ ɫ t	z aː l ʦ	z aː l ʦ	s ɒɤ - ʦ	s ɒɤ ʦ	z a l ʦ	z a l ʦ	z a l ʦ	z a l ʦ	s ɛ lˀ tʰ	s ɛ lˀ tʰ	z aʊ - t	z aʊ t	z ɔ - t	z ɔ t	z ɔː - t	z ɔː t	z u - t	z u t	s ɔ ɫ tʰ	s ɔ ɫ tʰ	s ɑ - tʰ	s ɑ tʰ	s aː - t	s aː t	s ɒ ɫ θ	s ɒ ɫ θ	s oʊ - ʔ	s oʊ ʔ	s ɑɔ - t	s ɑɔ t	s ɔ - t	s ɔ t	s a l t	s a l t	s a ɬː t	s a ɬː t	z a l ʦ	z a l ʦ	s ɑʊ - ʦ	s ɑʊ ʦ	s aː l ʦ	s aː l ʦ	s ɑː l ʦ	s ɑː l ʦ	s ɔ l s	s ɔ l s	s ɔ l s	s ɔ l s	s ɔ l ʦ	s ɔ l ʦ	s a l ʦ	s a l ʦ	s aː l ʦ	s aː l ʦ	s a ɬ t	s a ɬ t	s ɔ l t	s ɔ l t	z ɔ ɫ t	z ɔ ɫ t	z ɔː l t	z ɔː l t	s ɒʊ - t	s ɒʊ t	s ɔː ɫ t	s ɔː ɫ t	s a ɬː t	s a ɬː t			s ɔː ɫ tʰ	s ɔː ɫ tʰ	s ɔ ɫ tʰ	s ɔ ɫ tʰ	s ɔ l tʰ	s ɔ l tʰ	s a l t	s a l t	s ɔː - t	s ɔː t	z a ɫ ʦ	z a ɫ ʦ
seven	s ɛ v ə n -	s ɛ v ə n	s ɛ v ə n -	s ɛ v ə n	z eː β - n -	z eː β n	s ɛ v ə n -	s ɛ v ə n	z ɪ b ə - -	z ɪ b ə	z iː β ə n -	z iː β ə n	z iː v ə n -	z iː v ə n	s iː b - n ɛ	s iː b n ɛ	sʲ ʉˀ - - - -	sʲ ʉˀ	z eɪ v ə - -	z eɪ v ə	z eː v ə - -	z eː v ə	z eː β ə - -	z eː β ə	s eː v - n̩ -	s eː v n̩	s ɛ v ə n -	s ɛ v ə n	s ɪ v ə n -	s ɪ v ə n	s i v ɪ n -	s i v ɪ n	s ɛ v ə n -	s ɛ v ə n	s ɛ v ə n -	s ɛ v ə n	s ɛː v ə n -	s ɛː v ə n	s ɛ v ɜ n -	s ɛ v ɜ n	s ɛ v ə n -	s ɛ v ə n	sʲ ɛi - - - -	sʲ ɛi	z iː b - m -	z iː b m	s e p ə - -	s e p ə	s e b ə - -	s e b ə	s eː b ɐ - -	s eː b ɐ	s ɛ β ə - -	s ɛ β ə	s ɛ β ə - -	s ɛ β ə	z iː b - m -	z iː b m	s iː b ə - -	s iː b ə	s iː p ə - -	s iː p ə	sʲ œː - - - -	sʲ œː	s ɛ v - n -	s ɛ v n	z œː v - n -	z œː v n	z œː b - m -	z œː b m	s ɪ v ə n -	s ɪ v ə n	s ɛ v ə n -	s ɛ v ə n	s yː f - - -	s yː f			s ɛ v ə n -	s ɛ v ə n	s ɛ v ə n -	s ɛ v ə n	h ʊə - - n -	h ʊə n	x ʉ - - - -	x ʉ	s o w ə n -	s o w ə n	z i b ə n -	z i b ə n
sharp	ʃ - ɑ ɻ - pʰ - -	ʃ ɑ ɻ pʰ	ʃ - aː - - p - -	ʃ aː p	s ç ɛ r - p - -	s ç ɛ r p	ʃ - ɑ ɹ - p - -	ʃ ɑ ɹ p	ʃ - ɛ ʁ ə p - -	ʃ ɛ ʁ ə p	ʃ - ʊə r - f - -	ʃ ʊə r f	ʃ - aː - - f - -	ʃ aː f	ʃ - a ʁ - f - -	ʃ a ʁ f	s k a - - pʰ - -	s k a pʰ	s χ ɛ ɹ - p - -	s χ ɛ ɹ p	s j aː ɾ ə p - -	s j aː ɾ ə p	ʃ - ɛ ʁ ə p - -	ʃ ɛ ʁ ə p	ʃ χ ɛ r - p - -	ʃ χ ɛ r p	ʃ - ɑː - - p - -	ʃ ɑː p	ʃ - ɑ ɾ - pʰ - -	ʃ ɑ ɾ pʰ	ʃ - ɑː ʁ - p - -	ʃ ɑː ʁ p	ʃ - aː - - p - -	ʃ aː p	ʃ - ɑː - - p - -	ʃ ɑː p	ʃ - ɑː ɹ - p - -	ʃ ɑː ɹ p	ʃ - ɑ - - p - -	ʃ ɑ p	ʃ - aː ɻ - p - -	ʃ aː ɻ p	s k a ɹ - p ʌ ɹ	s k a ɹ p ʌ ɹ	ʃ - aː - - f - -	ʃ aː f	ʃ - ɑː ɾ - f - -	ʃ ɑː ɾ f	ʃ - aː ʁ - f - -	ʃ aː ʁ f	ʃ - a r - f - -	ʃ a r f	ʃ - ɒ χ - f - -	ʃ ɒ χ f	ʃ - ɒ χ - f - -	ʃ ɒ χ f	ʃ - ɑ ʁ - f - -	ʃ ɑ ʁ f	ʃ - aɔ - - f - -	ʃ aɔ f	ʃ - a ɹ - ɸ - -	ʃ a ɹ ɸ	s k a r - p - -	s k a r p	ʃ - ɑː - - p - -	ʃ ɑː p	s χ a ɾ ə p - -	s χ a ɾ ə p	ʃ - aː - - p - -	ʃ aː p	ʃ - aː - - p - -	ʃ aː p	ʃ - ɑː - - p - -	ʃ ɑː p	s k a χ - p - -	s k a χ p			ʃ - ɑː ɹ - pʰ - -	ʃ ɑː ɹ pʰ	ʃ - ɑ - - p - -	ʃ ɑ p	s k a χ - pʰ - -	s k a χ pʰ	s k a r - p - -	s k a r p	s k ɛ r - p - -	s k ɛ r p	ʃ - a ɾ - f - -	ʃ a ɾ f
six	s ɪ k s -	s ɪ k s	s ɪ k s -	s ɪ k s	z ɛ - s -	z ɛ s	s ɪ k s -	s ɪ k s	z ɛ k s -	z ɛ k s	z iə - s -	z iə s	z ɛ k s -	z ɛ k s	s ɪ k s -	s ɪ k s	s ɪ k s -	s ɪ k s	z ɛ - s -	z ɛ s	z ɪ - s -	z ɪ s	s ɛ - s -	s ɛ s	z a - s ə	z a s ə	s ɪ k s -	s ɪ k s	s æ k s -	s æ k s	s ɪ k s -	s ɪ k s	s ɪ k s -	s ɪ k s	s ɪ k s -	s ɪ k s	s ɪː k s -	s ɪː k s	s ɪ k s -	s ɪ k s	s ɪ k s -	s ɪ k s	s ɛ k s -	s ɛ k s	z ɛ k s -	z ɛ k s	s a χ s -	s a χ s	s ɪ k s -	s ɪ k s	s eɪ k s -	s eɪ k s	s ɪ k s -	s ɪ k s	s ɪ k s -	s ɪ k s	s ɪ k s -	s ɪ k s	s ɪ k s -	s ɪ k s	s æ k s -	s æ k s	s ɛ k s -	s ɛ k s	s ɪ k s -	s ɪ k s	z ɛ - s ə	z ɛ s ə	z ə - s -	z ə s	s ə k s -	s ə k s	s ɪ k s -	s ɪ k s	s ɛ k s -	s ɛ k s	s e x s -	s e x s	s ɪ k s -	s ɪ k s	s ɪ k s -	s ɪ k s	s ɛ k s -	s ɛ k s	s ɛ k s -	s ɛ k s	s ɒɪ - s -	s ɒɪ s	z ɛ k s -	z ɛ k s
snow	s n - ʌʊ - -	s n ʌʊ	s n - ɜʉ - -	s n ɜʉ	s n - eu - -	s n eu	s n - oʊ - -	s n oʊ	ʃ n - eɪ - -	ʃ n eɪ	ʃ n - iɛ - -	ʃ n iɛ	ʃ n - ɛi - -	ʃ n ɛi	ʃ n - ae - -	ʃ n ae	s n - iˀ - -	s n iˀ	s n - eu - -	s n eu	s n - iə - -	s n iə	s n - ɛi - -	s n ɛi	s n - ɛʊ - -	s n ɛʊ	s n - əʊ - -	s n əʊ	s n - ɒː - -	s n ɒː	s n - ɒː - -	s n ɒː	s n - ɛʉ - -	s n ɛʉ	s n - ʌʊ - -	s n ʌʊ	s n - ɜʉ - -	s n ɜʉ	s n - oʊ - -	s n oʊ	s n - ou - -	s n ou	s n j ɛ k f	s n j ɛ k f	ʃ n - eː - -	ʃ n eː	ʃ n - eː - -	ʃ n eː	ʃ n - eɪ - -	ʃ n eɪ	ʃ n - eː - -	ʃ n eː	ʃ n - eː - -	ʃ n eː	ʃ n - eː - -	ʃ n eː	ʃ n - eə - -	ʃ n eə	ʃ n - eː - -	ʃ n eː	ʃ n - eː - -	ʃ n eː	s n j ɔʊ - -	s n j ɔʊ	s n - oː - -	s n oː	s n - ɛɪ - -	s n ɛɪ	ʃ n - ɛi - -	ʃ n ɛi	s n - ɜʉ - -	s n ɜʉ	s n - oː - -	s n oː	s n - øː - -	s n øː			s n - oː - -	s n oː	s n - əʉ - -	s n əʉ	s n - œ ð -	s n œ ð	s n - œː - -	s n œː	s n - iə - -	s n iə	ʃ n - ɛi - -	ʃ n ɛi
sore	s ɔɚ - - -	s ɔɚ	s ɔː - - -	s ɔː	z eə ɹ - -	z eə ɹ	s o ɹ - -	s o ɹ			z iə ɾ - -	z iə ɾ	z ɛɪɐ - - -	z ɛɪɐ	s ɛə ʁ - -	s ɛə ʁ	s ɔˀ - - -	s ɔˀ	z e ɹ - -	z e ɹ	z eə r - -	z eə r	z iə χ - -	z iə χ	z ɛː s - -	z ɛː s	s ɔː - - -	s ɔː	s eɐ ɾ - -	s eɐ ɾ	s eɐ ʁ - -	s eɐ ʁ	s ɔː - - -	s ɔː	s ɔə - - -	s ɔə	s ou ɹ - -	s ou ɹ	s ɔ ɹ - -	s ɔ ɹ	s ouɚ - - -	s ouɚ	s ɑ ɹ ʌ ɹ	s ɑ ɹ ʌ ɹ	z eɐ - - -	z eɐ	s ɛː r - -	s ɛː r			s ɛː ɾ - -	s ɛː ɾ	s ɛː χ - -	s ɛː χ	s ɛː χ - -	s ɛː χ	s ɛː χ - -	s ɛː χ			s ɛː ɹ - -	s ɛː ɹ	s aʊ r - -	s aʊ r	s oː ɹ - -	s oː ɹ	z eɐ - - -	z eɐ	z ɛɪ - - -	z ɛɪ	s ɔə - - -	s ɔə	s ɔː - - -	s ɔː	s ɔː χ - -	s ɔː χ			s oə ɹ - -	s oə ɹ	s ɔː - - -	s ɔː			s oː r - -	s oː r	s iə r - -	s iə r	z ɛiə ɾ - -	z ɛiə ɾ
stone	s t ʌʊ n	s t ʌʊ n	s t ɜʉ n	s t ɜʉ n	s t eː n	s t eː n	s t oʊ n	s t oʊ n	ʃ t eɪ n	ʃ t eɪ n	ʃ t eiə n	ʃ t eiə n	s t eː n	s t eː n	ʃ t ɔẽ -	ʃ t ɔẽ	s t iˀ n	s t iˀ n	s t eɪ n	s t eɪ n	s t eə n	s t eə n	s t ɛi -	s t ɛi	s t ɛː n	s t ɛː n	s t əʊ n	s t əʊ n	s t eː n	s t eː n	s t iɛː n	s t iɛː n	s t ɛʉ n	s t ɛʉ n	s t ʌʊ n	s t ʌʊ n	s t ɜʊ n	s t ɜʊ n	s t oʊ n	s t oʊ n	s t oə n	s t oə n	s t ai n	s t ai n	ʃ t aɪ n	ʃ t aɪ n	ʃ t ɛɪ -	ʃ t ɛɪ	ʃ t õɐ̃ -	ʃ t õɐ̃	ʃ t ai -	ʃ t ai	ʃ t ɛː n	ʃ t ɛː n	ʃ t ɛː n	ʃ t ɛː n	ʃ t a n	ʃ t a n	ʃ t ɔẽ -	ʃ t ɔẽ	ʃ t æɪ -	ʃ t æɪ	s t ɛ n̥	s t ɛ n̥	s t oː n	s t oː n	s t eː n	s t eː n	ʃ t ɛɪ n	ʃ t ɛɪ n	s t ɜʉ n	s t ɜʉ n	s t oː n	s t oː n	s t æi n	s t æi n			s t oə n	s t oə n	s t əʉ n	s t əʉ n	s t æɪ n	s t æɪ n	s t eə n	s t eə n	s t iə n	s t iə n	ʃ t ɛi n	ʃ t ɛi n
stool	s t ʊuʌ ɫ	s t ʊuʌ ɫ	s t uː ɫ	s t uː ɫ	s t uː l	s t uː l	s t ʊə ɫ	s t ʊə ɫ	ʃ t oː l	ʃ t oː l	ʃ t euə ɫ	ʃ t euə ɫ	ʃ t ʊ l	ʃ t ʊ l	ʃ t uɪ l	ʃ t uɪ l	s t u lˀ	s t u lˀ	s t uː ɫ	s t uː ɫ	s t uː -	s t uː	ʃ t ʊː l	ʃ t ʊː l	s t uə l	s t uə l	s t ʊu ɫ	s t ʊu ɫ	s t iə ɫ	s t iə ɫ	s t u l	s t u l	s t ʉː ɫ	s t ʉː ɫ	s t oʊ -	s t oʊ	s t ɵu -	s t ɵu	s t u ɫ	s t u ɫ	s t ʉ l	s t ʉ l	s t ɔu l	s t ɔu l	ʃ t uː l	ʃ t uː l	ʃ t ʊɛʊ -	ʃ t ʊɛʊ	ʃ t ʊə l	ʃ t ʊə l	ʃ t uɛ l	ʃ t uɛ l	ʃ t øː l	ʃ t øː l	ʃ t øː l	ʃ t øː l	ʃ t ʊɛ l	ʃ t ʊɛ l	ʃ t uə l	ʃ t uə l	ʃ t uə l	ʃ t uə l	s t ɔ ɬ̥	s t ɔ ɬ̥	s t uː l	s t uː l	s t ɔː ɫ	s t ɔː ɫ	ʃ t aʊə l	ʃ t aʊə l	s t ʊː -	s t ʊː	s t uː ɫ	s t uː ɫ	s t uː l	s t uː l			s t ʉə ɫ	s t ʉə ɫ	s t ʊ ɫ	s t ʊ ɫ	s t øʉ l	s t øʉ l	s t u l	s t u l	s t uə ɫ	s t uə ɫ	ʃ t u ɫ	ʃ t u ɫ
storm	s t ɔ ɻ - m	s t ɔ ɻ m	s t ɔː - - m	s t ɔː m	s t ɔ r - m	s t ɔ r m	s t ɔ ɹ - m	s t ɔ ɹ m	ʃ t ʊ ʀ - m	ʃ t ʊ ʀ m	ʃ t ʊ r - m	ʃ t ʊ r m	ʃ t ʊɛ - - m	ʃ t ʊɛ m	ʃ t ʊ ʁ - m	ʃ t ʊ ʁ m	s t ɔˀ - - m	s t ɔˀ m	s t ɔ ɹ - m	s t ɔ ɹ m	s t ə ɾ ə m	s t ə ɾ ə m	ʃ t o ʁ ə m	ʃ t o ʁ ə m	s t ɔ ɾ - m	s t ɔ ɾ m	s t ɔː - - m	s t ɔː m	s t ɔ ɾ ə m	s t ɔ ɾ ə m	s t ɔː ʁ - m	s t ɔː ʁ m	s t ɔː - - m	s t ɔː m	s t oː - - m	s t oː m	s t ɔu ɹ - m	s t ɔu ɹ m	s t ɔ - - m	s t ɔ m	s t ɔɚ - - m	s t ɔɚ m	s t ɔ ɹ - m	s t ɔ ɹ m	ʃ t ʊɐ - - m	ʃ t ʊɐ m	ʃ t ʊ ɾ - m	ʃ t ʊ ɾ m	ʃ t ʊ ʁ - m	ʃ t ʊ ʁ m	ʃ t ʊ r - m	ʃ t ʊ r m	ʃ t ʊ ʁ - m	ʃ t ʊ ʁ m	ʃ t ʊ ʁ - m	ʃ t ʊ ʁ m	ʃ t ʊ ʁ - m	ʃ t ʊ ʁ m	ʃ t ʊɔ - - m	ʃ t ʊɔ m	ʃ t u ɾ ə m	ʃ t u ɾ ə m	s t ɔ r - m	s t ɔ r m	s t ɔː - - m	s t ɔː m	s t ʌ ʁ ə m	s t ʌ ʁ ə m	ʃ t ɔː - - m	ʃ t ɔː m	s t ɔː - - m	s t ɔː m	s t ɔː - - m	s t ɔː m	s t ɔː ʁ - m	s t ɔː ʁ m			s t ɔː ɹ - m	s t ɔː ɹ m	s t ɔ - - m	s t ɔ m	s t ɔ ʁ ə m	s t ɔ ʁ ə m	s t ɔ r - m	s t ɔ r m	s t ua ɾ ə m	s t ua ɾ ə m	ʃ t u ɾ ə m	ʃ t u ɾ ə m
tear	tʰ iɚ - -	tʰ iɚ	tʰ iɜ - -	tʰ iɜ	- - t r aː n -	t r aː n	tʰ i ɹ -	tʰ i ɹ	- - t ʁ ɔ n -	t ʁ ɔ n	ʦ æɪə r -	ʦ æɪə r	- - tʰ ʀ ɛɪ n -	tʰ ʀ ɛɪ n	ʔ ə t ʁ eː n -	ʔ ə t ʁ eː n	tʰ ɔː - -	tʰ ɔː	- - tʰ ʁ aː n -	tʰ ʁ aː n	- - tʰ ɾ a n -	tʰ ɾ a n	- - tʰ ʁ ɒː n -	tʰ ʁ ɒː n	- - tʰ r ɔː n -	tʰ r ɔː n	tʰ ɪə - -	tʰ ɪə	t iɐ ɾ -	t iɐ ɾ	t iɐ ʁ -	t iɐ ʁ	t͡θʰ iə - -	t͡θʰ iə	tʰ ɪə - -	tʰ ɪə	tʰ i ɹ -	tʰ i ɹ	t ɪə - -	t ɪə	tʰ iɚ - -	tʰ iɚ	tʰ ɔa ɹ a	tʰ ɔa ɹ a	- - t ʁ ɛː n ə	t ʁ ɛː n ə	- - t r aː n ə	t r aː n ə	- - t ʁ ɛː n ə	t ʁ ɛː n ə	- - t ɾ ɛː n ɐ	t ɾ ɛː n ɐ	- - t ʁ aː n ə	t ʁ aː n ə	- - t ʁ aː n ə	t ʁ aː n ə	- - t ʁ ɛː n ə	t ʁ ɛː n ə	- - t ʁ eː n ə	t ʁ eː n ə	- - d ɾ aː n ə	d ɾ aː n ə	tʰ aʊ r -	tʰ aʊ r	t ɪɜ - -	t ɪɜ	- - tʰ ʁ ɔː n -	tʰ ʁ ɔː n	- - tʰ ʁ oː n -	tʰ ʁ oː n	tʰ ɪɛ - -	tʰ ɪɛ	tʰ iə - -	tʰ iə	tʰ oː ʁ ə	tʰ oː ʁ ə			tʰ iə ɹ -	tʰ iə ɹ	tʰ iɛː - -	tʰ iɛː	t œʊ ʁ -	t œʊ ʁ	tʰ oə ɾ -	tʰ oə ɾ	- - t ɾ iə n -	t ɾ iə n		
ten	tʰ ɛ n - -	tʰ ɛ n	tʰ ɛ n - -	tʰ ɛ n	t iː n - -	t iː n	tʰ ɛ n - -	tʰ ɛ n	ʦ eː n - -	ʦ eː n	s aː n - -	s aː n	ʦ ɪ ŋ - -	ʦ ɪ ŋ	ʦ e n - -	ʦ e n	ʦ iˀ - - -	ʦ iˀ	tʰ i n - -	tʰ i n	tʰ i n - -	tʰ i n	tʰ iə - - -	tʰ iə	t iə n - ə	t iə n ə	tʰ ɛ n - -	tʰ ɛ n	tʰ ɛː n - -	tʰ ɛː n	t ɛː n - -	t ɛː n	t͡θʰ ɛ n - -	t͡θʰ ɛ n	tʰ ɛ n - -	tʰ ɛ n	tʰ ɪiə n - -	tʰ ɪiə n	tʰ ɛ n - -	tʰ ɛ n	tʰ ɛə n - -	tʰ ɛə n			ʦ eː n - -	ʦ eː n	ʦ aə - - -	ʦ aə	ʦ ẽə̃ - - -	ʦ ẽə̃	ʦ eː n - -	ʦ eː n	ʦ ɛː - - -	ʦ ɛː	ʦ ɛː - - -	ʦ ɛː	ʦ eː n - -	ʦ eː n	ʦ eə - - -	ʦ eə	ʦ a - h ə	ʦ a h ə	tʰ iː - j ʏ	tʰ iː j ʏ	t ɛ n - -	t ɛ n	t iː n ə -	t iː n ə	tʰ aɪ n - -	tʰ aɪ n	tʰ ɪ n - -	tʰ ɪ n	tʰ ɛ n - -	tʰ ɛ n	tʰ iː - - -	tʰ iː			tʰ ɛ n - -	tʰ ɛ n	tʰ ɛ n - -	tʰ ɛ n	tʰ iɪə - - -	tʰ iɪə	tʰ iː - j ə	tʰ iː j ə	ʦ iə n - -	ʦ iə n	ʦ ɪ n - -	ʦ ɪ n
thing	θ ɪ ŋ -	θ ɪ ŋ	θ ɪ ŋ -	θ ɪ ŋ	d ɪ ŋ -	d ɪ ŋ	θ ɪ ŋ -	θ ɪ ŋ	d ɪ ŋ -	d ɪ ŋ	d a ɳ -	d a ɳ			d i ŋ -	d i ŋ	ʦ ɪ ŋˀ -	ʦ ɪ ŋˀ	d ɪ ŋ -	d ɪ ŋ	d ɪ ŋ -	d ɪ ŋ	d ɪ ŋ k	d ɪ ŋ k	d ɪ ŋ k	d ɪ ŋ k	θ ɪ ŋ -	θ ɪ ŋ	θ æː ŋ -	θ æː ŋ	θ ɪ ŋ -	θ ɪ ŋ	θ ɪ ŋ ɡ	θ ɪ ŋ ɡ	f ɪ ŋ -	f ɪ ŋ	θ ɪː ŋ -	θ ɪː ŋ	θ i ŋ -	θ i ŋ	θ ɪ ŋ -	θ ɪ ŋ	tʰ ɪ ŋ k	tʰ ɪ ŋ k	d ɪ ŋ -	d ɪ ŋ	d ɪ ŋ -	d ɪ ŋ	d ɪ ŋ -	d ɪ ŋ	d ɪ ŋ k	d ɪ ŋ k	d ɪ ŋ -	d ɪ ŋ	d ɪ ŋ -	d ɪ ŋ	d ɪ ŋ k	d ɪ ŋ k	d ɪ ŋ -	d ɪ ŋ	d ɪ ŋ ɡ	d ɪ ŋ ɡ	θ ɪ ŋ k	θ ɪ ŋ k	t ɪ ŋ -	t ɪ ŋ	d ɪ ŋ -	d ɪ ŋ	d ɪ ŋ -	d ɪ ŋ	θ ə ŋ -	θ ə ŋ	θ ɪ n -	θ ɪ n	tʰ ɪ ŋ -	tʰ ɪ ŋ			θ ɪ ŋ -	θ ɪ ŋ	θ ɪ ŋ -	θ ɪ ŋ	tʰ ɪ ŋ -	tʰ ɪ ŋ	tʰ i ŋ -	tʰ i ŋ	d ɪ ŋ -	d ɪ ŋ		
thorn	θ ɔ ɻ - n - -	θ ɔ ɻ n	θ ɔː - - n - -	θ ɔː n	d ɔː r - n - -	d ɔː r n	θ ɔ ɹ - n - -	θ ɔ ɹ n	d ɔː - - n - -	d ɔː n	d o r - n - -	d o r n	d ɔɐ - - - - -	d ɔɐ	d ɔ - - n - -	d ɔ n	tʰ oɐ - - n - -	tʰ oɐ n	d ɔ ɹ - n - -	d ɔ ɹ n	d oː ɾ ə - - -	d oː ɾ ə	d oɐ - - n - -	d oɐ n	d ɔː - - n - -	d ɔː n	θ ɔː - - n - -	θ ɔː n	θ ɔ ɾ ɪ n - -	θ ɔ ɾ ɪ n	θ o ʁ ɪ n - -	θ o ʁ ɪ n	θ ɔː - - n - -	θ ɔː n	f oʊ - - n - -	f oʊ n	θ ɔu ɹ - n - -	θ ɔu ɹ n	t ɔ - - n - -	t ɔ n	θ ɔɚ - - n - -	θ ɔɚ n	tʰ ɔ ɹ - n ʌ ɹ	tʰ ɔ ɹ n ʌ ɹ	d ɔː - - n - -	d ɔː n	t ɔː ɾ - n - -	t ɔː ɾ n	d ɔ r - n ə -	d ɔ r n ə	d ɔ r - n - -	d ɔ r n	t o ʁ ə n - -	t o ʁ ə n	t o ʁ ə n - -	t o ʁ ə n	d ɔ ʁ - n - -	d ɔ ʁ n	d ɔ - - n - -	d ɔ n	d oː ɾ ə - - -	d oː ɾ ə	θ ɔ r - n̥ - -	θ ɔ r n̥	t ɔː - - n - -	t ɔː n	d oɐ - - n - -	d oɐ n	d uɐ - - n - -	d uɐ n	θ ɔə - - n - -	θ ɔə n	θ ɔː - - n - -	θ ɔː n	tʰ o ʁ - n - -	tʰ o ʁ n			θ ɔː ɹ - n - -	θ ɔː ɹ n	θ ɔː - - n - -	θ ɔː n	tʰ ʊ ʁ - n - -	tʰ ʊ ʁ n	tʰ oː - - n - -	tʰ oː n			d ɔ ɾ - n - -	d ɔ ɾ n
three	θ ɻ iː - -	θ ɻ iː	θ ɹ ɪi - -	θ ɹ ɪi	d ɾ iː - -	d ɾ iː	θ ɹ ɪi - -	θ ɹ ɪi	d ʀ eɪ - -	d ʀ eɪ	t ɾ ɑ w eɪ	t ɾ ɑ w eɪ	d ʀ aɪ - -	d ʀ aɪ	d ʁ ɛi - -	d ʁ ɛi	t χ ɛɪˀ - -	t χ ɛɪˀ	d ʁ i - -	d ʁ i	d ɾ aː - -	d ɾ aː	d ʁ ɛɪ - -	d ʁ ɛɪ	d ɾ iə - -	d ɾ iə	θ ɹ ɪi - -	θ ɹ ɪi	θ ɾ iː - -	θ ɾ iː	θ χ ɛi - -	θ χ ɛi	θ ɾ iː - -	θ ɾ iː	f ɹ ɪi - -	f ɹ ɪi	θ ɹ ɪi - -	θ ɹ ɪi	tʰ ɹ i - -	tʰ ɹ i	θ ɾ iː - -	θ ɾ iː	tʰ ɹ ʊi - -	tʰ ɹ ʊi	d ʁ ae - -	d ʁ ae	t ɾ yː - -	t ɾ yː	d ʁ yː - -	d ʁ yː	d ɾ ei - -	d ɾ ei	t χ ɛi - -	t χ ɛi	t χ ɛi - -	t χ ɛi	d ʁ aɪ - -	d ʁ aɪ	d ʁ ɛi - -	d ʁ ɛi	d ɾ yː - -	d ɾ yː	θ ɾ ɪu - -	θ ɾ ɪu	t ɹ iː - -	t ɹ iː	d ʁ eː - -	d ʁ eː	d ʁ ɛɪ - -	d ʁ ɛɪ	θ ɹ ɪi - -	θ ɹ ɪi	θ ɾ iː - -	θ ɾ iː	t χ iː - -	t χ iː			θ ɾ iː - -	θ ɾ iː	θ ɹ iː - -	θ ɹ iː	tʰ ʁ ɛɪ - -	tʰ ʁ ɛɪ	t ɾ i - -	t ɾ i	t ɾ ɛ j ə	t ɾ ɛ j ə	d ɾ aɪ - -	d ɾ aɪ
thunder	θ ʌ n d ɚ - - -	θ ʌ n d ɚ	θ ɐ n d ɜ - - -	θ ɐ n d ɜ	d ʌ n d ə - r -	d ʌ n d ə r	θ ʌ n d - - ɹ -	θ ʌ n d ɹ	d o n - ɒ - - -	d o n ɒ	d ɑ n - ɛ - r -	d ɑ n ɛ r	d ɔ n - ʌ - - -	d ɔ n ʌ	d ɔ n - ə - ʁ -	d ɔ n ə ʁ	ʧ oɐ - d - n - -	ʧ oɐ d n	d ʌ n d ə - ʁ -	d ʌ n d ə ʁ	d ɔ n d ə - s -	d ɔ n d ə s	d ʊ n d ə - χ -	d ʊ n d ə χ	d œ n d - - r̩ -	d œ n d r̩	θ ɐ n d ə - - -	θ ɐ n d ə	θ ʌ n - ɐ - ɾ -	θ ʌ n ɐ ɾ	θ ɔ n - ɐ - ʁ -	θ ɔ n ɐ ʁ	θ ʊ n d ə - - -	θ ʊ n d ə	f ɐ n d ə - - -	f ɐ n d ə	θ œː n d - - ɹ -	θ œː n d ɹ	t ɑ n d ɜ - - -	t ɑ n d ɜ	θ ɔ n - ɚ - - -	θ ɔ n ɚ	tʰ oː - - - - ɹ a	tʰ oː ɹ a	d ɒ n - ɐ - - -	d ɒ n ɐ	d ɔ n - ə - ɾ -	d ɔ n ə ɾ	d ɔ n - ə - ʁ -	d ɔ n ə ʁ	d o n - - - ɾ -	d o n ɾ	d o n - ə - χ -	d o n ə χ	d o n - ə - χ -	d o n ə χ	d ɔ n - ə - χ -	d ɔ n ə χ	d ɔ n - ɔ - χ -	d ɔ n ɔ χ	d ɔ n - ɛ - ɾ -	d ɔ n ɛ ɾ	θ ɔː - - - - r a	θ ɔː r a	t ɜ n d ɜ - - -	t ɜ n d ɜ	d ʊ n d - - ʁ -	d ʊ n d ʁ	d ɔ n - ɐ - - -	d ɔ n ɐ	θ ɐ n d ɜ - - -	θ ɐ n d ɜ	θ ʌ n d ə - - -	θ ʌ n d ə	tʰ oː - d - n - -	tʰ oː d n			θ ʌ n d ə - ɹ -	θ ʌ n d ə ɹ	θ ɜ n d ə - - -	θ ɜ n d ə	tʰ oː - d ə n - -	tʰ oː d ə n	tʰ oː - d œ n - -	tʰ oː d œ n	t ʌ ŋ - - - r -	t ʌ ŋ r	d u n - ɛ - ʁ -	d u n ɛ ʁ
to_bite	b ai tʰ -	b ai tʰ	b ɑɪ t -	b ɑɪ t	b ɛɪ t -	b ɛɪ t	b ʌɪ t -	b ʌɪ t	b iː s -	b iː s	b ei s -	b ei s	b æi s -	b æi s	b ɛi s -	b ɛi s	b ɪ lˀ -	b ɪ lˀ	b æɪ t -	b æɪ t	b aː t -	b aː t	b iː t -	b iː t	b i t -	b i t	b aɪ tʰ -	b aɪ tʰ	b ɐi tʰ -	b ɐi tʰ	b ɛi t -	b ɛi t	b aɪ θ -	b aɪ θ	b ɑɪ ʔ -	b ɑɪ ʔ	b ɑɪ t -	b ɑɪ t	b ɐɪ t -	b ɐɪ t	b ɜi t -	b ɜi t	b ʊi t -	b ʊi t	b aɪ s -	b aɪ s	b iː s -	b iː s	b iː s -	b iː s	b iː s -	b iː s	b i s -	b i s	b i s -	b i s	b aɪ s -	b aɪ s	b ɐi s -	b ɐi s	b iː s -	b iː s	b iː tʰ a	b iː tʰ a	b ɐi t -	b ɐi t	b i t -	b i t	b i t -	b i t	b ɑɪ t -	b ɑɪ t	b aɪ t -	b aɪ t	b iː t -	b iː t			b ʌi tʰ -	b ʌi tʰ	b ae tʰ -	b ae tʰ	b ɪi tʰ -	b ɪi tʰ	b iː t -	b iː t	b i t -	b i t	b aɪ s -	b aɪ s
to_drink	d ɻ ɪ ŋ kʰ -	d ɻ ɪ ŋ kʰ	ʣ ɹ ɪ ŋ k -	ʣ ɹ ɪ ŋ k	d r ɪ ŋ k -	d r ɪ ŋ k	d ɹ ɪ ŋ k -	d ɹ ɪ ŋ k	d ʁ ɪ ŋ k -	d ʁ ɪ ŋ k	d ɾ aɪ ŋ kʰ -	d ɾ aɪ ŋ kʰ	d ʀ ɪ ŋ k -	d ʀ ɪ ŋ k	d ʁ ɪ ŋ k -	d ʁ ɪ ŋ k	d ʁ ɛ - kʰ -	d ʁ ɛ kʰ	d ʁ ɪ ŋ k -	d ʁ ɪ ŋ k	d ɾ ɪ ŋ k -	d ɾ ɪ ŋ k	d ʁ ɪ ŋ k -	d ʁ ɪ ŋ k	d ɾ ɪ ŋ k -	d ɾ ɪ ŋ k	d ɹ ɪ ŋ kʰ -	d ɹ ɪ ŋ kʰ	d ɹ æ ŋ kʰ -	d ɹ æ ŋ kʰ	d ʁ ɪ ŋ k -	d ʁ ɪ ŋ k	d͡ð ɾ ɪ ŋ k -	d͡ð ɾ ɪ ŋ k	d ɹ ɪ ŋ k -	d ɹ ɪ ŋ k	d ɹ ɪ ŋ k -	d ɹ ɪ ŋ k	d ɹ ɪ ŋ k -	d ɹ ɪ ŋ k	d ɾ ɪ ŋ c -	d ɾ ɪ ŋ c	d ɾ ɛ - kːʰ -	d ɾ ɛ kːʰ	tʰ ʁ ɪ ŋ k -	tʰ ʁ ɪ ŋ k	d r ɪ ŋ k͡χ -	d r ɪ ŋ k͡χ	d ʁ ɪ n k -	d ʁ ɪ n k	d ɾ ɪ ŋ kʰ -	d ɾ ɪ ŋ kʰ	t ʁ ɪ ŋ k -	t ʁ ɪ ŋ k	t ʁ ɪ ŋ k -	t ʁ ɪ ŋ k	t ʁ ɪ ŋ k -	t ʁ ɪ ŋ k	d ʁ ɪ ŋ k -	d ʁ ɪ ŋ k	d r ɪ ŋ k -	d r ɪ ŋ k	d ɾ ɛ - kʰ a	d ɾ ɛ kʰ a	d z ɪ ŋ k -	d z ɪ ŋ k	d ʁ ɪ ŋ k -	d ʁ ɪ ŋ k	d ʁ ɪ ŋ k -	d ʁ ɪ ŋ k	ʣ ɹ ɪ ŋ k -	ʣ ɹ ɪ ŋ k	d ɹ ɪ ŋ k -	d ɹ ɪ ŋ k	d ʁ ɪ - kːʰ -	d ʁ ɪ kːʰ			d ɹ ɪ ŋ kʰ -	d ɹ ɪ ŋ kʰ	d ɹ ɪ ŋ kʰ -	d ɹ ɪ ŋ kʰ	d ʁ ɪ - kʰ -	d ʁ ɪ kʰ	d ɾ ɪ - kː -	d ɾ ɪ kː	d ɾ ɪ ŋ k -	d ɾ ɪ ŋ k	tʰ ʁ ɪ ŋ k -	tʰ ʁ ɪ ŋ k
to_eat	- i tʰ -	i tʰ	- ɪi t -	ɪi t	- eɪ t -	eɪ t	- i t -	i t	ʔ ɛ s -	ʔ ɛ s	ʔ a s -	ʔ a s	- iɛ s -	iɛ s	ʔ ɛ s -	ʔ ɛ s	ʔ ɪ lˀ -	ʔ ɪ lˀ	- ɛɪ t -	ɛɪ t	- e t -	e t	- eə t -	eə t	- ɛ t -	ɛ t	- i tʰ -	i tʰ	- i tʰ -	i tʰ	- i t -	i t	- iː θ -	iː θ	- ɪi ʔ -	ɪi ʔ	- ɪi t -	ɪi t	- i t -	i t	- e t -	e t	- iɪ t -	iɪ t	ʔ ɛ s -	ʔ ɛ s	ʔ ɪ s -	ʔ ɪ s	ʔ iə s -	ʔ iə s	ʔ i s -	ʔ i s	ʔ ɪ s -	ʔ ɪ s	ʔ ɪ s -	ʔ ɪ s	ʔ ɪ s -	ʔ ɪ s	ʔ i s -	ʔ i s	ʔ a s -	ʔ a s	j ɪɛ tʰ a	j ɪɛ tʰ a	- iː t -	iː t	- ɛ t -	ɛ t	ʔ ɪ t -	ʔ ɪ t	- ɪi t -	ɪi t	- iː t -	iː t	- eə t -	eə t			- i tʰ -	i tʰ	- i tʰ -	i tʰ	- eə tʰ -	eə tʰ	- ɛə t -	ɛə t	- i t -	i t	ʔ ɛ s -	ʔ ɛ s
to_fight	f - aɪ - t -	f aɪ t	f - ɑɪ - t -	f ɑɪ t	f - ɛ ç t -	f ɛ ç t	f - ʌɪ - t -	f ʌɪ t	f - ɛ ʃ - -	f ɛ ʃ	f - ɛ ʃ tʰ -	f ɛ ʃ tʰ	f - æ ʃ t -	f æ ʃ t	f - ɛ ç t -	f ɛ ç t	f - ɪ k tʰ -	f ɪ k tʰ	f - ɛ χ t -	f ɛ χ t	f - ɛ ç t -	f ɛ ç t	f - ɛ ç - -	f ɛ ç	f - a h t -	f a h t	f - aɪ - tʰ -	f aɪ tʰ	f - e x tʰ -	f e x tʰ	f - ɛi - t -	f ɛi t	f - aɪ - θ -	f aɪ θ	f - ɑɪ - ʔ -	f ɑɪ ʔ	f - aɪ - t -	f aɪ t	f - ɐɪ - t -	f ɐɪ t	f - ɜi - t -	f ɜi t	f - ɪ kʰ t a	f ɪ kʰ t a	f - ɛ ç t -	f ɛ ç t	f - a χ t -	f a χ t			f - ɛ χ t -	f ɛ χ t			f - ɪ ʃ t -	f ɪ ʃ t	f - ɛ ç t -	f ɛ ç t	f - ɛ x t -	f ɛ x t	f - ɪ x t a	f ɪ x t a	f - ɪ x t a	f ɪ x t a	f - ɐɪ - t -	f ɐɪ t	f - ɛ χ t -	f ɛ χ t			f - ɑɪ - t -	f ɑɪ t	f - aɪ - t -	f aɪ t	f - ɛ k t -	f ɛ k t			f - ʌɪ - tʰ -	f ʌɪ tʰ	f - aɛ - tʰ -	f aɛ tʰ	f - aɪ - t ɐ	f aɪ t ɐ	f - ɛ k t a	f ɛ k t a	f j ʌ χ ʦ i	f j ʌ χ ʦ i	f - e x t -	f e x t
to_hear	h iɚ - -	h iɚ	h iɜ - -	h iɜ	h oː ɹ -	h oː ɹ	h i ɹ -	h i ɹ	h ʏɐ - -	h ʏɐ	h iə ɾ -	h iə ɾ			h øː ʁ -	h øː ʁ	h øɔˀ - -	h øɔˀ	h o ɹ -	h o ɹ	- oə s -	oə s	h yə χ -	h yə χ	- ɔː s -	ɔː s	h ɪə - -	h ɪə	h iɐ ɾ -	h iɐ ɾ	h iɐ ʁ -	h iɐ ʁ	h iə - -	h iə	h ɪə - -	h ɪə	h i ɹ -	h i ɹ	h i ɹ -	h i ɹ	h iɚ - -	h iɚ	h ɔɪ ɹ -	h ɔɪ ɹ	h œː ʁ -	h œː ʁ	h ɛɪ r a	h ɛɪ r a	h øː ʁ -	h øː ʁ	h ɛɪ r a	h ɛɪ r a	h eː χ -	h eː χ	h eː χ -	h eː χ	h ɛː χ -	h ɛː χ	h øɔ - -	h øɔ	h øː ɾ -	h øː ɾ	h ɛɪ r a	h ɛɪ r a	h ɪɜ ɹ -	h ɪɜ ɹ	h øɐ - -	h øɐ	h yə - -	h yə	h iɛ - -	h iɛ	h iə - -	h iə	h øː χ -	h øː χ			h iə ɹ -	h iə ɹ	ç ɛː - -	ç ɛː	h œː ʁ -	h œː ʁ	h ɔː r -	h ɔː r			h ɛ ɾ -	h ɛ ɾ
to_see	s - iː - - -	s iː	s - ɪi - - -	s ɪi	z - eː - - -	z eː	s - iː - - -	s iː	z - ø ʃ - -	z ø ʃ	z - ɛ - ɳ ə	z ɛ ɳ ə			s - ɛː - - -	s ɛː	s - yˀ - - -	s yˀ	z - i - - -	z i	z - eə - - -	z eə	z - iə - - -	z iə	z - ɛː - - -	z ɛː	s - ɪi - - -	s ɪi	s - iː - - -	s iː	s - ɛi - - -	s ɛi	s - iː - - -	s iː	s - ɪi - - -	s ɪi	s - ɪi - - -	s ɪi	s - i - - -	s i	s - iː - - -	s iː	s - ʊ ʧ - -	s ʊ ʧ	z - eː - - -	z eː							s - eː - - -	s eː	s - eː - - -	s eː	ʃ - aɵ - - -	ʃ aɵ	s - eə - - -	s eə			s j aʊ - - -	s j aʊ	s - iː - - -	s iː	z - ɛɪ - - -	z ɛɪ	z - ɛɪ - - -	z ɛɪ	s - ɪi - - -	s ɪi	s - iː - - -	s iː	s j øː - - -	s j øː			s - iː - - -	s iː	s - iː - - -	s iː	s - eɪ - - -	s eɪ	x - œː - - -	x œː	s j ʌ χ - -	s j ʌ χ	s - ɛ - - -	s ɛ
to_sit	s ɪ t - -	s ɪ t	s ɪ t - -	s ɪ t	z ɪ t - -	z ɪ t	s ɪ t - -	s ɪ t	z ɛ ʦ - -	z ɛ ʦ	z a ʦ - -	z a ʦ	z ɨ ʦ - -	z ɨ ʦ	s ɪ ʦ - -	s ɪ ʦ	s ɪ lˀ - -	s ɪ lˀ	z ɪ t - -	z ɪ t	z ɪ t - -	z ɪ t	z ɪ t - -	z ɪ t	z ɛ t - -	z ɛ t	s ɪ tʰ - -	s ɪ tʰ	s æ tʰ - -	s æ tʰ	s ɪ t - -	s ɪ t	s ɪ θ - -	s ɪ θ	s ɪ ʔ - -	s ɪ ʔ	s ɪɪə t - -	s ɪɪə t	s ɪ t - -	s ɪ t	s ə t - -	s ə t	s iː t - -	s iː t	z ɪ ʦ - -	z ɪ ʦ	s ɪ ʦ - -	s ɪ ʦ			s ɪ ʦ - -	s ɪ ʦ	s ɪ ʦ - -	s ɪ ʦ	s ɪ ʦ - -	s ɪ ʦ	s ɪ ʦ - -	s ɪ ʦ	s i ʦ - -	s i ʦ	s eː t j a	s eː t j a	s eː t j a	s eː t j a	s ɪ t - -	s ɪ t	z ɪ t - -	z ɪ t	z ɪ t - -	z ɪ t	s ə t - -	s ə t	s ɪ t - -	s ɪ t	s ɪ tʰ - -	s ɪ tʰ			s ɪ tʰ - -	s ɪ tʰ	s ə tʰ - -	s ə tʰ	s i t - -	s i t	s ɪ tː - -	s ɪ tː	s ɪ t - -	s ɪ t	z ɪ ʦ - -	z ɪ ʦ
to_swear	s w ɛɚ - - -	s w ɛɚ	s w ɛɜ - - -	s w ɛɜ	z β eə ɹ - -	z β eə ɹ	s w ɛ ɹ - -	s w ɛ ɹ	ʃ β øɐ - - -	ʃ β øɐ	ʃ p iə ɾ - -	ʃ p iə ɾ	ʃ v iɛ - - -	ʃ v iɛ	ʃ β eʌ ʁ - -	ʃ β eʌ ʁ	s v ɛ ʔ - o	s v ɛ ʔ o	z v e ɹ - -	z v e ɹ	ʣ v ɛː s - -	ʣ v ɛː s	ʃ β eə χ - -	ʃ β eə χ	s β aː s - -	s β aː s	s w ɛə - - -	s w ɛə	s w iɐ ɾ - -	s w iɐ ɾ	s w iɐ ʁ - -	s w iɐ ʁ	s w ɛː - - -	s w ɛː	s w ɛə - - -	s w ɛə	s w ɛe ɹ - -	s w ɛe ɹ	s w ɛ - - -	s w ɛ	s w ɛɚ - - -	s w ɛɚ	s v œ ɹ - i	s v œ ɹ i	ʃ v øː ʁ - -	ʃ v øː ʁ	ʃ β œː r - -	ʃ β œː r	ʃ v øː ʁ - -	ʃ v øː ʁ	ʃ β œː ɾ - -	ʃ β œː ɾ	ʃ v œː χ - -	ʃ v œː χ	ʃ v œː χ - -	ʃ v œː χ	ʃ β øː χ - -	ʃ β øː χ	ʃ β ø ʁ - -	ʃ β ø ʁ	ʃ β øː ɾ - ɐ	ʃ β øː ɾ ɐ	s v ɛ r j a	s v ɛ r j a	s w ɛː ɹ - -	s w ɛː ɹ	z β iɐ - - -	z β iɐ	ʃ v yə - - -	ʃ v yə	s w ɪɛ - - -	s w ɪɛ	s w ɛː - - -	s w ɛː	s v ɛ ʁ k -	s v ɛ ʁ k			s w eə ɹ - -	s w eə ɹ	s w ɛː - - -	s w ɛː	s v ɛː ʁ - -	s v ɛː ʁ	s v aː r - -	s v aː r	s β a r - -	s β a r	ʃ v ɛ ɾ - -	ʃ v ɛ ɾ
to_wash	w ɑ ʃ - -	w ɑ ʃ	w ɒ ʃ - -	w ɒ ʃ	β ɑ s - -	β ɑ s	w ɑ ʃ - -	w ɑ ʃ	β ɛ ʃ - -	β ɛ ʃ	v æiə ʃ - -	v æiə ʃ	v æ ʃ - -	v æ ʃ	β a ʃ - -	β a ʃ	v ɛ s kʰ -	v ɛ s kʰ	v ɑ s - -	v ɑ s	β a s - -	β a s	β ɔː χ - -	β ɔː χ	β ɑ s - -	β ɑ s	w ɔ ʃ - -	w ɔ ʃ	w ɑ ʃ - -	w ɑ ʃ	w ɛː ʃ - -	w ɛː ʃ	w ɒ ʃ - -	w ɒ ʃ	w ɔ ʃ - -	w ɔ ʃ	w ɑː ʃ - -	w ɑː ʃ	w ɔ ʃ - -	w ɔ ʃ	w aɪ ʃ - -	w aɪ ʃ	v a s k a	v a s k a	v a ʃ - -	v a ʃ	β a ʃ - -	β a ʃ	v ɛ ʃ - -	v ɛ ʃ	β a ʃ - -	β a ʃ	v a ʃ - -	v a ʃ	v a ʃ - -	v a ʃ	β a ʃ - -	β a ʃ	β a ʃ - -	β a ʃ	β a ʃ - -	β a ʃ	v a s k a	v a s k a	w ɒ ʃ - -	w ɒ ʃ	β a s - -	β a s	v a ʃ - -	v a ʃ	w ɔ ʃ - -	w ɔ ʃ	w ɔ ʃ - -	w ɔ ʃ	v a sː k -	v a sː k			w ɔ ʃ - -	w ɔ ʃ	w ɔ ʃ - -	w ɔ ʃ	v a s k a	v a s k a	v a sː k ə	v a sː k ə	β ɒ s k iə	β ɒ s k iə	v a ʃ - -	v a ʃ
toe	tʰ ʌʊ - -	tʰ ʌʊ	tʰ ɜʉ - -	tʰ ɜʉ	t eː n -	t eː n	tʰ oʊ - -	tʰ oʊ	ʦ i - -	ʦ i	ʦ iː j ə	ʦ iː j ə	ʦ ɛi f -	ʦ ɛi f	ʦ eə - -	ʦ eə	ʦ uˀ - -	ʦ uˀ	tʰ eɪ n -	tʰ eɪ n	t eə n -	t eə n	tʰ iə n -	tʰ iə n	t ɛː n -	t ɛː n	tʰ əʊ - -	tʰ əʊ	tʰ eː - -	tʰ eː	t oː - -	t oː	t͡θʰ ɛʉ - -	t͡θʰ ɛʉ	tʰ ʌʊ - -	tʰ ʌʊ	tʰ œy - -	tʰ œy	tʰ oʊ - -	tʰ oʊ	tʰ ou - -	tʰ ou	tʰ ɔa - -	tʰ ɔa	ʦ eː - -	ʦ eː	ʦ aɪə - -	ʦ aɪə	ʦ eːə - -	ʦ eːə	ʦ eː b ɐ	ʦ eː b ɐ	ʦ eː - -	ʦ eː	ʦ eː - -	ʦ eː	ʦ ɛː χ -	ʦ ɛː χ	ʦ aɪə - -	ʦ aɪə	ʦ eː b ɐ	ʦ eː b ɐ	tʰ aʊ - -	tʰ aʊ	t oː - -	t oː	tʰ eː n -	tʰ eː n	tʰ aʊ n -	tʰ aʊ n	tʰ ɜʉ - -	tʰ ɜʉ	tʰ oː - -	tʰ oː	tʰ ɔː - -	tʰ ɔː			tʰ oː - -	tʰ oː	tʰ əʉ - -	tʰ əʉ	tʰ ɛʊ - -	tʰ ɛʊ	tʰ oː - -	tʰ oː	t iə n -	t iə n		
tongue	tʰ ʌ ŋ - -	tʰ ʌ ŋ	tʰ ɐ ŋ - -	tʰ ɐ ŋ	t ʊ ŋ - -	t ʊ ŋ	tʰ ʌ ŋ - -	tʰ ʌ ŋ	ʦ ʊ ŋ - -	ʦ ʊ ŋ	ʦ aː - - -	ʦ aː	ʦ ɔ ŋ - -	ʦ ɔ ŋ	ʦ ʊ ŋ - -	ʦ ʊ ŋ	tʰ ʊ ŋ - ə	tʰ ʊ ŋ ə	tʰ ʌ ŋ - -	tʰ ʌ ŋ	t ʌ ŋ - -	t ʌ ŋ	t ʊ ŋ - -	t ʊ ŋ	t ʊ ŋ - ə	t ʊ ŋ ə	tʰ ɐ ŋ - -	tʰ ɐ ŋ	tʰ ʌ ŋ - -	tʰ ʌ ŋ	t ɔ ŋ - -	t ɔ ŋ	t͡θʰ ʊ ŋ ɡ -	t͡θʰ ʊ ŋ ɡ	tʰ ɐ ŋ - -	tʰ ɐ ŋ	tʰ ɜː ŋ - -	tʰ ɜː ŋ	t ɑ ŋ - -	t ɑ ŋ	tʰ ɔ ŋ - -	tʰ ɔ ŋ	tʰ ʊ ŋ k a	tʰ ʊ ŋ k a	ʦ ʊ ŋ - ə	ʦ ʊ ŋ ə	ʦ ʊ ŋ - ə	ʦ ʊ ŋ ə	ʦ ʊ ŋ - ə	ʦ ʊ ŋ ə	ʦ ʊ ŋ ɡ ɐ	ʦ ʊ ŋ ɡ ɐ	ʦ ʊ ŋ - -	ʦ ʊ ŋ	ʦ ʊ ŋ - -	ʦ ʊ ŋ	ʦ ʊ ŋ ɡ ɛ	ʦ ʊ ŋ ɡ ɛ	ʦ u ŋ ɡ -	ʦ u ŋ ɡ	ʦ ʊ ŋ ɡ ə	ʦ ʊ ŋ ɡ ə	tʰ ʊ ŋ k a	tʰ ʊ ŋ k a	t ɐ ŋ - -	t ɐ ŋ	tʰ ʊ ŋ - ə	tʰ ʊ ŋ ə	tʰ ʊ ŋ - -	tʰ ʊ ŋ	tʰ ɐ ŋ - -	tʰ ɐ ŋ	tʰ ʌ ŋ ɡ -	tʰ ʌ ŋ ɡ	tʰ ʊ ŋ - ə	tʰ ʊ ŋ ə			tʰ ʌ ŋ - -	tʰ ʌ ŋ	tʰ ɜ ŋ - -	tʰ ɜ ŋ	tʰ øʏ ŋ j ɐ	tʰ øʏ ŋ j ɐ	tʰ ʊ ŋ - ə	tʰ ʊ ŋ ə	t ɔ ŋ - ə	t ɔ ŋ ə	ʦ u ŋ ɡ -	ʦ u ŋ ɡ
tooth	tʰ ʊu - θ	tʰ ʊu θ	tʰ y - θ	tʰ y θ	t a n t	t a n t	tʰ ɵʊ - θ	tʰ ɵʊ θ	ʦ a n t	ʦ a n t	ʦ oə n -	ʦ oə n	ʦ a n t	ʦ a n t	ʦ ɒː - -	ʦ ɒː	tʰ ɛ nˀ -	tʰ ɛ nˀ	tʰ ɑ n t	tʰ ɑ n t	t a n t	t a n t	t a ŋ k	t a ŋ k	t ɑ n t	t ɑ n t	tʰ u - θ	tʰ u θ	tʰ u - θ	tʰ u θ	t u - θ	t u θ	t͡θʰ ʉ - θ	t͡θʰ ʉ θ	tʰ ʉə - f	tʰ ʉə f	tʰ ɵy - θ	tʰ ɵy θ	tʰ u - θ	tʰ u θ	tʰ ʉ - θ	tʰ ʉ θ	tʰ ɔ n -	tʰ ɔ n	ʦ aː n -	ʦ aː n	ʦ ɑː n -	ʦ ɑː n	ʦ ãː - -	ʦ ãː	ʦ ɑː n -	ʦ ɑː n	ʦ aː n -	ʦ aː n	ʦ aː n -	ʦ aː n	ʦ ɑː n -	ʦ ɑː n	ʦ aː - -	ʦ aː	ʦ a n t	ʦ a n t	tʰ œ n -	tʰ œ n	t u - t͡θ	t u t͡θ	tʰ a n t	tʰ a n t	tʰ oː n -	tʰ oː n	tʰ ʉ - θ	tʰ ʉ θ	tʰ u - θ	tʰ u θ	tʰ a n -	tʰ a n			tʰ ʉ - θ	tʰ ʉ θ	tʰ y - θ	tʰ y θ	tʰ a n -	tʰ a n	tʰ ɑ n d	tʰ ɑ n d	t i n ə	t i n ə	ʦ ɔ n -	ʦ ɔ n
top	tʰ ɑ p - -	tʰ ɑ p	tʰ ɒ p - -	tʰ ɒ p	t ɔ p - -	t ɔ p	tʰ ɒ p - -	tʰ ɒ p	tʰ ɔ pʰ - -	tʰ ɔ pʰ	d a p ə n	d a p ə n	t œ p ə n	t œ p ə n	tʰ ɔʰ p - -	tʰ ɔʰ p	tʰ ɔ pʰ - -	tʰ ɔ pʰ	tʰ ɔ p - -	tʰ ɔ p	t ɔ p - -	t ɔ p	t ɔ p - -	t ɔ p	t ɔ p - -	t ɔ p	tʰ ɔ p - -	tʰ ɔ p	t a pʰ - -	t a pʰ	t ɔː p - -	t ɔː p	t͡θʰ ɒ p - -	t͡θʰ ɒ p	tʰ ɔ p - -	tʰ ɔ p	tʰ ɑː p - -	tʰ ɑː p	tʰ ɔ p - -	tʰ ɔ p	tʰ a p - -	tʰ a p	tʰ ɔ pʰ - -	tʰ ɔ pʰ	ʦ ɒ p͡f - -	ʦ ɒ p͡f	tʰ ɔ pʰ - -	tʰ ɔ pʰ			tʰ ɔ pʰ - -	tʰ ɔ pʰ			tʰ o p͡f - -	tʰ o p͡f					tʰ ɔ pʰ - -	tʰ ɔ pʰ	tʰ ɔ pʰ - -	tʰ ɔ pʰ	t ɒ p - -	t ɒ p	t ɔ p - -	t ɔ p			tʰ ɒ p - -	tʰ ɒ p	tʰ̄ ɒ p - -	tʰ̄ ɒ p	tʰ ɒ pːʰ - -	tʰ ɒ pːʰ			tʰ ɔ pʰ - -	tʰ ɔ pʰ	tʰ ɒ p - -	tʰ ɒ p	tʰ øʉ pʰ - -	tʰ øʉ pʰ	t ɔ pː - -	t ɔ pː	t ɔ p - -	t ɔ p	ʧ u p - -	ʧ u p
two	tʰ - ʊu - -	tʰ ʊu	tʰ - ʏy - -	tʰ ʏy	t β eː - -	t β eː	tʰ - ɵu - -	tʰ ɵu	ʦ v aɪ - -	ʦ v aɪ	ʦ p æ j ə	ʦ p æ j ə	ʦ v eː - -	ʦ v eː	ʦ β ɔe - -	ʦ β ɔe	ʦ - ʊˀ - -	ʦ ʊˀ	tʰ v eɪ - -	tʰ v eɪ	tʰ v eə - -	tʰ v eə	tʰ β iə - -	tʰ β iə	tʰ β ɛː - -	tʰ β ɛː	tʰ - ʊu - -	tʰ ʊu	tʰ w ɒː - -	tʰ w ɒː	t - ɔʊ - -	t ɔʊ	t͡θʰ - ʉː - -	t͡θʰ ʉː	tʰ - ʉː - -	tʰ ʉː	tʰ - ʉː - -	tʰ ʉː	tʰ - u - -	tʰ u	tʰ - ʉː - -	tʰ ʉː	tʰ v ɛi - -	tʰ v ɛi	ʦ v ae - -	ʦ v ae	ʦ β œɪ - -	ʦ β œɪ	ʦ β oɐ - -	ʦ β oɐ	ʦ v aɪ - -	ʦ v aɪ	ʦ v ɛi - -	ʦ v ɛi	ʦ v ɛi - -	ʦ v ɛi	ʦ β ɔə - -	ʦ β ɔə	ʦ β ɔe - -	ʦ β ɔe	ʦ β æɪ - -	ʦ β æɪ	tʰ v œː - -	tʰ v œː	t - uː - -	t uː	t β ɛɪ - -	t β ɛɪ	tʰ v ɛɪ - -	tʰ v ɛɪ	tʰ - ʉː - -	tʰ ʉː	tʰ - uː - -	tʰ uː	tʰ - uː - -	tʰ uː	t w oːu - -	t w oːu	tʰ - ʉː - -	tʰ ʉː	tʰ - yː - -	tʰ yː	tʰ v ɛʊ - -	tʰ v ɛʊ	tʰ v oː - -	tʰ v oː	t β aː - -	t β aː	ʦ v ɛi - -	ʦ v ɛi
warm	w ɔ ɻ - m - -	w ɔ ɻ m	w ɔː - - m - -	w ɔː m	β a r - m - -	β a r m	w ɔ ɹ - m - -	w ɔ ɹ m	β ɛ ʁ ə m - -	β ɛ ʁ ə m	v ʊə ɾ - m - -	v ʊə ɾ m	v aː - - m - -	v aː m	β a ʁ - m - -	β a ʁ m	v aˀ - - m - -	v aˀ m	v a ɹ - m - -	v a ɹ m	β aː ɾ ə m - -	β aː ɾ ə m	β ɛ ʁ ə m - -	β ɛ ʁ ə m	β ɑ r - m - -	β ɑ r m	w ɔː - - m - -	w ɔː m	w ɑ ɾ ə m - -	w ɑ ɾ ə m	w ɒ ʁ ɪ m - -	w ɒ ʁ ɪ m	w ɔː - - m - -	w ɔː m	w oː - - m - -	w oː m	w ɔː ɹ - m - -	w ɔː ɹ m	w ɔ - - m - -	w ɔ m	w a ɹ ə m - -	w a ɹ ə m	v a ɹ - m ʌ ɹ	v a ɹ m ʌ ɹ	v aː - - m - -	v aː m	β aː r - m - -	β aː r m	v aː ʁ - m - -	v aː ʁ m	β aː r - m - -	β aː r m	v ɔː ʁ - m - -	v ɔː ʁ m	v ɔː ʁ - m - -	v ɔː ʁ m	β ɑ ʁ - m - -	β ɑ ʁ m	β aɔ - - m - -	β aɔ m	β aː ɾ ə m - -	β aː ɾ ə m	v a r - m - -	v a r m	β ɔː - - m - -	β ɔː m	β a ɾ ə m - -	β a ɾ ə m	v aː - - m - -	v aː m	w ɔː - - m - -	w ɔː m	w ɔː - - m - -	w ɔː m	v a ʁ - m - -	v a ʁ m			w ɔː ɹ - m - -	w ɔː ɹ m	w ɔː - - m - -	w ɔː m	v a ʁ - m - -	v a ʁ m	v a r - m - -	v a r m	β aː ɾ ə m - -	β aː ɾ ə m	v a ɾ ə m - -	v a ɾ ə m
what	- w ɑ tʰ - -	w ɑ tʰ	- w ɒ t - -	w ɒ t	- β ɑ t - -	β ɑ t	- w ɑ t - -	w ɑ t	- β a t - -	β a t	- v ɒ tʰ - -	v ɒ tʰ	- v aː t - -	v aː t	- β a s - -	β a s	- v ɛ l - -	v ɛ l	- v ɑ t - -	v ɑ t	- β a t - -	β a t	- β ɑ t - -	β ɑ t	- β a d - ə	β a d ə	- w ɔ tʰ - -	w ɔ tʰ	- f ɪ tʰ - -	f ɪ tʰ	- ʍ aː t - -	ʍ aː t	- w ɒ θ - -	w ɒ θ	- w ɔ ʔ - -	w ɔ ʔ	- w ɑː t - -	w ɑː t	- w ɑ t - -	w ɑ t	- ʍ a t - -	ʍ a t	kʰ v ɛa t - -	kʰ v ɛa t	- v a s - -	v a s	- β ɒ s - -	β ɒ s	- v aː s - -	v aː s	- v a s - -	v a s	- β ɒ s - -	β ɒ s	- β ɒ s - -	β ɒ s	- β ɔ s - -	β ɔ s	- β aː s - -	β aː s	- β a s - -	β a s	kʰ v aː θ - -	kʰ v aː θ	- w ɒ t - -	w ɒ t	- β a t - -	β a t	- v a t - -	v a t	- w ɒ t ʔ -	w ɒ t ʔ	- w ɔ t - -	w ɔ t	kʰ - ɑː - - -	kʰ ɑː	x w a t - -	x w a t	- ʍ ɔ tʰ - -	ʍ ɔ tʰ	- w ɔ tʰ - -	w ɔ tʰ	- v a - - -	v a	- v ɔː d - -	v ɔː d	- β ɔ t - -	β ɔ t	- v ɔ s - -	v ɔ s
white	- w ai tʰ - -	w ai tʰ	- w ɑɪ t - -	w ɑɪ t	- β ɪ t - -	β ɪ t	- w ʌɪ t - -	w ʌɪ t	- β iː s - -	β iː s	- v ei s - -	v ei s	- v æi s - -	v æi s	- β ɛi s - -	β ɛi s	- v ɪ lˀ - -	v ɪ lˀ	- v ɪ t - -	v ɪ t	- β i t - -	β i t	- β ɪə t - -	β ɪə t	- β ɛ t - -	β ɛ t	- w aɪ tʰ - -	w aɪ tʰ	- f ɐi tʰ - -	f ɐi tʰ	- ʍ ɛi t - -	ʍ ɛi t	- w aɪ θ - -	w aɪ θ	- w ɑɪ ʔ - -	w ɑɪ ʔ	- w aɪ t - -	w aɪ t	- w ɐɪ t - -	w ɐɪ t	ı ʍ ɜıi t ı -	ı ʍ ɜıi t ı	kʰ v ʊi t ʌ ɹ	kʰ v ʊi t ʌ ɹ	- v aɪ s - -	v aɪ s	- β iː s - -	β iː s	- v iː s - -	v iː s	- β iː s - -	β iː s	- v i s - -	v i s	- v i s - -	v i s	- β aɪ s - -	β aɪ s	- β ɛi s - -	β ɛi s	- β iː s - -	β iː s	kʰ v iː t - -	kʰ v iː t	- w ɐɪ t - -	w ɐɪ t	- β ɪ t - -	β ɪ t	- v ɪ t - -	v ɪ t	- w ɑɪ tˀ - -	w ɑɪ tˀ	- w aɪ t - -	w aɪ t	kʰ v iː t - -	kʰ v iː t			- ʍ ɐi tʰ - -	ʍ ɐi tʰ	- w aɛ tʰ - -	w aɛ tʰ	- v ɪi tʰ - -	v ɪi tʰ	- v i tː - -	v i tː	- β i t - -	β i t	- v aɪ s - -	v aɪ s
wind	w ɪ n d	w ɪ n d	w ɪ n d	w ɪ n d	β ɪ n t	β ɪ n t	w ɪ n d	w ɪ n d	v ɪ n t	v ɪ n t	v ɑə n t	v ɑə n t	v a n t	v a n t	β ɛ̃ː - t	β ɛ̃ː t	v ɪ nˀ -	v ɪ nˀ	v ɪ n t	v ɪ n t	β ɪ n t	β ɪ n t	β ɪ ŋ k	β ɪ ŋ k	β ɪ n t	β ɪ n t	w ɪ n d	w ɪ n d	w æː n -	w æː n	w ɔ n d	w ɔ n d	w ɪ n d	w ɪ n d	w ɪ n d	w ɪ n d	w ɪɪə n d	w ɪɪə n d	w ɪ n d	w ɪ n d	w ɜi n -	w ɜi n	v ɪ n t	v ɪ n t	v ɪ n t	v ɪ n t	β ɪ n t	β ɪ n t	v ɪ n t	v ɪ n t	β i n t	β i n t	v ɪ n t	v ɪ n t	v ɪ n t	v ɪ n t	β ɪ n t	β ɪ n t	v ɪ n t	v ɪ n t	v ɪ n t	v ɪ n t	v ɪ n t	v ɪ n t	β ɪ n d	β ɪ n d	β ɪ n t	β ɪ n t	v ɪ n d	v ɪ n d	w ə n d	w ə n d	w ɪ n d	w ɪ n d	v ɪ nː -	v ɪ nː			w ɪ n d	w ɪ n d	w ɪ n d	w ɪ n d	v ɪ ŋ -	v ɪ ŋ	v ɪ n d	v ɪ n d	β i n -	β i n	v ɪ n t	v ɪ n t
wool	w ʊ ɫ -	w ʊ ɫ	w ʊ ɫ -	w ʊ ɫ	β ʌ ɫ -	β ʌ ɫ	w ʊ ɫ -	w ʊ ɫ	v ʌ l -	v ʌ l	v ɒ ɫ -	v ɒ ɫ	v ɔ l -	v ɔ l	β ʊ l ɛ	β ʊ l ɛ	ʔ u lˀ -	ʔ u lˀ	v ʌ ɫ -	v ʌ ɫ	w ʌ ɫ -	w ʌ ɫ	β ø l -	β ø l	β œ l ə	β œ l ə	w ʊ ɫ -	w ʊ ɫ	w uə ɫ -	w uə ɫ	w ʊ l -	w ʊ l	w ʊ ɫ -	w ʊ ɫ	w oʊ - -	w oʊ	w ʊː ɫ -	w ʊː ɫ	w u ɫ -	w u ɫ	w ɔ ɫ -	w ɔ ɫ	- ʊ l̥ -	ʊ l̥	v ɒ l ə	v ɒ l ə	β ɵ l ə	β ɵ l ə	v ʊ l ɛ	v ʊ l ɛ	w ʊ l ɐ	w ʊ l ɐ	v ʊ l ə	v ʊ l ə	v ʊ l ə	v ʊ l ə	β ʌ l ɛ	β ʌ l ɛ	w ʊ l ɛ	w ʊ l ɛ	β o l ə	β o l ə	- ʏ ɬ̥ -	ʏ ɬ̥	w uː l -	w uː l	β ʌ l ə	β ʌ l ə	v ʊ l -	v ʊ l	w ʊ ɫ -	w ʊ ɫ	w ʊ ɫ -	w ʊ ɫ	- ʊ l -	ʊ l			w uː ɫ -	w uː ɫ	w ə ɫ -	w ə ɫ	- ø l -	ø l	- ø l -	ø l	β ʌ ɫ ə	β ʌ ɫ ə	v ɔ ɫ -	v ɔ ɫ
word	w ɚː - - d	w ɚː d	w ɜː - - d	w ɜː d	β ɔː r - t	β ɔː r t	w ɚː - - d	w ɚː d	β ɔː - - t	β ɔː t	v oə r - tʰ	v oə r tʰ	v ʊɛ - - t	v ʊɛ t	β ɔ ʁ - t	β ɔ ʁ t	ʔ oɔˀ - - -	ʔ oɔˀ	v ɔ ɹ - t	v ɔ ɹ t	β ɔ s - t	β ɔ s t	w ɔə - - t	w ɔə t	β ɔ ɾ - tʰ	β ɔ ɾ tʰ	w ɜː - - d	w ɜː d	w æ ɾ - d	w æ ɾ d	w ɔ ʁ ɪ d	w ɔ ʁ ɪ d	w ɛː - - ð	w ɛː ð	w ɜː - - d	w ɜː d	w ɚː - - d	w ɚː d	w ɜ - - d	w ɜ d	w ɔ ɻ - d	w ɔ ɻ d	- oː - - ɹ	oː ɹ	v ɔː - - t	v ɔː t	β ɔ r - t	β ɔ r t			β ɔ r - t	β ɔ r t	v o χ - t	v o χ t	v o χ - t	v o χ t	β ɔ ʁ - ʦ	β ɔ ʁ ʦ	β ɔ - - t	β ɔ t	β ɔː r - t	β ɔː r t	ɔ r - - θ	ɔ r θ	w ɜː - - d	w ɜː d	β oɐ - - t	β oɐ t	v uɐ - - t	v uɐ t	w œː - - d	w œː d	w ɔː - - d	w ɔː d	- oː χ - -	oː χ			w əː ɹ - d	w əː ɹ d	w œː - - d	w œː d	- øʉ ʁ - -	øʉ ʁ	- oː - - d	oː d	β œ - - t	β œ t	v ɔ ɾ - t	v ɔ ɾ t
yard	j ɑ ɻ d - -	j ɑ ɻ d	j aː - d - -	j aː d	ç aː r t - -	ç aː r t	j ɑ ɹ d - -	j ɑ ɹ d	j aː - d ə -	j aː d ə	ɣʷ ʊ r t ə n	ɣʷ ʊ r t ə n	ɡ aː χ t - -	ɡ aː χ t	ɡ a ʁ t ə -	ɡ a ʁ t ə	ɡ ɔ - lˀ - -	ɡ ɔ lˀ	χ a ɹ t - -	χ a ɹ t	x ɑ ɾ t - -	x ɑ ɾ t	ç aː - t - -	ç aː t	ɣ ɑː s t - -	ɣ ɑː s t	j ɑː - d - -	j ɑː d	j ɑː ɾ d - -	j ɑː ɾ d	j ɛː ʁ d - -	j ɛː ʁ d	j ɑː - ð - -	j ɑː ð	j ɑː - d - -	j ɑː d	j ɑː ɹ d - -	j ɑː ɹ d	j ɑ ɹ d - -	j ɑ ɹ d	j aː ɻ d - -	j aː ɻ d	ɡ ɛa ɹ - - -	ɡ ɛa ɹ	ɡ a ʁ t - n	ɡ a ʁ t n	ɡ ɒ r t ə -	ɡ ɒ r t ə	ɡ aː ʁ t ə -	ɡ aː ʁ t ə	ɡ ɑː r t ə -	ɡ ɑː r t ə	ɡ ɔː χ t ə -	ɡ ɔː χ t ə	ɡ ɔː χ t ə -	ɡ ɔː χ t ə	ɡ ɔ χ t - n	ɡ ɔ χ t n	ɡ aɔ - t ə -	ɡ aɔ t ə	ɡ aː ɹ t ə -	ɡ aː ɹ t ə	ɡ a r θ - -	ɡ a r θ	j ɑː - d - -	j ɑː d	χ oɐ - t - -	χ oɐ t	ɡ ɔː - d - n	ɡ ɔː d n	j aː - d - -	j aː d	j aː - d - -	j aː d	ɡ ɔː χ - - -	ɡ ɔː χ			j ɑː ɹ d - -	j ɑː ɹ d	j ɑː - d - -	j ɑː d	ɡ ɛʊ ʁ - - -	ɡ ɛʊ ʁ	ɡ oə - d - -	ɡ oə d			ɡ ɔ ɾ tʰ ɪ n	ɡ ɔ ɾ tʰ ɪ n
year	j iɚ -	j iɚ	j iɜ -	j iɜ	j aː ɹ	j aː ɹ	j ɪ ɹ	j ɪ ɹ	j ɔ -	j ɔ	ɡ oə r	ɡ oə r	j oɐ -	j oɐ	j ɒː ʁ	j ɒː ʁ	ʔ ɔˀ -	ʔ ɔˀ	j a ɹ	j a ɹ	j ɑː ɾ	j ɑː ɾ	j ɔː χ	j ɔː χ	j ɔː r	j ɔː r	j ɪə -	j ɪə	j iɐ ɾ	j iɐ ɾ	- iɐ ʁ	iɐ ʁ	j iə -	j iə	j ɪə -	j ɪə	j i ɹ	j i ɹ	j i ɹ	j i ɹ	j iɚ -	j iɚ	- ɔa ɹ	ɔa ɹ	j aː -	j aː	j ɑː r	j ɑː r	j ɔː ʁ	j ɔː ʁ	j ɑː r	j ɑː r	j oː χ	j oː χ	j oː χ	j oː χ	j ɔː χ	j ɔː χ	j ɔː χ	j ɔː χ	j aː r	j aː r	- aʊ r	aʊ r	j ɪɜ ɹ	j ɪɜ ɹ	j oɐ -	j oɐ	j oɐ -	j oɐ	j ɪɛ -	j ɪɛ	j ɛː -	j ɛː	- ɔː χ	ɔː χ			j iə ɹ	j iə ɹ	j ɛː -	j ɛː	ʔ æʊ ʁ	ʔ æʊ ʁ	- oə r	oə r	- iə r	iə r	j ɔ r	j ɔ r
young	j ʌ ŋ - - -	j ʌ ŋ	j ɐ ŋ - - -	j ɐ ŋ	j ʊ ŋ - - -	j ʊ ŋ	j ʌ ŋ - - -	j ʌ ŋ	j ʊ ŋ - - -	j ʊ ŋ	ɡ aː - - - -	ɡ aː	j ʊ ŋ k - -	j ʊ ŋ k	j ʊ ŋ - - -	j ʊ ŋ	ʔ ʊ ŋˀ - - -	ʔ ʊ ŋˀ	j ʌ ŋ - - -	j ʌ ŋ	j ʊ ŋ - - -	j ʊ ŋ	j ʊ ŋ k - -	j ʊ ŋ k	j ʊ ŋ k - -	j ʊ ŋ k	j ɐ ŋ - - -	j ɐ ŋ	j ʌ ŋ - - -	j ʌ ŋ	j ɔ ŋ - - -	j ɔ ŋ	j ʊ ŋ ɡ - -	j ʊ ŋ ɡ	j ɐ ŋ - - -	j ɐ ŋ	j œː ŋ - - -	j œː ŋ	j ɑ ŋ - - -	j ɑ ŋ	j ɔ ŋ - - -	j ɔ ŋ	- ʊ ŋ k ʌ ɹ	ʊ ŋ k ʌ ɹ	j ʊ ŋ - - -	j ʊ ŋ	j ʊ ŋ - - -	j ʊ ŋ	j ʊ ŋ - - -	j ʊ ŋ	j ʊ ŋ k - -	j ʊ ŋ k	j ʊ ŋ - - -	j ʊ ŋ	j ʊ ŋ - - -	j ʊ ŋ	j ʊ ŋ k - -	j ʊ ŋ k	j ʊ ŋ - - -	j ʊ ŋ	j ʊ ŋ ɡ - -	j ʊ ŋ ɡ	- ʊ ŋ k - -	ʊ ŋ k	j ɜ ŋ - - -	j ɜ ŋ	j ʊ ŋ ə - -	j ʊ ŋ ə	j ʊ ŋ - - -	j ʊ ŋ	j ɐ ŋ - - -	j ɐ ŋ	j ʌ ŋ ɡ - -	j ʌ ŋ ɡ	- ʊ ŋ - - -	ʊ ŋ			j ʌ ŋ - - -	j ʌ ŋ	j ɜ ŋ - - -	j ɜ ŋ	- ʉ ŋ - - -	ʉ ŋ	- ɵ ŋ - - -	ɵ ŋ	j ʌ ŋ - - -	j ʌ ŋ	j u ŋ ɡ - -	j u ŋ ɡ
