ID	Asseroy_REF	Asseroy_SEQ	Bjornevatn_REF	Bjornevatn_SEQ	Bo_REF	Bo_SEQ	Borre_REF	Borre_SEQ	Brekke_REF	Brekke_SEQ	Bronnoysund_REF	Bronnoysund_SEQ	Bryne_REF	Bryne_SEQ	Bygstad_REF	Bygstad_SEQ	Dokka_REF	Dokka_SEQ	Dovre_REF	Dovre_SEQ	Eggesboneset_REF	Eggesboneset_SEQ	Elnesvagen_REF	Elnesvagen_SEQ	Fagerhaug_REF	Fagerhaug_SEQ	Flate_REF	Flate_SEQ	Foldvik,Brunlanes_REF	Foldvik,Brunlanes_SEQ	Fyllingsdalen_REF	Fyllingsdalen_SEQ	Fyresdal_REF	Fyresdal_SEQ	Gjora_REF	Gjora_SEQ	Hafrsfjord_REF	Hafrsfjord_SEQ	Halden_REF	Halden_SEQ	Hisoy_REF	Hisoy_SEQ	Hundvag_REF	Hundvag_SEQ	Kaldfarnes_REF	Kaldfarnes_SEQ	Kristiansand_REF	Kristiansand_SEQ	Krogtoft,Borge_REF	Krogtoft,Borge_SEQ	Lillehammer_REF	Lillehammer_SEQ	Lomnes_REF	Lomnes_SEQ	Mandal_REF	Mandal_SEQ	Molde_REF	Molde_SEQ	Morkved_REF	Morkved_SEQ	Naas,Eide_REF	Naas,Eide_SEQ	Nordstrand_REF	Nordstrand_SEQ	Ora_REF	Ora_SEQ	Orkanger_REF	Orkanger_SEQ	Raundalen,Fagnastol_REF	Raundalen,Fagnastol_SEQ	Russland_REF	Russland_SEQ	Saetre_REF	Saetre_SEQ	Sandnessjoen_REF	Sandnessjoen_SEQ	Selfors_REF	Selfors_SEQ	Sorkjosen_REF	Sorkjosen_SEQ	Sortland_REF	Sortland_SEQ	Stange_REF	Stange_SEQ	Stanghelle_REF	Stanghelle_SEQ	Stjordal_REF	Stjordal_SEQ	Stjordalshalsen_REF	Stjordalshalsen_SEQ	Stoa_REF	Stoa_SEQ	Tjotta_REF	Tjotta_SEQ	Tromso_REF	Tromso_SEQ	Trondheim_REF	Trondheim_SEQ	Tynsetsentrum_REF	Tynsetsentrum_SEQ	Undheim_REF	Undheim_SEQ
all	ʔ ɑ ʎː -	ʔ ɑ ʎː	ʔ ɑ ʎː -	ʔ ɑ ʎː	ʔ ɑ lː -	ʔ ɑ lː	ʔ ɑ lː -	ʔ ɑ lː	ʔ ɑ lː -	ʔ ɑ lː	- ɑ ʎː -	ɑ ʎː	- ɑ lː -	ɑ lː	ʔ ɑ lː -	ʔ ɑ lː	ʔ ɑ lː -	ʔ ɑ lː	- ɑ ʎ c	ɑ ʎ c	ʔ ɑ ʎː -	ʔ ɑ ʎː	ʔ ɑ ʎ -	ʔ ɑ ʎ			ʔ ɑ lʲ -	ʔ ɑ lʲ	ʔ ɑ lː -	ʔ ɑ lː			- ɑ lː -	ɑ lː	ʔ ɑ ʎ -	ʔ ɑ ʎ	ʔ a lː -	ʔ a lː	ʔ ɑ lː -	ʔ ɑ lː	ʔ ɑ lː -	ʔ ɑ lː			- ɑ ʎː -	ɑ ʎː	ʔ ɑ lː -	ʔ ɑ lː	ʔ ɑ lʲː -	ʔ ɑ lʲː	- ɑ lː -	ɑ lː	ʔ a ʎ -	ʔ a ʎ	- a lː -	a lː	- ɑ lː -	ɑ lː	ʔ ɑ ʎː -	ʔ ɑ ʎː	ʔ ɑ ʎː -	ʔ ɑ ʎː	ʔ ɑ lː -	ʔ ɑ lː	ʔ ɑ ʎː -	ʔ ɑ ʎː	- ɑ ʎː -	ɑ ʎː			ʔ a l -	ʔ a l	- ɑ lː -	ɑ lː	- ɑ ʎː -	ɑ ʎː	ʔ ɑ ʎː -	ʔ ɑ ʎː	- ɑ lː -	ɑ lː	- ɑ ʎː -	ɑ ʎː	- a lˠː -	a lˠː	ʔ a lː -	ʔ a lː	ʔ ɑ ʎ c	ʔ ɑ ʎ c	ʔ ɑ ʎ c	ʔ ɑ ʎ c	ʔ ɑ lː -	ʔ ɑ lː	ʔ ɑ ʎː -	ʔ ɑ ʎː	ʔ ɑ ʎː -	ʔ ɑ ʎː	ʔ ɑ ʎ -	ʔ ɑ ʎ	- ɑ lˠː -	ɑ lˠː	- ɑ lː -	ɑ lː
andre	ɑ ɲː - - - ə ɳ	ɑ ɲː ə ɳ					ɑ n d - r ə -	ɑ n d r ə					ɑ n d - ɰ ə -	ɑ n d ɰ ə					ɑ n d - ɾ ə -	ɑ n d ɾ ə			ɑ n d - ɾ ɪ ɲ	ɑ n d ɾ ɪ ɲ					ɑ n d - ɾ ə -	ɑ n d ɾ ə					ɑ n d ə ɾ - -	ɑ n d ə ɾ			ɑ n d - ɾ ə -	ɑ n d ɾ ə			a n d - ɰ ə -	a n d ɰ ə							ɑ n d - ɾ ə -	ɑ n d ɾ ə							ɑ n d - ɾ ə -	ɑ n d ɾ ə					ɑ ɲː - - - ə ɳ	ɑ ɲː ə ɳ					a n d - ɾ ə -	a n d ɾ ə																	ɑ ɲː - - - ə ɳ	ɑ ɲː ə ɳ												
blaste	b ɽ ɔ s t -	b ɽ ɔ s t	b l ɔː s t ə	b l ɔː s t ə	b ɽ eː s - -	b ɽ eː s	b l ɔː s t ə	b l ɔː s t ə	b l eː s - -	b l eː s	b ɽ oː s - -	b ɽ oː s	b l æː s t ə	b l æː s t ə	b l oː s t ə	b l oː s t ə	b ɽ eː s - -	b ɽ eː s	b ɽ æː s - -	b ɽ æː s			b ɽ ɛː s - -	b ɽ ɛː s	b ɽ eː s - -	b ɽ eː s	b l oː s t ə	b l oː s t ə	b ɽ ɔ s t ə	b ɽ ɔ s t ə	b l oː s t e	b l oː s t e	b l uː s - -	b l uː s	b ɽ eː s - -	b ɽ eː s	b l oː s t ə	b l oː s t ə	b ɽ oː s t ə	b ɽ oː s t ə	b l oː s t ə	b l oː s t ə	b l oː s t ə	b l oː s t ə	b l ɔ s t ə	b l ɔ s t ə	b l oː s t -	b l oː s t	b l oː s t ə	b l oː s t ə	b ɽ oː s t ə	b ɽ oː s t ə	b ɽ ɑː s - -	b ɽ ɑː s	b l oː s t ə	b l oː s t ə	b ɽ oː s t ə	b ɽ oː s t ə	b ɽ ɔ sː t ə	b ɽ ɔ sː t ə	b ɽ oː s t ə	b ɽ oː s t ə	b l oː s t ə	b l oː s t ə	b ɽ ɔ s t -	b ɽ ɔ s t	b ɽ eː s - -	b ɽ eː s	b l ɑː s - -	b l ɑː s	b lˠ ɔː s t ə	b lˠ ɔː s t ə	b l oː s t ə	b l oː s t ə	b ɽ ɔ s t -	b ɽ ɔ s t	b ɽ ɔ s t -	b ɽ ɔ s t	b l ɔ s t ə	b l ɔ s t ə	b l ɔ s θ ə	b l ɔ s θ ə	b ɽ eː s - -	b ɽ eː s	b l oː s t ə	b l oː s t ə	b ɽ ɑː s - -	b ɽ ɑː s	b ɽ ɔ s t -	b ɽ ɔ s t	b ɽ eː s - -	b ɽ eː s	b ɽ oː s t ə	b ɽ oː s t ə	b l oː s θ ə	b l oː s θ ə	b ɽ ɔ s t -	b ɽ ɔ s t	b ɽ oː s t ə	b ɽ oː s t ə	b l oː s t ə	b l oː s t ə
enige	- eː n i - -	eː n i	- e n i - -	e n i	ʔ eː n iə - -	ʔ eː n iə	ʔ eː n iə - -	ʔ eː n iə	- æɪ n i ɡ ə	æɪ n i ɡ ə	- eː n i - -	eː n i	- eː n i ɡ -	eː n i ɡ	ʔ eː n i ɡ -	ʔ eː n i ɡ	- eː n i - -	eː n i	- eː n i ɡ -	eː n i ɡ			ʔ eː n i - -	ʔ eː n i			ʔ eː n i - -	ʔ eː n i	- eː n iə - -	eː n iə	- eː n i - -	eː n i	ʔ eː n i ɡ ə	ʔ eː n i ɡ ə	- e n i - -	e n i	- eː n iə - -	eː n iə	ʔ eː n i - -	ʔ eː n i	- eː n i - -	eː n i	ʔ eː n i ɡ ə	ʔ eː n i ɡ ə	- eː n i - -	eː n i	- eː n i - -	eː n i	- eː n i - -	eː n i	ʔ eː n i - -	ʔ eː n i	- eː n i - -	eː n i	ʔ eː n ɪ - -	ʔ eː n ɪ	- eː n i - -	eː n i	- eː n i - -	eː n i	ʔ eː n i - -	ʔ eː n i	- eː n - j ə	eː n j ə	- eː n i - -	eː n i	ʔ eː n i - -	ʔ eː n i	ʔ eː n i ɡ -	ʔ eː n i ɡ	- ɛː n - j ə	ɛː n j ə	- æi n i ɡ ə	æi n i ɡ ə	- eː n i - -	eː n i	ʔ eː n i - -	ʔ eː n i	ʔ eː n i - -	ʔ eː n i	- eː n i - -	eː n i	- eː n i - -	eː n i	- ei n i ɰ ə	ei n i ɰ ə	ʔ eː n i - -	ʔ eː n i	- eː n i - -	eː n i	- eː n iə - -	eː n iə	ʔ eː n i - -	ʔ eː n i	ʔ eː n i - -	ʔ eː n i	- eː n i - -	eː n i	ʔ eː n i - -	ʔ eː n i	- eː n i ŋ -	eː n i ŋ
fa	f ɔː	f ɔː	f ɔ	f ɔ	f oː	f oː	f ɔː	f ɔː	f ɔ	f ɔ	f oː	f oː	f ɔ	f ɔ	f ɔ	f ɔ	f ɔ	f ɔ	f ɔ	f ɔ	f ɔ	f ɔ	f ɔ	f ɔ	f ɔ	f ɔ	f ɔ	f ɔ	f ɔ	f ɔ	f ɔ	f ɔ	f ɔ	f ɔ	f ɔ	f ɔ	f ɔ	f ɔ	f oː	f oː	f ɔ	f ɔ	f ɔ	f ɔ	f ɔ	f ɔ	f ɔ	f ɔ	f oː	f oː	f ɔ	f ɔ	f ɔ	f ɔ	f ɔ	f ɔ	f ɔ	f ɔ	f ɔ	f ɔ	f ɔ	f ɔ	f ɔ	f ɔ	f oː	f oː	f oː	f oː	f ɔ	f ɔ	f ɔ	f ɔ	f ɔ	f ɔ	f ɔ	f ɔ	f ɔ	f ɔ	f ɔ	f ɔ	f ɔ	f ɔ	f oː	f oː	f ɔ	f ɔ	f ɔ	f ɔ	f ɔ	f ɔ	f ɔ	f ɔ	f ɔ	f ɔ	f ɔ	f ɔ	f ɔ	f ɔ	f ɔ	f ɔ	f ɔ	f ɔ
forst	f ɐ - ʃ t	f ɐ ʃ t	f ø - ʃ t	f ø ʃ t	f y - s t	f y s t	f ø - ʂ -	f ø ʂ	f y - s t	f y s t	f ø - ʂ ʈ	f ø ʂ ʈ	f ʏ - s t	f ʏ s t	f ø - ʂ t	f ø ʂ t	f ø - ʂ t	f ø ʂ t	f y - s t	f y s t	f y - s t	f y s t	f ø - ʂ t	f ø ʂ t	f ø - s t	f ø s t	f ø - ʂ t	f ø ʂ t	f ø - ʂ t	f ø ʂ t	f ø ɰ s t	f ø ɰ s t	f y - sː -	f y sː	f ø - sː t	f ø sː t	f ø ɰ s t	f ø ɰ s t	f ø - ʂ t	f ø ʂ t	f ø - ʂ t	f ø ʂ t	f ʏ - s t	f ʏ s t	f ø - s t	f ø s t	f ø ɰ̥ s -	f ø ɰ̥ s	f ø - ʂ -	f ø ʂ	f ø - ʂː -	f ø ʂː	f ø - ʂː tʰ	f ø ʂː tʰ	f ø ɰ s t	f ø ɰ s t	f ø - ʂ t	f ø ʂ t	f ø - ʂ t	f ø ʂ t	f ø - ʂ -	f ø ʂ	f ø - ʂ t	f ø ʂ t	f ø - ʃ t	f ø ʃ t	f ø - ʂ t	f ø ʂ t	f ʉ - s t	f ʉ s t	f ø - ʂ ʈ	f ø ʂ ʈ	f y - s t	f y s t	f ø - ʂ t	f ø ʂ t	f ø - ʂ t	f ø ʂ t	f ø - ʃ t	f ø ʃ t	f ø - ʂː -	f ø ʂː	f y - s t	f y s t	f ø ɰ s t	f ø ɰ s t	f ø - ʃ t	f ø ʃ t	f ø - ʃ t	f ø ʃ t	f ø - ʂ t	f ø ʂ t	f ø - ʃː -	f ø ʃː	f ø - ʃː -	f ø ʃː	f ø - ʃ t	f ø ʃ t	f ø - ʃː tʰ	f ø ʃː tʰ	f ʏ - s t	f ʏ s t
frakk	f r ɑ kːʰ -	f r ɑ kːʰ	f ɾ ɑ kː -	f ɾ ɑ kː	f ɾ ɑ kː -	f ɾ ɑ kː	f r ɑ kː -	f r ɑ kː	f ɾ ɑ kː -	f ɾ ɑ kː	f ɾ ɑ kːʰ -	f ɾ ɑ kːʰ	f ɰ a kːʰ -	f ɰ a kːʰ	f ɾ ɑ kː -	f ɾ ɑ kː	f ɾ ɑ kː -	f ɾ ɑ kː	f ɾ ɑʰ kʰː -	f ɾ ɑʰ kʰː	f ɾˠ ɑ kʰː -	f ɾˠ ɑ kʰː	f ɾ ɑ kʰː -	f ɾ ɑ kʰː	f ɾ ɑ kː -	f ɾ ɑ kː	f ɾˠ ɑ kʰː -	f ɾˠ ɑ kʰː	f ɾ ɑ kː -	f ɾ ɑ kː	f ɰ ɑ kː -	f ɰ ɑ kː	f ɾ ɑ kː ə	f ɾ ɑ kː ə	f ɾ ɑ kː -	f ɾ ɑ kː	f ɰ a kʰː -	f ɰ a kʰː	f r ɑ kʰː -	f r ɑ kʰː	f ɰ ɑ kʰː -	f ɰ ɑ kʰː	f ɰ a kʰː -	f ɰ a kʰː	f ɾ ɑ kː ə	f ɾ ɑ kː ə	f ɰ ɑ kʰː -	f ɰ ɑ kʰː	f ɾ ɑ kʰː -	f ɾ ɑ kʰː	f r ɑ kʰː -	f r ɑ kʰː	f ɾ ɑ kʰː -	f ɾ ɑ kʰː	f ɰ a kʰː -	f ɰ a kʰː	f ɾ ɑ kʰː -	f ɾ ɑ kʰː	f ɾ ɑ kʰː -	f ɾ ɑ kʰː	f ɾ ɑ kː -	f ɾ ɑ kː	f ɾ ɑ kː -	f ɾ ɑ kː	f ɾ ɑ kː -	f ɾ ɑ kː	f r ɑ kʰː ə	f r ɑ kʰː ə	f ɰ ɑ kʰː -	f ɰ ɑ kʰː	f ɰ ɑː k -	f ɰ ɑː k	f ɾˠ ɑ kʰː -	f ɾˠ ɑ kʰː	f ɾ ɑ kʰː ə	f ɾ ɑ kʰː ə	f ɾ ɑ kʰː -	f ɾ ɑ kʰː	f ɾ ɑ kʰː -	f ɾ ɑ kʰː	f ɹ ɑ kː -	f ɹ ɑ kː	f ɾ ɑ kː -	f ɾ ɑ kː	f ɰ ɑ kː -	f ɰ ɑ kː	f ɾ ɑ kʰː -	f ɾ ɑ kʰː	f ɾ ɑ kʰː -	f ɾ ɑ kʰː	f ɾ ɑ kː -	f ɾ ɑ kː	f ɾ ɑ kʰː -	f ɾ ɑ kʰː	f ɾ ɑ kː -	f ɾ ɑ kː	f ɾ ɑ kʰː -	f ɾ ɑ kʰː	f ɹ ɑ kʰː -	f ɹ ɑ kʰː	f ʁ a kːʰ -	f ʁ a kːʰ
frakken	f r ɑ kː ə n	f r ɑ kː ə n	f ɾ ɑ kː e n	f ɾ ɑ kː e n	f ɾ ɑ kː ə n	f ɾ ɑ kː ə n	f r ɑ kː ə n	f r ɑ kː ə n	f ɾ ɑ kː ə n	f ɾ ɑ kː ə n	f ɾ ɑ kː ə n	f ɾ ɑ kː ə n	f ɰ ɑ kː ə n	f ɰ ɑ kː ə n	f ɾ ɑ kʰː ə n	f ɾ ɑ kʰː ə n	f ɾ ɑ kː ə n	f ɾ ɑ kː ə n	f ɾ ɑʰ kʰː ə n	f ɾ ɑʰ kʰː ə n			f ɾ ɑ çː ɪ ɲ	f ɾ ɑ çː ɪ ɲ	f ɾ ɑ kː ɪ ɲ	f ɾ ɑ kː ɪ ɲ	f ɾˠ ɑ kː ə n	f ɾˠ ɑ kː ə n	f ɾ ɑ kʰː ə n	f ɾ ɑ kʰː ə n	f ɰ ɑ kː ɛ n	f ɰ ɑ kː ɛ n	f ɾ ɑ çː ə n	f ɾ ɑ çː ə n	f ɾ ɑ çː ə n	f ɾ ɑ çː ə n	f ɰ a kʰː ə n	f ɰ a kʰː ə n	f ɾ ɑ kʰː ə n	f ɾ ɑ kʰː ə n	f ɰ ɑ kː ə n	f ɰ ɑ kː ə n	f ɰ a kʰː ə n	f ɰ a kʰː ə n	f ɾ ɑ kː ə n	f ɾ ɑ kː ə n	f ɰ ɑ kː ɑ -	f ɰ ɑ kː ɑ	f ɾ ɑ kː ə n	f ɾ ɑ kː ə n	f ɾ ɑ kʰː ə n	f ɾ ɑ kʰː ə n	f ɾ ɑ kʰː ə n	f ɾ ɑ kʰː ə n	f ɰ a kʰː ə n	f ɰ a kʰː ə n	f ɾ ɑ kʰː ə n	f ɾ ɑ kʰː ə n	f ɾ ɑ kː e n	f ɾ ɑ kː e n	f ɾ ɑ kː ə n	f ɾ ɑ kː ə n	f ɾ ɑ kː ə n	f ɾ ɑ kː ə n	f ɾ ɑ kː ə n	f ɾ ɑ kː ə n	f ɾ ɑ kʰː ə n	f ɾ ɑ kʰː ə n	f ɰ ɑ kː ə n	f ɰ ɑ kː ə n	f ɰ aː k ə n	f ɰ aː k ə n	f ɾˠ ɑ kː e -	f ɾˠ ɑ kː e	f ɾ ɑ kʰː ə n	f ɾ ɑ kʰː ə n	f ɾ ɑ kʰː ə n	f ɾ ɑ kʰː ə n	f ɾ ɑ kː ə n	f ɾ ɑ kː ə n	f ɾ ɑ kː ə n	f ɾ ɑ kː ə n	f ɾ ɑ kː ə n	f ɾ ɑ kː ə n	f ɰ ɑ kʰː ə n	f ɰ ɑ kʰː ə n	f ɾ ɑ kʰː ə n	f ɾ ɑ kʰː ə n	f ɾ ɑ kʰː ə n	f ɾ ɑ kʰː ə n	f ɾ ɑ kː ə n	f ɾ ɑ kː ə n	f ɾ ɑ kː ə n	f ɾ ɑ kː ə n	f ɾ ɑ kː ə n	f ɾ ɑ kː ə n	f ɾ ɑ k ə n	f ɾ ɑ k ə n	f ɾ ɑ kʰː ə n	f ɾ ɑ kʰː ə n	f ʁ a kː ə n	f ʁ a kː ə n
fram	f ɾ ɑ m	f ɾ ɑ m	f ɾ æ m	f ɾ æ m	f ɾ ɑ mː	f ɾ ɑ mː	f r ɑ mː	f r ɑ mː	f ɾ ɑ m	f ɾ ɑ m	f r æ m	f r æ m	f ɰ ɑ m	f ɰ ɑ m	f ɾ ɑ m	f ɾ ɑ m	f ɾ ɑ mː	f ɾ ɑ mː	f ɾ ɑ m	f ɾ ɑ m	f rˠ ɑ mː	f rˠ ɑ mː	f ɾ ɑ mː	f ɾ ɑ mː	f ɾ ɑ mː	f ɾ ɑ mː	f ɾˠ ɑ m	f ɾˠ ɑ m	f ɾ ɑ mː	f ɾ ɑ mː	f ɰ ɑ m	f ɰ ɑ m	f ɾ ɑ mː	f ɾ ɑ mː	f ɾ ɑ mː	f ɾ ɑ mː	f ɰ a m	f ɰ a m	f ɾ ɑ mː	f ɾ ɑ mː	f ɰ ɑ m	f ɰ ɑ m	f ɰ a m	f ɰ a m			f ɰ ɑ m	f ɰ ɑ m	f ɾ ɑ mː	f ɾ ɑ mː	f ɾ ɑ mː	f ɾ ɑ mː			f ɰ a mː	f ɰ a mː			f ɾ æ m	f ɾ æ m	f ɾ ɑ mː	f ɾ ɑ mː	f ɾ e m	f ɾ e m	f ɾ ɑ mː	f ɾ ɑ mː	f ɾ ɑ m	f ɾ ɑ m	f ɰ ɑ mː	f ɰ ɑ mː	f ʀ ɑː m	f ʀ ɑː m	f ɾˠ ɑ mː	f ɾˠ ɑ mː	f ɾ ɑ m	f ɾ ɑ m	f ɾ a m	f ɾ a m	f ɾ ɑ m	f ɾ ɑ m	f ɹ ɑ mː	f ɹ ɑ mː	f ɾ ɑ mː	f ɾ ɑ mː	f ɰ a m	f ɰ a m	f ɾ ɑ m	f ɾ ɑ m	f ɾ ɑ mː	f ɾ ɑ mː	f ɾ ɑ mː	f ɾ ɑ mː	f ɾ ɑ mː	f ɾ ɑ mː	f ɹ æ m	f ɹ æ m	f ɾ ɑ m	f ɾ ɑ m	f ɾ ɑ mː	f ɾ ɑ mː	f ʁ a m	f ʁ a m
gaande	ɡ oɑ - - - n - ɛ s	ɡ oɑ n ɛ s	ɡ ɔːɑ - - - n - e s	ɡ ɔːɑ n e s	ɡ oːɑ - - - n - - s	ɡ oːɑ n s	ɡ ɔː - - - n̩ - ə -	ɡ ɔː n̩ ə	ɡ oːɑ - - - n d ə -	ɡ oːɑ n d ə	ɡ ɔːɑ - - - n - ə -	ɡ ɔːɑ n ə	ɡ ɔːɑ - - - n - ɛ -	ɡ ɔːɑ n ɛ	ɡ oːə - - - n d ə -	ɡ oːə n d ə	ɡ oːə - - - n - ə -	ɡ oːə n ə	ɡ ɔ - - - n - - -	ɡ ɔ n	ɡ oːɑ - - - nʲ dʲ ə -	ɡ oːɑ nʲ dʲ ə	ɡ oːə - - - n - ɛ s	ɡ oːə n ɛ s	ɡ ɑ ŋː - ɑ ɲ - - -	ɡ ɑ ŋː ɑ ɲ	ɡ oːæ - - - n - ə -	ɡ oːæ n ə	ɡ oːɑ - - - n - ə s	ɡ oːɑ n ə s	ɡ oːe - - - n - ɛ -	ɡ oːe n ɛ	ɡ ɑ ŋ ɡ ɑ n d ə -	ɡ ɑ ŋ ɡ ɑ n d ə	ɡ ɑ ŋː - ɑ ɲ - - -	ɡ ɑ ŋː ɑ ɲ	ɡ oːə - - - n - ə -	ɡ oːə n ə	ɡ oː - - - n̩ - ə -	ɡ oː n̩ ə	ɡ ɔː - - - n̩ - ə -	ɡ ɔː n̩ ə	ɡ oːə - - - n - ə s	ɡ oːə n ə s	ɡ oːɑ - - - n - ə s	ɡ oːɑ n ə s	ɡ oə - - - n - ə -	ɡ oə n ə	ɡ oː - - - n̩ - ə s	ɡ oː n̩ ə s	ɡ ɔː - - - n - ə -	ɡ ɔː n ə	ɡ oː - - - n - ə s	ɡ oː n ə s	ɡ oːə - - - n - ə -	ɡ oːə n ə	ɡ oːə - - - n - ə -	ɡ oːə n ə	ɡ oːə - - - n - ə s	ɡ oːə n ə s	ɡ oːɑ - - - n - - -	ɡ oːɑ n	ɡ ɔə - - - n - ə -	ɡ ɔə n ə	ɡ oːɑ - - - n - - -	ɡ oːɑ n	ɡ ɔːɑ - - - n - ə s	ɡ ɔːɑ n ə s	ɡ oːɑ - - - n - ɛ -	ɡ oːɑ n ɛ	ɡ ɔːə - - - n d ə -	ɡ ɔːə n d ə	ɡ oːɑ - - - n d ɛ -	ɡ oːɑ n d ɛ	ɡ oːɑ - - - n - ə s	ɡ oːɑ n ə s	ɡ oːɑ - - - n - æ s	ɡ oːɑ n æ s	ɡ oːɑ - - - n - ə s	ɡ oːɑ n ə s	ɡ oːɑ - - - n - ə s	ɡ oːɑ n ə s	ɡ oːə - - - n - ə s	ɡ oːə n ə s	ɡ oːɑ - - - n - ə -	ɡ oːɑ n ə	ɡ oːɑ - - - n - ə s	ɡ oːɑ n ə s	ɡ oːɑ - - - n - ə s	ɡ oːɑ n ə s	ɡ oː - - - n̩ - ə s	ɡ oː n̩ ə s	ɡ oːɑ - - - n - ɛ s	ɡ oːɑ n ɛ s	ɡ oːɑ - - - n - - s	ɡ oːɑ n s	ɡ oːə - - - n - ə -	ɡ oːə n ə	ɡ ɔː - - - n̩ - ə -	ɡ ɔː n̩ ə	ɡ ɔːə - - - n - ɛ -	ɡ ɔːə n ɛ
gav	ɡ ɑː -	ɡ ɑː	ɡ ɑ -	ɡ ɑ	ɡ ɑː -	ɡ ɑː	ɡ ɑː -	ɡ ɑː	j ɛ	j ɛ	ɡ ɑː -	ɡ ɑː	ɡ ɑ -	ɡ ɑ	ɡ ɑ -	ɡ ɑ	j iː	j iː	ɡ ɑ -	ɡ ɑ	ɡ ɑː -	ɡ ɑː	ɡ ɑ -	ɡ ɑ	j eː	j eː	j iː	j iː	ɡ ɑ -	ɡ ɑ	ɡ ɑ -	ɡ ɑ	j e	j e	ɡ ɑː -	ɡ ɑː	ɡ a -	ɡ a	ɡ ɑː -	ɡ ɑː	ɡ ɑ -	ɡ ɑ	ɡ ɑ -	ɡ ɑ	ɡ ɑ -	ɡ ɑ	ɡ ɑ -	ɡ ɑ	ɡ ɑ -	ɡ ɑ	ɡ ɑː -	ɡ ɑː	j ɪː	j ɪː	ɡ a -	ɡ a	ɡ ɑ -	ɡ ɑ	ɡ ɑ -	ɡ ɑ	ɡ ɑ -	ɡ ɑ	j iː	j iː	ɡ ɑ ʋ	ɡ ɑ ʋ	ɡ ɑ -	ɡ ɑ	ɡ ɑ ʋ	ɡ ɑ ʋ	ɡ aː f	ɡ aː f	j iː	j iː	ɡ ɑ -	ɡ ɑ	ɡ ɑ -	ɡ ɑ	ɡ ɑ -	ɡ ɑ	ɡ ɑ -	ɡ ɑ	j e	j e	ɡ a -	ɡ a	ɡ ɑ -	ɡ ɑ	ɡ ɑː -	ɡ ɑː	j iː	j iː	ɡ ɑː -	ɡ ɑː	j iː	j iː	g ɑ -	g ɑ	j e	j e	j e	j e
gjelde/regne	j æ ʎ s	j æ ʎ s	ɾ æ ŋ n ɑ -	ɾ æ ŋ n ɑ	j e lː ə	j e lː ə	r æi - n ə s	r æi n ə s					j ɛ lː ɑ	j ɛ lː ɑ	ɾ e k n ɑ -	ɾ e k n ɑ	j e lː ə	j e lː ə	j e ʎː ə	j e ʎː ə							j æ lː ə	j æ lː ə	j e l ə	j e l ə			ɾ e k n ɑ s	ɾ e k n ɑ s					j e lː ə	j e lː ə					ɾ æ ŋ n ɑ -	ɾ æ ŋ n ɑ			j e ʎː -	j e ʎː	j e lː ə	j e lː ə					r æ ŋ n ɑ -	r æ ŋ n ɑ	ɾ æ ŋ n ɑ -	ɾ æ ŋ n ɑ	ɹ æ ŋ n ɑ -	ɹ æ ŋ n ɑ	j e lː ə	j e lː ə	j e ʎː -	j e ʎː	j e ʎː -	j e ʎː							j e ʎ s	j e ʎ s	ɾ æ ŋ n ɑ -	ɾ æ ŋ n ɑ	ɾ æ ŋ n ɑ -	ɾ æ ŋ n ɑ	ɾ æ ŋ n ɑ -	ɾ æ ŋ n ɑ									ɾ æ k n ə -	ɾ æ k n ə	ɹ æ ŋ n ɑ -	ɹ æ ŋ n ɑ	ɾ æ ŋ n ɑ -	ɾ æ ŋ n ɑ			j e lː ə	j e lː ə	j ɛ lː ɑ	j ɛ lː ɑ
godt	ɡ ɔ tːʰ	ɡ ɔ tːʰ	ɡ uː -	ɡ uː	ɡ ɔ tʰː	ɡ ɔ tʰː	ɡ ɔ tː	ɡ ɔ tː	ɡ ɔ tːʰ	ɡ ɔ tːʰ			ɡ ɔ tː	ɡ ɔ tː	ɡ ɔʰ tʰː	ɡ ɔʰ tʰː	ɡ ɔ tː	ɡ ɔ tː	ɡ ɔʰ tː	ɡ ɔʰ tː	ɡ ɔ tʰː	ɡ ɔ tʰː	ɡ ɔ tʰ	ɡ ɔ tʰ	ɡ ɔ tː	ɡ ɔ tː	ɡ ɔ tː	ɡ ɔ tː	ɡ ɔ tʰː	ɡ ɔ tʰː			ɡ øʰ tː	ɡ øʰ tː	ɡ ɔ tʰː	ɡ ɔ tʰː	ɡ ɔ tʰː	ɡ ɔ tʰː	ɡ ɔ tʰː	ɡ ɔ tʰː	ɡ ɔ tʰː	ɡ ɔ tʰː	ɡ ɔ tʰː	ɡ ɔ tʰː	ɡ ɔ tʰː	ɡ ɔ tʰː	ɡ ɔ tʰː	ɡ ɔ tʰː	ɡ ɔ tʰː	ɡ ɔ tʰː	ɡ ɔ tː	ɡ ɔ tː	ɡ ɔ cː	ɡ ɔ cː	ɡ ɔ tʰː	ɡ ɔ tʰː	ɡ ɔ tʰː	ɡ ɔ tʰː	ɡ ɔ tː	ɡ ɔ tː	ɡ ɔ tː	ɡ ɔ tː	ɡ ɔ tʰː	ɡ ɔ tʰː	ɡ ɔ tː	ɡ ɔ tː	ɡ ɔ tʰː	ɡ ɔ tʰː	ɡ ɔ tʰː	ɡ ɔ tʰː	ɡ uː t	ɡ uː t	ɡ ɔ tʰː	ɡ ɔ tʰː	ɡ ɔ cː	ɡ ɔ cː	ɡ ɔ tː	ɡ ɔ tː	ɡ ɔ tʰː	ɡ ɔ tʰː	ɡ ɔ tʰː	ɡ ɔ tʰː	ɡ ɔ tː	ɡ ɔ tː	ɡ ɔ tː	ɡ ɔ tː			ɡ ɔ tʰː	ɡ ɔ tʰː	ɡ ø tː	ɡ ø tː	ɡ ɔ tʲʰː	ɡ ɔ tʲʰː	ɡ ɔ tʰː	ɡ ɔ tʰː	g ɔ t	g ɔ t	ɡ ɔ tʰː	ɡ ɔ tʰː	ɡ ɔ tː	ɡ ɔ tː
inromme	- i ɲ ɾ ø m -	i ɲ ɾ ø m	ʔ i ɲ ɾ ø m -	ʔ i ɲ ɾ ø m			- i nː ɾ ø m ə	i nː ɾ ø m ə	- ɪ nː ɾ ø m ə	ɪ nː ɾ ø m ə	- i ɲ ɾ ø m ə	i ɲ ɾ ø m ə	ʔ i nː ɰ ø m ɑ	ʔ i nː ɰ ø m ɑ	ʔ i nː ɾ ø m ə	ʔ i nː ɾ ø m ə	- i nː ɾ ø m ə	i nː ɾ ø m ə	- i ɲː ɾ ø m ə	i ɲː ɾ ø m ə			ʔ i ɲː ɾ ø m ə	ʔ i ɲː ɾ ø m ə			ʔ i n ɾˠ ø m ə	ʔ i n ɾˠ ø m ə	- i nː ɾ ø m ə	i nː ɾ ø m ə	- i nː ɰ ø m ɛ	i nː ɰ ø m ɛ			- i ɲ ɾ ø m -	i ɲ ɾ ø m	- i nː ɰ ø m æ	i nː ɰ ø m æ	- i nː ɾ ø m ə	i nː ɾ ø m ə	- i nː ɰ ø m ə	i nː ɰ ø m ə	- i nː ɰ ø m æ	i nː ɰ ø m æ	- i ɲː ɾ ø m ə	i ɲː ɾ ø m ə	- i nː ɰ ø m e	i nː ɰ ø m e	- i nʲː r ø m -	i nʲː r ø m	- i nː ɾ ø m ə	i nː ɾ ø m ə	ʔ i ɲː ɾ ø m ə	ʔ i ɲː ɾ ø m ə	ʔ i nː ɰ ø m ə	ʔ i nː ɰ ø m ə	- i nː ɾ ø m ə	i nː ɾ ø m ə	- i ɲ ɾ ø m -	i ɲ ɾ ø m	ʔ i ɲː ɾ ø m -	ʔ i ɲː ɾ ø m	- i nː ɾ ø m ə	i nː ɾ ø m ə	- i nː ɾ ø mː -	i nː ɾ ø mː	- i ɲ r ø m -	i ɲ r ø m	- i nː ɰ ø m ɑ	i nː ɰ ø m ɑ	- ɪ nː ɾ ø m ə	ɪ nː ɾ ø m ə	- i n ɾˠ ø m e	i n ɾˠ ø m e	- i ɲː r ø m -	i ɲː r ø m	- i ɲ r ø m -	i ɲ r ø m	ʔ i nː ɾ ø m ə	ʔ i nː ɾ ø m ə	- i ɲ ɾ ø m -	i ɲ ɾ ø m	- ɪ nː ɾ ø m ə	ɪ nː ɾ ø m ə	ʔ i nː ɰ ø m a	ʔ i nː ɰ ø m a	ʔ i ɲ r ø m -	ʔ i ɲ r ø m	- i ɲ ɾ ø m -	i ɲ ɾ ø m	- ɪ nː ɾ ø m ə	ɪ nː ɾ ø m ə	ʔ i ɲ ɾ ø m -	ʔ i ɲ ɾ ø m	ʔ i ɲ ɾ ø m ə	ʔ i ɲ ɾ ø m ə	- i n ɾ ø m -	i n ɾ ø m	- i nː ɾ ø m ə	i nː ɾ ø m ə	ʔ i nː ʁ ø m ə	ʔ i nː ʁ ø m ə
kjekla	k ɾ ɑ ŋ - ɽ ɑ -	k ɾ ɑ ŋ ɽ ɑ	k ɾ ɑ ŋ - l ɑ -	k ɾ ɑ ŋ l ɑ	k ɾ ɑ ŋ - ɽ ɑ -	k ɾ ɑ ŋ ɽ ɑ	k ɾ ɑ ŋ - ɽ ɑ -	k ɾ ɑ ŋ ɽ ɑ	k ɾ ɑ ŋ - l ɑ -	k ɾ ɑ ŋ l ɑ	k ɾ ɑ ŋ - ɽ ɑ -	k ɾ ɑ ŋ ɽ ɑ	c͡ç e ɡ l ɑ -	c͡ç e ɡ l ɑ	ç ɛ k l ɑ -	ç ɛ k l ɑ	k ɾ ɑ ŋ - ɽ ə -	k ɾ ɑ ŋ ɽ ə	k ɾ ɑ ŋ - l ə -	k ɾ ɑ ŋ l ə			k ɾ ɑ ŋ - ɽ ɑ -	k ɾ ɑ ŋ ɽ ɑ	k ɾ ɑ ŋ - ɽ ɑ -	k ɾ ɑ ŋ ɽ ɑ	k ɾˠ ɑ ŋ - l ɑ -	k ɾˠ ɑ ŋ l ɑ	ç e ɡ ɽ ɑ -	ç e ɡ ɽ ɑ	k ɰ ɑ ŋ - l e t	k ɰ ɑ ŋ l e t	k ɾ ɑ ŋ - l ɑ -	k ɾ ɑ ŋ l ɑ	ç æ k ɽ ɑ -	ç æ k ɽ ɑ	k ɰ a ŋ - l ɑ -	k ɰ a ŋ l ɑ	ç e ɡ ɽ ɑ -	ç e ɡ ɽ ɑ	k ɰ ɑ ŋ - l ɑ -	k ɰ ɑ ŋ l ɑ	k ɰ a ŋ - l ɑ -	k ɰ a ŋ l ɑ	k ɾ ɑ ŋ - l ɑ -	k ɾ ɑ ŋ l ɑ	k ɰ ɑ ŋ - l ɑ -	k ɰ ɑ ŋ l ɑ	k ɾ ɑ ŋ - l ɑ -	k ɾ ɑ ŋ l ɑ	ç e k ɽ ɑ -	ç e k ɽ ɑ	k ɾ a ŋ - ɽ ə -	k ɾ a ŋ ɽ ə	k ɰ a ŋ - l a -	k ɰ a ŋ l a	k ɾ ɑ ŋ - ɽ ɑ -	k ɾ ɑ ŋ ɽ ɑ	k ɾ ɑ ŋ - l ɑ -	k ɾ ɑ ŋ l ɑ	k ɾ ɑ n ɡ ɽ ɑ -	k ɾ ɑ n ɡ ɽ ɑ	k ɾ ɑ ŋ - l ə t	k ɾ ɑ ŋ l ə t	k ɾ ɑ ŋ - ɽ ɑ -	k ɾ ɑ ŋ ɽ ɑ	ç æ k ɽ ɑ -	ç æ k ɽ ɑ	ç e k l ɑ -	ç e k l ɑ	ʃ ɛ k l ə t	ʃ ɛ k l ə t	k ɾˠ ɑ ŋ - l ɑ -	k ɾˠ ɑ ŋ l ɑ	ç æ k ɽ æ -	ç æ k ɽ æ	k ɾ ɑ ŋ - ɽ ɑ -	k ɾ ɑ ŋ ɽ ɑ	k ɾ ɑ ŋ - l ɑ -	k ɾ ɑ ŋ l ɑ	k ɹ ɑ ŋ - l ɑ -	k ɹ ɑ ŋ l ɑ	k ɾ ɑ ŋ - ɽ ə -	k ɾ ɑ ŋ ɽ ə	c͡ç æ k l a -	c͡ç æ k l a	k ɾ ɑ ŋ - l ɑ -	k ɾ ɑ ŋ l ɑ	k ɾ ɑ ŋ - ɽ ɑ -	k ɾ ɑ ŋ ɽ ɑ	k ɾ ɑ ŋ - ɽ ə -	k ɾ ɑ ŋ ɽ ə	k ɾ ɑ ŋ - ɽ æ -	k ɾ ɑ ŋ ɽ æ	k ɾ ɑ ŋ - l ɑ -	k ɾ ɑ ŋ l ɑ	ç æ k ɽ ɑ -	ç æ k ɽ ɑ	k ɾ ɑ ŋ - ɽ ɑ -	k ɾ ɑ ŋ ɽ ɑ	k ʁ a ŋ - l ɑ -	k ʁ a ŋ l ɑ
kom	kʰ u mː	kʰ u mː	kʰ ɔ mː	kʰ ɔ mː	kʰ ɔ mː	kʰ ɔ mː	kʰ ɔ mː	kʰ ɔ mː	k o m	k o m	kʰ ɔ mː	kʰ ɔ mː	kʰ ɔ m	kʰ ɔ m	kʰ ɔ mː	kʰ ɔ mː	kʰ ɔ mː	kʰ ɔ mː	k ɔ mː	k ɔ mː	kʰ u mː	kʰ u mː	kʰ o m	kʰ o m	kʰ u mː	kʰ u mː	kʰ ɔ mː	kʰ ɔ mː	k ɔ m	k ɔ m	kʰ ɔ m	kʰ ɔ m	k ɔ mː	k ɔ mː	kʰ u m	kʰ u m	kʰ ɔ mː	kʰ ɔ mː	kʰ ɔ m	kʰ ɔ m	kʰ ɔ m	kʰ ɔ m	kʰ ɔ mː	kʰ ɔ mː	kʰ ɔ mː	kʰ ɔ mː	kʰ ɔ m	kʰ ɔ m	kʰ ɔ mː	kʰ ɔ mː	kʰ ɔ mː	kʰ ɔ mː	kʰ ɔ mː	kʰ ɔ mː	kʰ ɔ mː	kʰ ɔ mː	kʰ ɔ m	kʰ ɔ m	kʰ o m	kʰ o m	k ɔ mː	k ɔ mː	kʰ ɔ mː	kʰ ɔ mː	kʰ u mː	kʰ u mː	kʰ u mː	kʰ u mː	kʰ ɔ m	kʰ ɔ m	kʰ u m	kʰ u m	kʰ ɔ mː	kʰ ɔ mː	kʰ ɔ mː	kʰ ɔ mː	kʰ ɔ mː	kʰ ɔ mː	k ɔ m	k ɔ m	kʰ u m	kʰ u m	kʰ ɔ mː	kʰ ɔ mː	kʰ o m	kʰ o m	kʰ u mː	kʰ u mː	kʰ u mː	kʰ u mː	kʰ ɔ mː	kʰ ɔ mː	kʰ ɔ mː	kʰ ɔ mː	k ɔ m	k ɔ m	k o m	k o m	kʰ ɔ mː	kʰ ɔ mː	kʰ ɔ m	kʰ ɔ m
kun	k ʉ ɲ - -	k ʉ ɲ	k ʉ ɲː - e	k ʉ ɲː e	k u nː - ə	k u nː ə	kʰ ʉ n - ə	kʰ ʉ n ə	k ʉ n - e	k ʉ n e	kʰ ʉ ɲ - ə	kʰ ʉ ɲ ə	kʰ u n - e	kʰ u n e	k ʉ n - ə	k ʉ n ə	kʰ ʉ n - ə	kʰ ʉ n ə	k ʉ ɲː - -	k ʉ ɲː	k u n d ə	k u n d ə	kʰ u ɲ - ə	kʰ u ɲ ə	k ʉ ɲ - -	k ʉ ɲ	kʰ ʉ n - ə	kʰ ʉ n ə	k ʉ nː - ə	k ʉ nː ə	k ʉ nː - e	k ʉ nː e	kʰ u n - ə	kʰ u n ə	k ʉ ɲː - -	k ʉ ɲː	k ʉ n - ə	k ʉ n ə	kʰ ʉ nː - ə	kʰ ʉ nː ə	kʰ ʉ n - ə	kʰ ʉ n ə	kʰ u nː - ə	kʰ u nː ə	k ʉ ɲ - ə	k ʉ ɲ ə	kʰ ʉ n - e	kʰ ʉ n e	k ʉ nʲ - ə	k ʉ nʲ ə	k ʉ n - ə	k ʉ n ə	kʰ ʉ n - ə	kʰ ʉ n ə	kʰ ʉ n - ə	kʰ ʉ n ə	kʰ ʉ n - e	kʰ ʉ n e	k ʉ ɲː - ə	k ʉ ɲː ə	k ʉ ɲ - ə	k ʉ ɲ ə	kʰ ʉ n - ə	kʰ ʉ n ə	k ʉ ɲ - -	k ʉ ɲ	k u ɲː - -	k u ɲː	k ʉ n - ə	k ʉ n ə	k ʉ nː - ə	k ʉ nː ə	kʰ u n - e	kʰ u n e	k ʉ ɲ - -	k ʉ ɲ	k ʉ ɲ - -	k ʉ ɲ	kʰ ʉ n - ə	kʰ ʉ n ə	k ʉ - - -	k ʉ	kʰ ʉ n - ə	kʰ ʉ n ə	k ʉ n - e	k ʉ n e	k ʉ ɲ - -	k ʉ ɲ	k ʉ ɲ - -	k ʉ ɲ	kʰ ʉ n - ə	kʰ ʉ n ə	k ʉ j - -	k ʉ j	kʰ ʉ ɲ - -	kʰ ʉ ɲ	k ʉ n - -	k ʉ n	kʰ ʉ n - ə	kʰ ʉ n ə	kʰ ʉ n - e	kʰ ʉ n e
kven	- - kʰ - æ m	kʰ æ m	- - kʰ - e m	kʰ e m	h ɔ kː - ə n	h ɔ kː ə n	ʋ e mː -	ʋ e mː	- - kʰ - e m	kʰ e m	ʋ æ mː -	ʋ æ mː	- - kʰ - e m	kʰ e m	- - kʰ - ɛ m	kʰ ɛ m	h ɔ kː - ə n	h ɔ kː ə n	- - kʰ - e m	kʰ e m	- - kʰ - e nːʲ	kʰ e nːʲ	- - kʰ - ɑ m	kʰ ɑ m	- - k ʋ ɑ ɲ	k ʋ ɑ ɲ	- - kʰ - æ n	kʰ æ n	ʋ e m -	ʋ e m	ʋ æ m -	ʋ æ m	- - k ʋ e nː	k ʋ e nː	- - kʰ - ɑ ɲː	kʰ ɑ ɲː	- - k - e n	k e n	ʋ e m -	ʋ e m	ʋ e mː -	ʋ e mː	- - kʰ - e m	kʰ e m	- - kʰ - æ m	kʰ æ m	ʋ ɛ mː -	ʋ ɛ mː	- - kʰ - ɛ m	kʰ ɛ m	ʋ e m -	ʋ e m	- ɔ kː - ə n	ɔ kː ə n	ʋ e mː -	ʋ e mː	- - kʰ - æ m	kʰ æ m	- - kʰ - ɛ m	kʰ ɛ m	- - kʰ - æ mː	kʰ æ mː	ʋ e m -	ʋ e m	- - kʰ - æ mː	kʰ æ mː	- - kʰ - æ m	kʰ æ m	- - kʰ - ɛ mː	kʰ ɛ mː	ʋ ɛ m -	ʋ ɛ m	- - kʰ - ɛ n	kʰ ɛ n	- - kʰ - ɛ mː	kʰ ɛ mː	- - kʰ - æ mː	kʰ æ mː	- - kʰ - æ mː	kʰ æ mː	- - kʰ - æ n	kʰ æ n	- ɔ kː - ə n	ɔ kː ə n	- - kʰ - æ m	kʰ æ m	- - kʰ - æ m	kʰ æ m	- - kʰ - æ mː	kʰ æ mː	h ø kː - ə n	h ø kː ə n	- - kʰ - æ mː	kʰ æ mː	- - kʰ - æ mː	kʰ æ mː	v æ m ɑ	v æ m ɑ	ʋ ɛ m -	ʋ ɛ m	- - kʰ - ɛ m	kʰ ɛ m
makt	m ɑ k t -	m ɑ k t	m ɑ k t -	m ɑ k t	m ɑ kʰ tʰ -	m ɑ kʰ tʰ	m ɑ k t -	m ɑ k t	m ɑ kʰ tʰ -	m ɑ kʰ tʰ	m ɑ kʰ tʰ -	m ɑ kʰ tʰ	m ɑ k t -	m ɑ k t	m ɑ k t -	m ɑ k t	m ɑ kʰ tʰ -	m ɑ kʰ tʰ			m ɑ kʰ tʰ -	m ɑ kʰ tʰ	m ɑ kʰ tʰ -	m ɑ kʰ tʰ	m ɑ k t ɑ	m ɑ k t ɑ	m ɑ kʰ tʰ -	m ɑ kʰ tʰ	m ɑ kʰ tʰ -	m ɑ kʰ tʰ			m ɑ kʰ tʰ -	m ɑ kʰ tʰ	m ɑ k t -	m ɑ k t	m a kʰ tʰ -	m a kʰ tʰ	m ɑ kʰ tʰ -	m ɑ kʰ tʰ	m ɑ kʰ tʰ -	m ɑ kʰ tʰ			m ɑ kʰ t -	m ɑ kʰ t	m ɑ kʰ tʰ -	m ɑ kʰ tʰ	m ɑ kʰ tʰ -	m ɑ kʰ tʰ	m ɑ k t -	m ɑ k t	m ɑ kʰ tʰ -	m ɑ kʰ tʰ	m a k t -	m a k t	m ɑ kʰ tʰ -	m ɑ kʰ tʰ	m ɑ k tʰ -	m ɑ k tʰ	m ɑ kʰ tʰ -	m ɑ kʰ tʰ	m ɑ kʰ tʰ -	m ɑ kʰ tʰ	m ɑ k t -	m ɑ k t	m ɑ kʰ tʰ -	m ɑ kʰ tʰ			m ɑ k t -	m ɑ k t	m ɑ kʰ tʰ -	m ɑ kʰ tʰ	m ɑ kʰ tʰ -	m ɑ kʰ tʰ	m ɑ kʰ tʰ -	m ɑ kʰ tʰ	m ɑ kʰ tʰ -	m ɑ kʰ tʰ	m ɑ kʰ tʰ -	m ɑ kʰ tʰ	m ɑ kʰ tʰ -	m ɑ kʰ tʰ	m a kʰ tʰ -	m a kʰ tʰ					m ɑ kʰ tʰ -	m ɑ kʰ tʰ	m ɑ kʰ tʰ -	m ɑ kʰ tʰ	m ɑ kʰ tʰ -	m ɑ kʰ tʰ	m ɑ k tʰ -	m ɑ k tʰ	m ɑ x tʰ -	m ɑ x tʰ	m a kʰ tʰ -	m a kʰ tʰ
mann	m ɑ ɲː	m ɑ ɲː	m ɑ ɲː	m ɑ ɲː	m ɑ nː	m ɑ nː	m ɑ nː	m ɑ nː	m ɑ nː	m ɑ nː	m ɑ ɲː	m ɑ ɲː	m ɑ nˠː	m ɑ nˠː	m ɑ nː	m ɑ nː	m ɑ nː	m ɑ nː	m ɑ ɲː	m ɑ ɲː	m ɑ ɲː	m ɑ ɲː	m ɑ ɲː	m ɑ ɲː	m ɑ ɲː	m ɑ ɲː	m ɑ nː	m ɑ nː	m ɑ nː	m ɑ nː	m ɑ nː	m ɑ nː	m ɑ nː	m ɑ nː	m ɑ ɲː	m ɑ ɲː	m a nː	m a nː	m ɑ nː	m ɑ nː	m ɑ nː	m ɑ nː	m a nː	m a nː	m ɑ ɲː	m ɑ ɲː	m ɑ nː	m ɑ nː	m ɑ ɲː	m ɑ ɲː	m ɑ nː	m ɑ nː	m a ɲː	m a ɲː	m a nː	m a nː	m ɑ nː	m ɑ nː	m ɑ ɲː	m ɑ ɲː	m ɑ ɲː	m ɑ ɲː	m ɑ nː	m ɑ nː	m ɑ ɲː	m ɑ ɲː			m ɑ nː	m ɑ nː	m ɑː n	m ɑː n	m ɑ n	m ɑ n	m ɑ ɲː	m ɑ ɲː	m ɑ ɲː	m ɑ ɲː	m ɑ nː	m ɑ nː	m ɑ ɲː	m ɑ ɲː	m a nː	m a nː	m ɑ nː	m ɑ nː	m ɑ ɲː	m ɑ ɲː	m ɑ ɲː	m ɑ ɲː	m ɑ nː	m ɑ nː	m ɑ ɲː	m ɑ ɲː	m ɑ ɲː	m ɑ ɲː	m ɑ nː	m ɑ nː	m ɑ nː	m ɑ nː	m a nː	m a nː
mannen	m ɑ ɲː - -	m ɑ ɲː	m ɑ ɲː - -	m ɑ ɲː	m ɑ nː - -	m ɑ nː	m ɑ nː - n̩	m ɑ nː n̩	m ɑ nː̩ - -	m ɑ nː̩			m ɑː n - -	m ɑː n	m ɑ nː - n̩	m ɑ nː n̩	m ɑ nː - n̩	m ɑ nː n̩	m ɑ ɲː - -	m ɑ ɲː	m ɑ ɲː ɪ -	m ɑ ɲː ɪ	m ɑː ɲ - -	m ɑː ɲ	m ɑ ɲ - -	m ɑ ɲ	m ɑ nː - -	m ɑ nː	m ɑ nː - n̩	m ɑ nː n̩	m ɑːɑ n - -	m ɑːɑ n	m ɑ nː ə n	m ɑ nː ə n	m ɑ ɲː - -	m ɑ ɲː	m a nː ə n	m a nː ə n	m ɑ nː - -	m ɑ nː	m ɑ nː - n̩	m ɑ nː n̩	m a nː ə n	m a nː ə n	m ɑː ɲ - -	m ɑː ɲ	m ɑ nː ə n	m ɑ nː ə n	m ɑː nʲ - -	m ɑː nʲ	m ɑ nː - -	m ɑ nː	m a ɲ - -	m a ɲ	m a nː ə n	m a nː ə n	m ɑ nː - n̩	m ɑ nː n̩	m ɑ ɲː - -	m ɑ ɲː	m ɑː ɲ - -	m ɑː ɲ	m ɑ nː - n̩	m ɑ nː n̩	m ɑ ɲː - -	m ɑ ɲː	m ɑ ɲː - -	m ɑ ɲː	m ɑ nː - -	m ɑ nː	m a nː ə n	m a nː ə n	m ɑ nː e -	m ɑ nː e	m ɑ ɲː - -	m ɑ ɲː	m ɑ ɲː - -	m ɑ ɲː	m ɑ nː - -	m ɑ nː	m ɑː ɲ - -	m ɑː ɲ	m a nː ɑ -	m a nː ɑ	m ɑː n - -	m ɑː n	m ɑ ɲː - -	m ɑ ɲː	m ɑ ɲː - -	m ɑ ɲː	m ɑ nː - -	m ɑ nː	m ɑː ɲ - -	m ɑː ɲ	m ɑː ɲ - -	m ɑː ɲ	m ɑː n̩ - -	m ɑː n̩	m ɑ nː - n̩	m ɑ nː n̩	m aː n ə n	m aː n ə n
matte	m ɔ t -	m ɔ t	m ɔ t ə	m ɔ t ə	m ɔ tːʰ ə	m ɔ tːʰ ə	m ɔ t ə	m ɔ t ə	m ɔ t ə	m ɔ t ə	m ɔ t -	m ɔ t	m ɔ tː ə	m ɔ tː ə	m ɔ tː ə	m ɔ tː ə	m ɔ t ə	m ɔ t ə	m ɔ t ə	m ɔ t ə	m ɔ tː ə	m ɔ tː ə	m ɔ t ə	m ɔ t ə	m ɔ t -	m ɔ t	m ɔ t ə	m ɔ t ə	m ɔ t ə	m ɔ t ə	m ɔ t -	m ɔ t	m ɔ tː ə	m ɔ tː ə	m ɔ tː -	m ɔ tː	m ɔ t ə	m ɔ t ə	m ɔ t ə	m ɔ t ə	m ɔ t ə	m ɔ t ə	m ɔ tː ə	m ɔ tː ə	m ɔ t ə	m ɔ t ə	m ɔ t ə	m ɔ t ə	m ɔ t ə	m ɔ t ə	m ɔ tː ə	m ɔ tː ə	m ɔ t ə	m ɔ t ə	m ɔ tː ə	m ɔ tː ə	m ɔ t e	m ɔ t e	m ɔ t ɛ	m ɔ t ɛ	m ɔ t ə	m ɔ t ə	m ɔ t ə	m ɔ t ə	m ɔ t -	m ɔ t	m ɔ tː -	m ɔ tː	m ɔ t ə	m ɔ t ə	m ɔ tː ə	m ɔ tː ə	m ɔ t e	m ɔ t e	m ɔ t -	m ɔ t	m ɔ t -	m ɔ t	m ɔ t ə	m ɔ t ə	m ɔ tː ə	m ɔ tː ə	m ɔ t ə	m ɔ t ə	m ɔ tː e	m ɔ tː e	m ɔ t -	m ɔ t	m ɔ tː -	m ɔ tː	m ɔ t ə	m ɔ t ə	m ɔ tː -	m ɔ tː	m ɔ t ə	m ɔ t ə	m ɔ t -	m ɔ t	m ɔ t ə	m ɔ t ə	m ɔ t ə	m ɔ t ə
med	m e -	m e	m e -	m e	m e -	m e	m e -	m e	m ə -	m ə	m eː -	m eː	m e -	m e	m - -	m	m eː -	m eː	m e -	m e	m eɪ ɲ	m eɪ ɲ	m æ -	m æ	m ə -	m ə	m e -	m e	m e -	m e	m e -	m e	m ə -	m ə	m e -	m e	m e -	m e	m e -	m e	m eː -	m eː	m e -	m e	m e -	m e	m ə -	m ə	m e -	m e	m e -	m e	m ɛ -	m ɛ	m e -	m e	m e -	m e	m e -	m e	m ɛ -	m ɛ	m e -	m e	m ə -	m ə	m e -	m e	m e -	m e	m ɛ -	m ɛ	m e -	m e	m æ -	m æ	m æ -	m æ	m ə -	m ə	m e -	m e	m ɛː -	m ɛː	m e -	m e	m e -	m e	m ə -	m ə	m eː -	m eː	m æː -	m æː	m e -	m e	m eː n̩	m eː n̩	m ɛ -	m ɛ	m e -	m e
meir	m æi ɾ - -	m æi ɾ	m eː - - -	m eː	m æi ɾ - -	m æi ɾ	m eː ɾ - -	m eː ɾ	m æɪ ɾ - -	m æɪ ɾ	m ei ɾ - -	m ei ɾ			m æi ɾ - -	m æi ɾ	m eː - - -	m eː	m æi - - -	m æi	m æi ɾˠ - -	m æi ɾˠ	m æː - - -	m æː	m eː ɾ - -	m eː ɾ	m æi ɾˠ - -	m æi ɾˠ	m eː ɾ - -	m eː ɾ			m æi - - -	m æi	m æi ɾ - -	m æi ɾ			m eː ɾ - -	m eː ɾ					m ɛi ɾ - -	m ɛi ɾ			m ei ɾ - -	m ei ɾ	m eː ɾ - -	m eː ɾ	m eː ɾ - -	m eː ɾ			m æi ɾ - -	m æi ɾ	m eː ɾ - -	m eː ɾ	m æː ɾ - -	m æː ɾ	m eː ɾ - -	m eː ɾ	m eː ɾ - -	m eː ɾ	m eː ɾ - -	m eː ɾ			m eː ɾˠ - -	m eː ɾˠ	m æi ɾˠ - -	m æi ɾˠ	m ei ɾ - -	m ei ɾ	m eɪ ɾ - -	m eɪ ɾ	m eː ɾ - -	m eː ɾ	m eɪ ɾ - -	m eɪ ɾ	m eː ɾ - -	m eː ɾ			m eː - - -	m eː	m ei ɾ - -	m ei ɾ	m eː ɾ - -	m eː ɾ	m ei ɾ - -	m ei ɾ	m eː ɾ - -	m eː ɾ	m eː ɾ ɑ n	m eː ɾ ɑ n	m eː ɾ - -	m eː ɾ	m æ ʁː - -	m æ ʁː
nordavinden	n uː ɽ - ɑ ʋ i ɲ - - -	n uː ɽ ɑ ʋ i ɲ	n uː ɾ - ɑ ʋ i ɲ - - -	n uː ɾ ɑ ʋ i ɲ	n uː ɽ - ɑ ʋ i n - - -	n uː ɽ ɑ ʋ i n	n uː ɾ - ɑ ʋ i nː̩ - - -	n uː ɾ ɑ ʋ i nː̩	n uː ɾˠ - ɑ v ɪ n d - n̩	n uː ɾˠ ɑ v ɪ n d n̩	n uː ɾ - ɑ ʋ i ɲ - - -	n uː ɾ ɑ ʋ i ɲ	n uː ɰ - ɑ ʋ i nː̩ - - -	n uː ɰ ɑ ʋ i nː̩	n oː ɾˠ - ɑ ʋ ɪ n d - n̩	n oː ɾˠ ɑ ʋ ɪ n d n̩	n u ɽ - ɑ ʋ i nː̩ - - -	n u ɽ ɑ ʋ i nː̩	n uː ɽ - ɑ ʋ i ɲ - - -	n uː ɽ ɑ ʋ i ɲ	n ɔː ɾˠ - ɑ v ɪ n d ɪ -	n ɔː ɾˠ ɑ v ɪ n d ɪ	n uː ɾ - ɑ ʋ i ɲ - - -	n uː ɾ ɑ ʋ i ɲ	n uː ɾ - ɑ ʋ e ɲ - - -	n uː ɾ ɑ ʋ e ɲ	n uː ɾˠ - ɑ ʋ i n - - -	n uː ɾˠ ɑ ʋ i n	n u ɽ - ɑ ʋ i nː̩ - - -	n u ɽ ɑ ʋ i nː̩	n uː ɰ - ɑ ʋ i n - - -	n uː ɰ ɑ ʋ i n	n uː ɾ - ɑ ʋ i nː̩ - - -	n uː ɾ ɑ ʋ i nː̩	n uː ɾ - ɑ ʋ i nː - - -	n uː ɾ ɑ ʋ i nː	n uː ɰ - ɑ ʋ i nː - ə n	n uː ɰ ɑ ʋ i nː ə n	n uː ɾ - ɑ ʋ i nː - - -	n uː ɾ ɑ ʋ i nː	n uː ɰ - ɑ ʋ i nː̩ - - -	n uː ɰ ɑ ʋ i nː̩	n uː ɰ - ɑ ʋ i n - ə n	n uː ɰ ɑ ʋ i n ə n	n uː ɾ - ɑ ʋ i ɲ - - -	n uː ɾ ɑ ʋ i ɲ	n uː ɰ - ɑ ʋ i n - - -	n uː ɰ ɑ ʋ i n	n uː ɾ - ɑ ʋ i nʲ - - -	n uː ɾ ɑ ʋ i nʲ	n uː ɾ - ɑ ʋ i n - - -	n uː ɾ ɑ ʋ i n	n uː ɽ - a ʋ ɪ ɲ - - -	n uː ɽ a ʋ ɪ ɲ	n uː ɰ - ɑ ʋ i nː̩ - - -	n uː ɰ ɑ ʋ i nː̩	n uː r - ɑ ʋ i nː̩ - - -	n uː r ɑ ʋ i nː̩	n uː ɾ - ɑ ʋ i ɲ - - -	n uː ɾ ɑ ʋ i ɲ	n uː ɾ - ɑ ʋ i ɲ - - -	n uː ɾ ɑ ʋ i ɲ	n uː ɾ - ɑ ʋ i nː̩ - - -	n uː ɾ ɑ ʋ i nː̩	n uː ɽ - ɑ ʋ i ɲ - - -	n uː ɽ ɑ ʋ i ɲ	n uː ɽ - ɑ ʋ i ɲ - - -	n uː ɽ ɑ ʋ i ɲ	n uː ɰ - ɑ ʋ i n d - n̩	n uː ɰ ɑ ʋ i n d n̩	n uː ɰ d a ʋ i n - ə n	n uː ɰ d a ʋ i n ə n	n u ɾˠ - ɑ ʋ i n d ɛ -	n u ɾˠ ɑ ʋ i n d ɛ	n uː ɽ - a ʋ i nʲ - - -	n uː ɽ a ʋ i nʲ	n uː ɾ - ɑ ʋ i n - - -	n uː ɾ ɑ ʋ i n	n uː ɾ - ɑ ʋ i n - - -	n uː ɾ ɑ ʋ i n	n uː ɹ - ɑ ʋ i ɲ - - -	n uː ɹ ɑ ʋ i ɲ	n uː ɽ - ɑ ʋ ɪ n - - -	n uː ɽ ɑ ʋ ɪ n	n uː ɰ - ɑ ʋ i nː̩ - - -	n uː ɰ ɑ ʋ i nː̩	n uː ɽ - ɑ ʋ i ɲ - - -	n uː ɽ ɑ ʋ i ɲ	n uː ɾ - ɑ ʋ i ɲ - - -	n uː ɾ ɑ ʋ i ɲ	n uː ɽ - ɑ ʋ ɪ nː - - -	n uː ɽ ɑ ʋ ɪ nː	n uː ɾ - ɑ ʋ ɪ nː̩ - - -	n uː ɾ ɑ ʋ ɪ nː̩	n uː ɾ - ɑ ʋ i ɲ - - -	n uː ɾ ɑ ʋ i ɲ	n uː ɾ - ɑ v i nː - - -	n uː ɾ ɑ v i nː	n uː ɾ - ɑ ʋ i nː̩ - - -	n uː ɾ ɑ ʋ i nː̩	n uː ʁ - a ʋ i nː̩ - - -	n uː ʁ a ʋ i nː̩
opp	- u pːʰ	u pːʰ	- u pː	u pː	- u p̩	u p̩	- ɔ pː	ɔ pː	- u pːʰ	u pːʰ	- u pʰː	u pʰː	- ɔ pʰː	ɔ pʰː	- u pʰː	u pʰː	- u p	u p	- ʉʰ pː	ʉʰ pː	- u pʰː	u pʰː	- u pʰː	u pʰː			- u pʰ	u pʰ	- ɔ pʰː	ɔ pʰː	- ɔ pː	ɔ pː	- u pːʰ	u pːʰ	- u pʰː	u pʰː	- ɔ pʰː	ɔ pʰː	- ɔ pʰː	ɔ pʰː	- u pːʰ	u pːʰ	- ɔ pʰː	ɔ pʰː	- u pʰː	u pʰː	- u pʰː	u pʰː	- u pʰː	u pʰː	- ɔ pʰː	ɔ pʰː	- u pʰ	u pʰ	ʔ u pʰ	ʔ u pʰ	- u pʰː	u pʰː	- u pʰː	u pʰː	- u pʰː	u pʰː	- ɔ pʰ	ɔ pʰ	- u pʰː	u pʰː	- u pʰː	u pʰː	- u pʰː	u pʰː	ʔ o pʰ	ʔ o pʰ	- u pʰ	u pʰ	- u pʰː	u pʰː	- u pʰː	u pʰː	- u pʰː	u pʰː	- u pʰː	u pʰː	- u pʰː	u pʰː	- u pʰː	u pʰː	- u pʰː	u pʰː	- u pʰː	u pʰː	- u p	u p	ʔ u pʰː	ʔ u pʰː			- u pʰ	u pʰ	ʔ ɔ pʰː	ʔ ɔ pʰː	- ɔ pʰː	ɔ pʰː
pa	pʰ ɔ	pʰ ɔ	p ɔ	p ɔ	p ɔ	p ɔ	p ɔ	p ɔ	p ɔ	p ɔ	pʰ ɔː	pʰ ɔː	pʰ ɔ	pʰ ɔ	p ɔ	p ɔ	p ɔ	p ɔ	p ɔ	p ɔ	p ɔ	p ɔ	p o	p o	p ɔ	p ɔ	p ɔ	p ɔ	p ɔ	p ɔ	p ɔ	p ɔ	p ɔ	p ɔ	p ɔ	p ɔ	pʰ oː	pʰ oː	p ɔ	p ɔ	p ɔ	p ɔ	p ɔ	p ɔ	pʰ ɔ	pʰ ɔ	p ɔ	p ɔ	p ɔ	p ɔ	p ɔ	p ɔ	p ɔ	p ɔ	p ɔ	p ɔ	p ɔ	p ɔ	p ɔ	p ɔ	p ɔ	p ɔ	p ɔ	p ɔ	p ɔ	p ɔ	pʰ oː	pʰ oː	p ɔ	p ɔ	p ɔ	p ɔ	p ɔ	p ɔ	p ɔ	p ɔ	p ɔ	p ɔ	p ɔ	p ɔ	ɸ ɔ	ɸ ɔ	p ɔ	p ɔ	p ɔ	p ɔ	pʰ oː	pʰ oː	pʰ oː	pʰ oː	p ɔ	p ɔ	p ɔ	p ɔ	p ɔ	p ɔ	p o	p o	p ɔ	p ɔ	p ɔ	p ɔ
rund	ɾ ʉ ɲː c	ɾ ʉ ɲː c	ɾ ʉ ɲː c	ɾ ʉ ɲː c	r u n t	r u n t	r ʉ n t	r ʉ n t	ɾ u n t	ɾ u n t			ɰ u n t	ɰ u n t	ɾ ʉ n t	ɾ ʉ n t	ɾ ʉ n t	ɾ ʉ n t	ɾ u n t	ɾ u n t	ɾˠ u n t	ɾˠ u n t	ɾ ʉ ɲ c	ɾ ʉ ɲ c	ɾ u ɲː c	ɾ u ɲː c	ɾˠ ʉ n t	ɾˠ ʉ n t			ɰ ʉ n t	ɰ ʉ n t	ɾ u n t	ɾ u n t	ɾ u n t	ɾ u n t	ɰ u n t	ɰ u n t	ɾ ʉ n t	ɾ ʉ n t	ɰ ʉ n t	ɰ ʉ n t	ɰ u n t	ɰ u n t	ɾ ʉ ɲ c	ɾ ʉ ɲ c	ɰ ʉ n -	ɰ ʉ n	ɾ ʉ n t	ɾ ʉ n t	ɾ ʉ n t	ɾ ʉ n t	ɾ ʉ ɲ c	ɾ ʉ ɲ c	ɰ ʉ n t	ɰ ʉ n t	ɾ ʉ n t	ɾ ʉ n t	ɾ ʉ ɲː c	ɾ ʉ ɲː c	ɾ ʉ ɲ c	ɾ ʉ ɲ c	ɾ ʉ n t	ɾ ʉ n t			r u ɲ c	r u ɲ c	ɰ u n t	ɰ u n t	ɰ u n t	ɰ u n t	ɾˠ u n t	ɾˠ u n t	ɾ ʉ ɲ c	ɾ ʉ ɲ c	ɾ ʉ ɲ c	ɾ ʉ ɲ c	ɾ ʉ n t	ɾ ʉ n t	ɹ ʉ ɲː -	ɹ ʉ ɲː	ɾ ʉ n t	ɾ ʉ n t	ɰ u n t	ɰ u n t	ɾ ʉ ɲ c	ɾ ʉ ɲ c	ɾ ʉ ɲ c	ɾ ʉ ɲ c	ɾ ʉ n t	ɾ ʉ n t	ɾ ʉ ɲ c	ɾ ʉ ɲ c	ɾ ʉ ɲː -	ɾ ʉ ɲː	ɾ ʉ n t	ɾ ʉ n t	ɾ ʉ n t	ɾ ʉ n t	ʁ u n t	ʁ u n t
seg	s æ -	s æ	s æ -	s æ	s ei -	s ei	s æ -	s æ	s ɛː ɰ	s ɛː ɰ	s ɛ -	s ɛ	s e -	s e	s eː ɡ	s eː ɡ	s æi -	s æi	s e -	s e	s ɪ -	s ɪ	s ɛ -	s ɛ	s ɛ -	s ɛ	s e -	s e	s æ -	s æ	s æi -	s æi	s e ɡ	s e ɡ	s e -	s e	s e ɡ	s e ɡ	s æ -	s æ	s æ -	s æ	s eː ɡ	s eː ɡ	s ɛ ɰ	s ɛ ɰ	s ɛ -	s ɛ	s eː ɡ	s eː ɡ	s æɪ -	s æɪ	s æɪ -	s æɪ	s ɛ -	s ɛ	s eː -	s eː	s æ -	s æ	s ɛ -	s ɛ	s æ -	s æ	s æː -	s æː	s æ -	s æ	s æi -	s æi	s ɛɪ -	s ɛɪ	s ɛɪ -	s ɛɪ	s ɛ -	s ɛ	s æː ɡ	s æː ɡ	s æ ɰ	s æ ɰ	s æ -	s æ	s ɛɪ -	s ɛɪ	s eː ɡ	s eː ɡ	s æ -	s æ	s æ -	s æ	s ɛ -	s ɛ	s ɛ -	s ɛ	s ɛ -	s ɛ	s æ -	s æ	s æɪ -	s æɪ	s eː ɰ	s eː ɰ
sist	ʃ l ʉ cː	ʃ l ʉ cː	ʃ l ʉ tː	ʃ l ʉ tː	s i s t	s i s t	s i s t	s i s t	s l ʉ tː	s l ʉ tː	ʂ l ʉ tː	ʂ l ʉ tː	s i s t	s i s t	s i s t	s i s t	ʂ l ʉ tː	ʂ l ʉ tː	ʃ l ʉʰ tː	ʃ l ʉʰ tː	s l ʉ tʰː	s l ʉ tʰː	ʂ l ʉ tʰ	ʂ l ʉ tʰ	ʂ l ʉ cː	ʂ l ʉ cː	ʂ l ʉ tʰ	ʂ l ʉ tʰ	ʂ l ʉ tʰː	ʂ l ʉ tʰː	s l ʉ tː	s l ʉ tː	s l ʉ tː	s l ʉ tː	ʂ l ʉ cː	ʂ l ʉ cː	s i s t	s i s t	s i s t	s i s t	s l ʉ tːʰ	s l ʉ tːʰ	s l ʉ tʰː	s l ʉ tʰː	s l ʉ tʰː	s l ʉ tʰː	s i s t	s i s t	s i s t	s i s t	s i sː -	s i sː	ʂ l ʉʰ cː	ʂ l ʉʰ cː	s l ʉ tʰː	s l ʉ tʰː	ʂ l ʉ tʰː	ʂ l ʉ tʰː	ʂ l ʉ cʰː	ʂ l ʉ cʰː	ʂ l ʉ cʰː	ʂ l ʉ cʰː	s i s t	s i s t	ʃ l ʉ tː	ʃ l ʉ tː	s i s t	s i s t	s l ʉ tʰː	s l ʉ tʰː	s ɪ s t	s ɪ s t	s l ʉ tː	s l ʉ tː	s i s t	s i s t	ʂ l ʉ tʰʲ	ʂ l ʉ tʰʲ	s i s t	s i s t	ʂ l ʉ cʰː	ʂ l ʉ cʰː	ʂ l ʉ tː	ʂ l ʉ tː	s i s t	s i s t	ʃ l ʉ cʰː	ʃ l ʉ cʰː	ʃ l ʉ tʰː	ʃ l ʉ tʰː	s ɪ s t	s ɪ s t	ʃ l ʉ cː	ʃ l ʉ cː	s i s t	s i s t	ʃ l̠ ʉ t	ʃ l̠ ʉ t	ʃ l ʉ tʰː	ʃ l ʉ tʰː	s ɪ s t	s ɪ s t
skein/skinte	ʃ - æi n - -	ʃ æi n	ʃ - i nʲː t ə	ʃ i nʲː t ə	ʂ - æi n - -	ʂ æi n	ʂ - i nː t ə	ʂ i nː t ə	ʂ - æɪ n - -	ʂ æɪ n			ʂ - æi n - -	ʂ æi n	ʂ - æi n - -	ʂ æi n	ʂ - æi n - -	ʂ æi n	ʃ - ei n - -	ʃ ei n	ʂ - æi n - -	ʂ æi n	ʂ - æː n - -	ʂ æː n	ʂ - eː n - -	ʂ eː n	ʂ - æi n - -	ʂ æi n	ʂ - i n t ə	ʂ i n t ə	ʂ - i n t ɛ	ʂ i n t ɛ	ʂ - æi n - -	ʂ æi n	ʂ ʈ æi n - -	ʂ ʈ æi n	ʂ - i n t ə	ʂ i n t ə	ʂ - i n t ə	ʂ i n t ə	s j i n t ə	s j i n t ə	ʂ - i n t ə	ʂ i n t ə	ʂ j æɪ n - -	ʂ j æɪ n	ʂ - i nː t ə	ʂ i nː t ə	ʂ - ei n - -	ʂ ei n	ʂ - i n t ə	ʂ i n t ə	ʂ - ɛː n - -	ʂ ɛː n	s - i n t ə	s i n t ə	ʂ - æi n - -	ʂ æi n	ʂ - i ɲː c ə	ʂ i ɲː c ə	ʂ - æː n - -	ʂ æː n	ʂ - i n t ə	ʂ i n t ə	ʃ - æi n - -	ʃ æi n	ʂ - ei n - -	ʂ ei n	ʂ - æi n - -	ʂ æi n	ʃ - ɪ n t ə	ʃ ɪ n t ə	ʃ - æi n - -	ʃ æi n	ʂ - ei n - -	ʂ ei n	ʂ - i n t -	ʂ i n t	ʃ - i n t ə	ʃ i n t ə	ʂ - ei n - -	ʂ ei n	ʂ - ɛː nˠ - -	ʂ ɛː nˠ	ʂ - æi n - -	ʂ æi n	ʃ - ei n - -	ʃ ei n	ʃ - ei n - -	ʃ ei n	ʂ - ɛː n - -	ʂ ɛː n	ʃ - i n t ə	ʃ i n t ə	ʃ - i n t ə	ʃ i n t ə	ʃ - ei n - -	ʃ ei n	ʃ - i n t ə	ʃ i n t ə	ʃ - æi n - -	ʃ æi n
skulle	s k u ʎ -	s k u ʎ			s k u - -	s k u	s k ʉ lː ə	s k ʉ lː ə					s k ʉ - -	s k ʉ			s k ʉ - -	s k ʉ	s k ʉ ʎ -	s k ʉ ʎ					s k ʉ ʎ -	s k ʉ ʎ	s k ʉ - -	s k ʉ	s k ʉ - -	s k ʉ			s k ʉ lː ə	s k ʉ lː ə	s k ʉ ʎ -	s k ʉ ʎ			s k ʉ lː ə	s k ʉ lː ə			s k ʉ - -	s k ʉ					s k ʉ l ə	s k ʉ l ə	s k ʉ l ə	s k ʉ l ə	s k ʉ lʲ ə	s k ʉ lʲ ə					s k ʉ - -	s k ʉ			s k ʉ l ə	s k ʉ l ə	s k ʉ - -	s k ʉ	s k u ʎ -	s k u ʎ			s k ʉː l ə	s k ʉː l ə	s k ʉ l e	s k ʉ l e	s k ʉ - -	s k ʉ	s k ʉ - -	s k ʉ			s k ʉ - -	s k ʉ	s k ʉ l ə	s k ʉ l ə			s k ʉ ʎ -	s k ʉ ʎ	s k ʉ ʎ -	s k ʉ ʎ	s k ʉ lː ə	s k ʉ lː ə			s k ʉ - -	s k ʉ			s k ʉ l ə	s k ʉ l ə	s k ʉ - -	s k ʉ
sola	s uː ɽ ɑ -	s uː ɽ ɑ	s uː l ɑ -	s uː l ɑ	s uː ɽ ɑ -	s uː ɽ ɑ	s uː ɽ ɑ -	s uː ɽ ɑ	s uː l ɑ -	s uː l ɑ	s uː ɽ ɑ -	s uː ɽ ɑ	s uː l ɔ -	s uː l ɔ	s uː l a -	s uː l a	s uː ɽ ɑ -	s uː ɽ ɑ	s uː ɽ ə -	s uː ɽ ə	s uː l ɑ -	s uː l ɑ	s uː ɽ ɑ -	s uː ɽ ɑ	s uː ɽ ɑ -	s uː ɽ ɑ	s uː l ɑ -	s uː l ɑ	s u ɽ ɑ -	s u ɽ ɑ	s uː lː̩ - -	s uː lː̩	s uː l a -	s uː l a	s uː ɽ ɑ -	s uː ɽ ɑ	s uː l ɔ -	s uː l ɔ	s uː ɽ ɑ -	s uː ɽ ɑ	s uː l ɑ -	s uː l ɑ	s uː l ɔ -	s uː l ɔ	s uː l æ -	s uː l æ	s uː l ɔ -	s uː l ɔ	s uː l ɑ -	s uː l ɑ	s uː ɽ ɑ -	s uː ɽ ɑ	s uː ɽ a -	s uː ɽ a	s uː l a -	s uː l a	s uː ɽ ɑ -	s uː ɽ ɑ	s uː l ɑ -	s uː l ɑ	s uː ɽ ɑ -	s uː ɽ ɑ	s uː l - n̩	s uː l n̩	s uː ɽ ɑ -	s uː ɽ ɑ	s uː ɽ ɑ -	s uː ɽ ɑ	s uː l ɛ -	s uː l ɛ	s uː lˠ a -	s uː lˠ a	s uː l ɑ -	s uː l ɑ	s uː ɽ æ -	s uː ɽ æ	s uː ɽ æ -	s uː ɽ æ	s uː l ɑ -	s uː l ɑ	s uː l ɑ -	s uː l ɑ	s uː ɽ ɑ -	s uː ɽ ɑ	s uː l a -	s uː l a	s uː ɽ ɑ -	s uː ɽ ɑ	s uː ɽ ɑ -	s uː ɽ ɑ	s uː ɽ ɑ -	s uː ɽ ɑ	s uː ɽ a -	s uː ɽ a	s uː l ɑ -	s uː l ɑ	s uː ɽ ɑ ʔ	s uː ɽ ɑ ʔ	s uː ɽ ɑ -	s uː ɽ ɑ	s uː l ɔ -	s uː l ɔ
som	s ɔ ɱ	s ɔ ɱ	s - m̩	s m̩	s - m̩	s m̩	s ɔ ɱ	s ɔ ɱ	s u -	s u	s o ɱ	s o ɱ	s o -	s o	s ɔ -	s ɔ	s - m̩	s m̩	s ɔ m	s ɔ m	s u -	s u	s o -	s o	s ɔ ɱ	s ɔ ɱ	s ɔ ɱ	s ɔ ɱ	s ɔ m	s ɔ m	s ɔ -	s ɔ	s ɔ ɱ	s ɔ ɱ	s ɔ -	s ɔ	s ɔ ɱ	s ɔ ɱ	s ɔ ɱ	s ɔ ɱ	s ɔ m	s ɔ m	s ɔ -	s ɔ	s ɔ ɱ	s ɔ ɱ	s ɔ m	s ɔ m	s - m̩	s m̩	s ɔ ɱ	s ɔ ɱ	s ɔ m	s ɔ m	s ɔ ɱ	s ɔ ɱ	s ɔ m	s ɔ m	s ɔ ɱ	s ɔ ɱ	s ɔ -	s ɔ	s - ɱ̩	s ɱ̩	s ɔ ɱ	s ɔ ɱ	s ɔ ɱ	s ɔ ɱ	s u -	s u	s ɔ m	s ɔ m	s u -	s u	s ɔ -	s ɔ	s ɔ m	s ɔ m	s ɔ ɱ	s ɔ ɱ	s ɔ ɱ	s ɔ ɱ	s - m̩	s m̩	s o ɱ	s o ɱ	s ɔ ɱ	s ɔ ɱ	s ɔ ɱ	s ɔ ɱ	s - m̩	s m̩	s ɔ -	s ɔ	s ɔ -	s ɔ	s o ɱ	s o ɱ	s ɔ ɱ	s ɔ ɱ	s ɔ -	s ɔ
sterkare	ʃ t æ ɾ k ɑ ɾ - -	ʃ t æ ɾ k ɑ ɾ					s t æ r k e r e -	s t æ r k e r e					s t æ ɰ k ɑ ɰ ə -	s t æ ɰ k ɑ ɰ ə					s t æ ɾ k ɑ ɾ ɛ nː	s t æ ɾ k ɑ ɾ ɛ nː	s t æ ɾˠ k ɑ ɾˠ - -	s t æ ɾˠ k ɑ ɾˠ	s t æ ʂ k ɑ ɾ - -	s t æ ʂ k ɑ ɾ					ʂ t æ ɾ k æ ɾ ə -	ʂ t æ ɾ k æ ɾ ə					s t æ ɾ k ɑ ɾ - -	s t æ ɾ k ɑ ɾ			ʂ t æ ɾ k ə ɾ ə -	ʂ t æ ɾ k ə ɾ ə			s t æ ɰ k ɑ ɰ ə -	s t æ ɰ k ɑ ɰ ə					ʂ t æ ɾ k ɑ ɾ - -	ʂ t æ ɾ k ɑ ɾ	s t æ ɾ k ə ɾ ə -	s t æ ɾ k ə ɾ ə							s t æ ɾ k e ɾ ə -	s t æ ɾ k e ɾ ə					ʃ t æ ʃ k ɑ ɹ - -	ʃ t æ ʃ k ɑ ɹ					s t ɛ ɾ k ə r ə -	s t ɛ ɾ k ə r ə			ʂ t æ ɾ k ɑ ɾ - -	ʂ t æ ɾ k ɑ ɾ													s t æ ɾ k ɑ ɾ - -	s t æ ɾ k ɑ ɾ												
sterkaste	s t æ ɾ k ɑ s t n̩	s t æ ɾ k ɑ s t n̩	s t æ ɾ k e s t ə	s t æ ɾ k e s t ə	s t æ ɾ k ɑ s t ə	s t æ ɾ k ɑ s t ə	s t æ ɾ k e s t ə	s t æ ɾ k e s t ə	s t æ ɾ k ɑ s t ə	s t æ ɾ k ɑ s t ə	s t æ ɾ k ɑ s t -	s t æ ɾ k ɑ s t	s t æ ɰ k ɑ s t ə	s t æ ɰ k ɑ s t ə	s t æ ɾˠ k ɑ s t ə	s t æ ɾˠ k ɑ s t ə	s t æ ɾ k ə s t ə	s t æ ɾ k ə s t ə	s t æ ɾ k ɑ s t -	s t æ ɾ k ɑ s t	s t æ ɾˠ k ɑ s t -	s t æ ɾˠ k ɑ s t	s t æ ʂ k ɑ s t ə	s t æ ʂ k ɑ s t ə	s t æ ɾ k ɑ s t -	s t æ ɾ k ɑ s t	s t æ ɾˠ k æ s t ə	s t æ ɾˠ k æ s t ə	s t æ ɾ k ɑ s t ə	s t æ ɾ k ɑ s t ə	s t æ ɰ k e s t ɛ	s t æ ɰ k e s t ɛ	s t æ ɾ k ɑ s t ə	s t æ ɾ k ɑ s t ə	s t æ ɾ k ɑ s t -	s t æ ɾ k ɑ s t	s t æ ɰ k a s t ə	s t æ ɰ k a s t ə	s t æ ɾ k ə s t ə	s t æ ɾ k ə s t ə	s t æ ɰ k ə s t ə	s t æ ɰ k ə s t ə	s t æ ɰ k ɑ s t ɛ	s t æ ɰ k ɑ s t ɛ	s t æ ɾ k ɑ s t -	s t æ ɾ k ɑ s t	s t æ ɰ k ə s t ə	s t æ ɰ k ə s t ə	s t æ ɾ k ɑ s t ə	s t æ ɾ k ɑ s t ə	s t æ ɾ k e s t ə	s t æ ɾ k e s t ə	s t æ ɾ k ɛ s t ə	s t æ ɾ k ɛ s t ə	s t æ ɰ k ə s t -	s t æ ɰ k ə s t	s t æ ɾ k ə s t -	s t æ ɾ k ə s t	s t æ ɾ k e s t ə	s t æ ɾ k e s t ə	s t æ ʂ k ɑ s t -	s t æ ʂ k ɑ s t	s t æ ɾ k ə s t ə	s t æ ɾ k ə s t ə	s t æ ʃ k ə s t ə	s t æ ʃ k ə s t ə	s t æ ɾ k ɑ s t n̩	s t æ ɾ k ɑ s t n̩	s t æ ɰ k ɑ s t æ	s t æ ɰ k ɑ s t æ	s t æ ɹ k ə s t ə	s t æ ɹ k ə s t ə	s t æ ɾˠ k ɑ s t ɛ	s t æ ɾˠ k ɑ s t ɛ	s t æ ɾ k ɑ s t ə	s t æ ɾ k ɑ s t ə	s t æ ɾ k e s t ə	s t æ ɾ k e s t ə	s t æ ɾ k ɑ̤ s t ə̤	s t æ ɾ k ɑ̤ s t ə̤	s t æ ɹ k ɑ s t ə	s t æ ɹ k ɑ s t ə	s t æ ɾ k ə s t ə	s t æ ɾ k ə s t ə	s t æ ɰ k a s t ə	s t æ ɰ k a s t ə	s t æ ʃ k ɑ s t -	s t æ ʃ k ɑ s t	s t æ ɾ k ɑ s t -	s t æ ɾ k ɑ s t	s t æ ɾ k ə s t ə	s t æ ɾ k ə s t ə	s t æ ɾ k ɑ s t ɛ	s t æ ɾ k ɑ s t ɛ	s θ æ ɾ k ə s t ə	s θ æ ɾ k ə s t ə	s t æ ɾ k ə s t ə	s t æ ɾ k ə s t ə	s θ æ ɾ k ɛ s t ə	s θ æ ɾ k ɛ s t ə	s t æ ʁ k ɑ s t ə	s t æ ʁ k ɑ s t ə
straks	s t ɾ ɑ k s	s t ɾ ɑ k s	s t ɾ ɑ k s	s t ɾ ɑ k s			s t ɾ ɑ k s	s t ɾ ɑ k s	s t ɾ ɑ k s	s t ɾ ɑ k s	s t ɾ ɑ k s	s t ɾ ɑ k s			s t ɾ ɑ k s	s t ɾ ɑ k s											s t ɾˠ ɑ k s	s t ɾˠ ɑ k s	s t ɾ ɑ k s	s t ɾ ɑ k s					s t ɾ ɑ k s	s t ɾ ɑ k s	s t ɰ a k s	s t ɰ a k s	s t ɾ ɑ k s	s t ɾ ɑ k s	s t ɰ ɑ k s	s t ɰ ɑ k s					s t ɰ ɑ k -	s t ɰ ɑ k	s t ɾ ɑ k s	s t ɾ ɑ k s	s t ɾ ɑ k s	s t ɾ ɑ k s											s t ɾ ɑ k s	s t ɾ ɑ k s	s θ ɾ ɑ k s	s θ ɾ ɑ k s	s t ɾ ɑ k s	s t ɾ ɑ k s			s t r ɑː k s	s t r ɑː k s	s t ɾˠ ɑ k s	s t ɾˠ ɑ k s	s t ɾ ɑ k s	s t ɾ ɑ k s	s t ɾ ɑ k s	s t ɾ ɑ k s	s t ɾ ɑ k s	s t ɾ ɑ k s	s θ ɹ ɑ k s	s θ ɹ ɑ k s	s t ɾ ɑ k s	s t ɾ ɑ k s	s t ɰ a k s	s t ɰ a k s					s t ɾ ɑ k s	s t ɾ ɑ k s	s t ɾ ɑ k s	s t ɾ ɑ k s	s t ɹ ɑ k s	s t ɹ ɑ k s	s t ɾ ɑ k s	s t ɾ ɑ k s	s t ɾ ɑ k s	s t ɾ ɑ k s		
tettare	tʰ e tː ɑ ɾ -	tʰ e tː ɑ ɾ	tʰ æ tʰː ə ɾ ə	tʰ æ tʰː ə ɾ ə	tʰ e tː æ ɾ ə	tʰ e tː æ ɾ ə	tʰ e tʰː ə r ə	tʰ e tʰː ə r ə	tʰ e tː ɑ ɾ ə	tʰ e tː ɑ ɾ ə			tʰ e tː ɑ ɰ ə	tʰ e tː ɑ ɰ ə	tʰ æ tʰː ɑ r ə	tʰ æ tʰː ɑ r ə	tʰ e t ə ɾ ə	tʰ e t ə ɾ ə	tʰ e tːʰ æ ɾ ə	tʰ e tːʰ æ ɾ ə	tʰ e tː ɑ ɾˠ ə	tʰ e tː ɑ ɾˠ ə	tʰ e tʰː ɑ ɾ ə	tʰ e tʰː ɑ ɾ ə			tʰ æ t æ ɾˠ ə	tʰ æ t æ ɾˠ ə	tʰ e tʰː æ ɾ ə	tʰ e tʰː æ ɾ ə	tʰ ɛ tː ɛ ɰ ɛ	tʰ ɛ tː ɛ ɰ ɛ	tʰ e tː ɑ ɾ ə	tʰ e tː ɑ ɾ ə	tʰ e tʰː ɑ ɾ -	tʰ e tʰː ɑ ɾ	tʰ æ tː æ ɰ ə	tʰ æ tː æ ɰ ə	tʰ e tʰː ə ɾ ə	tʰ e tʰː ə ɾ ə	tʰ e tʰː ə ɰ ə	tʰ e tʰː ə ɰ ə	tʰ ɛ tʰː æ ɰ ə	tʰ ɛ tʰː æ ɰ ə	tʰ æ tː ɑ - -	tʰ æ tː ɑ	tʰ e t - ɰ ə	tʰ e t ɰ ə	tʰ æ tʰː ɑ - -	tʰ æ tʰː ɑ	tʰ e tː - ɾ ə	tʰ e tː ɾ ə	tʰ e tː - ɾ ə	tʰ e tː ɾ ə	tʰ e tː ə ɰ ə	tʰ e tː ə ɰ ə	tʰ æ tː ə ɾ ə	tʰ æ tː ə ɾ ə	tʰ æ tː e ɾ ə	tʰ æ tː e ɾ ə	tʰ e tː ə - -	tʰ e tː ə	tʰ e tː ə ɾ ə	tʰ e tː ə ɾ ə	ç e tː ɑ - -	ç e tː ɑ	tʰ e tː ɑ ɾ -	tʰ e tː ɑ ɾ	tʰ ɛ tː a ɰ ə	tʰ ɛ tː a ɰ ə	t ɛ tː ə ɾ ə	t ɛ tː ə ɾ ə	tʰ e t ɑ ɾˠ e	tʰ e t ɑ ɾˠ e	tʰ æ tː ɑ ɾ -	tʰ æ tː ɑ ɾ	tʰ æ tː æ - -	tʰ æ tː æ	tʰ æ tː ə ɾ ə	tʰ æ tː ə ɾ ə	tʰ æ tʰː ɑ ɹ -	tʰ æ tʰː ɑ ɹ	tʰ e t ə ɾ ə	tʰ e t ə ɾ ə	tʰ æ tː æ ɰ ə	tʰ æ tː æ ɰ ə	tʰ e tʰː ɑ - -	tʰ e tʰː ɑ	tʰ æ tʰː ɑ ɾ -	tʰ æ tʰː ɑ ɾ	tʰ e tː ɑ - -	tʰ e tː ɑ	tʰ æ tː ɑ ɾ -	tʰ æ tː ɑ ɾ	tʰ æ tː ɑ - -	tʰ æ tː ɑ	tʰ ɛ tː ɑ ɾ -	tʰ ɛ tː ɑ ɾ	tʰ e tː - ɾ ə	tʰ e tː ɾ ə	tʰ ɪ tːʰ ɑ ʁ ə	tʰ ɪ tːʰ ɑ ʁ ə
trakk	t ɾ ɑ kːʰ - -	t ɾ ɑ kːʰ	t ɾ ɑ k - -	t ɾ ɑ k	d ɾ uː ɡ - -	d ɾ uː ɡ	t ɾ ɑ kː - -	t ɾ ɑ kː	d ɾ uː ɡ - -	d ɾ uː ɡ			t ɰ a kː - -	t ɰ a kː	t ɾ ɑ kʰː - -	t ɾ ɑ kʰː	t ɾ æ k t ə	t ɾ æ k t ə	t ɾ æ k t ə	t ɾ æ k t ə	d ɾˠ uː ɡ - -	d ɾˠ uː ɡ	t ɾ ɑ k - -	t ɾ ɑ k	t ɾ e k t -	t ɾ e k t	t ɾˠ æ k t ə	t ɾˠ æ k t ə	t ɾ ɑ kʰː - -	t ɾ ɑ kʰː	t ɰ ɑ kː - -	t ɰ ɑ kː	d ɾ uː ɡ - -	d ɾ uː ɡ	t ɾ æ k t -	t ɾ æ k t	t ɰ a kʰː - -	t ɰ a kʰː	t ɾ ɑ kː - -	t ɾ ɑ kː	t ɰ ɑ kː - -	t ɰ ɑ kː	t ɰ a kː - -	t ɰ a kː	t ɹ æ k t ə	t ɹ æ k t ə	t ɰ ɑ kː - -	t ɰ ɑ kː	t ɹ ɑ kː - -	t ɹ ɑ kː	t ɹ ɑ kː - -	t ɹ ɑ kː	d r uː - - -	d r uː	t ɰ a kʰː - -	t ɰ a kʰː	t ɾ ɑ kː - -	t ɾ ɑ kː	t ɾ ɑ kː - -	t ɾ ɑ kː	t ɾ ɑ k - -	t ɾ ɑ k	t ɾ ɑ k - -	t ɾ ɑ k	ʈ ɹ ɑ k - -	ʈ ɹ ɑ k	t ɾ æ k t -	t ɾ æ k t	t ɰ a kʰː - -	t ɰ a kʰː	t ʀ aː k - -	t ʀ aː k	t ɾˠ e k t e	t ɾˠ e k t e	t ɹ ɑ k - -	t ɹ ɑ k	t ɾ æ k t -	t ɾ æ k t	t ɾ ɑ k - -	t ɾ ɑ k	t ɹ ɑ kː - -	t ɹ ɑ kː	t ɾ ɑ kː - -	t ɾ ɑ kː	t ɰ a kː - -	t ɰ a kː	ʈ ɹ æ k t -	ʈ ɹ æ k t	t ɾ ɑ kː - -	t ɾ ɑ kː	d ɹ uː - - -	d ɹ uː	t ɾ ɑ k - -	t ɾ ɑ k	ʈ ɻ ɑ kː - -	ʈ ɻ ɑ kː	t ɾ ɑ k - -	t ɾ ɑ k	t ɾ ɑ kː - -	t ɾ ɑ kː	t ʁ a kː - -	t ʁ a kː
var	ʋ ɑ -	ʋ ɑ	ʋ ɑ -	ʋ ɑ	ʋ ɑː -	ʋ ɑː	ʋ ɑː -	ʋ ɑː	v ɑ -	v ɑ	ʋ ɑː -	ʋ ɑː	ʋ ɑː ɰ	ʋ ɑː ɰ	ʋ ɑː -	ʋ ɑː	ʋ ɑ -	ʋ ɑ	ʋ ɑ -	ʋ ɑ	v ɑ -	v ɑ	ʋ ɑ -	ʋ ɑ	ʋ ɑː -	ʋ ɑː	ʋ ɑ -	ʋ ɑ	ʋ ɑ -	ʋ ɑ	ʋ ɑ ɰ	ʋ ɑ ɰ	ʋ ɑː -	ʋ ɑː	ʋ ɑ -	ʋ ɑ	ʋ aː -	ʋ aː	ʋ ɑː -	ʋ ɑː	ʋ ɑ -	ʋ ɑ	ʋ ɑː -	ʋ ɑː	ʋ ɑ -	ʋ ɑ	ʋ ɑ -	ʋ ɑ	ʋ ɑ -	ʋ ɑ	ʋ ɑː -	ʋ ɑː	ʋ ɑː -	ʋ ɑː	ʋ a -	ʋ a	ʋ ɑː -	ʋ ɑː	ʋ ɑ -	ʋ ɑ	ʋ ɑ -	ʋ ɑ	ʋ ɑː ɾ	ʋ ɑː ɾ	ʋ ɑː -	ʋ ɑː	ʋ ɑː -	ʋ ɑː	ʋ ɑː -	ʋ ɑː	ʋ aː ɰ	ʋ aː ɰ	ʋ ɑ -	ʋ ɑ	ʋ ɑ -	ʋ ɑ	ʋ ɑ -	ʋ ɑ	ʋ ɑ -	ʋ ɑ	ʋ ɑː -	ʋ ɑː	ʋ ɑː -	ʋ ɑː	ʋ ɑː -	ʋ ɑː	ʋ ɑ -	ʋ ɑ	ʋ ɑː -	ʋ ɑː	ʋ ɑ -	ʋ ɑ	ʋ ɑ -	ʋ ɑ	ʋ ɑː -	ʋ ɑː	v ɑː -	v ɑː	ʋ ɑː -	ʋ ɑː	ʋ ɑː ʁ	ʋ ɑː ʁ
varm	ʋ ɑ ɾ m -	ʋ ɑ ɾ m	ʋ ɑ ɾ m -	ʋ ɑ ɾ m	ʋ ɑ ɾ m -	ʋ ɑ ɾ m	ʋ ɑ ɾ m -	ʋ ɑ ɾ m	v ɑ ɾ m -	v ɑ ɾ m	ʋ ɑ ɾ m -	ʋ ɑ ɾ m	ʋ a ɰ m ə	ʋ a ɰ m ə	ʋ ɑ ɾ m -	ʋ ɑ ɾ m	ʋ ɑ ɾ m -	ʋ ɑ ɾ m	ʋ ɑ ɾ m -	ʋ ɑ ɾ m	v ɑ ɾˠ m ə	v ɑ ɾˠ m ə	ʋ ɑ ɾ ɱ -	ʋ ɑ ɾ ɱ	ʋ ɑ ɾ m -	ʋ ɑ ɾ m	ʋ ɑ ɾˠ m -	ʋ ɑ ɾˠ m	ʋ ɑ ɾ m -	ʋ ɑ ɾ m	ʋ ɑ ɰ m -	ʋ ɑ ɰ m	ʋ ɑ ɾ m ə	ʋ ɑ ɾ m ə			ʋ a ɰ m -	ʋ a ɰ m	ʋ ɑ ɾ m -	ʋ ɑ ɾ m	ʋ a ɰ ɱ -	ʋ a ɰ ɱ	ʋ a ɰ m ə	ʋ a ɰ m ə	ʋ ɑ ɾ m ə	ʋ ɑ ɾ m ə	ʋ ɑ ɰ m -	ʋ ɑ ɰ m	ʋ ɑ ɾ m -	ʋ ɑ ɾ m	ʋ ɑ ɾ m -	ʋ ɑ ɾ m			ʋ a ɰ m -	ʋ a ɰ m	ʋ ɑ ɾ m -	ʋ ɑ ɾ m	ʋ ɑ ɾ m -	ʋ ɑ ɾ m	ʋ ɑ ɾ m -	ʋ ɑ ɾ m	ʋ ɑ ɾ m -	ʋ ɑ ɾ m			ʋ ɑ ɾ m -	ʋ ɑ ɾ m	ʋ a ɰ m -	ʋ a ɰ m	ʋ a ɰ m -	ʋ a ɰ m	ʋ ɑ ɾˠ m ɛ	ʋ ɑ ɾˠ m ɛ	ʋ ɑ ɾ m -	ʋ ɑ ɾ m	ʋ ɑ r m -	ʋ ɑ r m	ʋ ɑ ɾ m -	ʋ ɑ ɾ m	ʋ ɑ ɹ m -	ʋ ɑ ɹ m	ʋ ɑ ɾ m -	ʋ ɑ ɾ m	ʋ a ɰ m -	ʋ a ɰ m	ʋ ɑ ɾ m -	ʋ ɑ ɾ m	ʋ ɑ ɾ m -	ʋ ɑ ɾ m	ʋ ɑ ɾ m -	ʋ ɑ ɾ m	ʋ ɑ ɾ m -	ʋ ɑ ɾ m	ʋ ɑ ɾ m -	ʋ ɑ ɾ m	v ɑ ɾ m -	v ɑ ɾ m	ʋ ɑ ɹ m -	ʋ ɑ ɹ m	ʋ a ʁ m ə	ʋ a ʁ m ə
varmt	ʋ ɑ ɾ m t	ʋ ɑ ɾ m t	ʋ a ɹ m -	ʋ a ɹ m	ʋ ɑ - ɳ ʈʰ	ʋ ɑ ɳ ʈʰ	ʋ ɑ - ɳ ʈ	ʋ ɑ ɳ ʈ	v ɑ ɾ m t	v ɑ ɾ m t	ʋ ɑ ɾ m -	ʋ ɑ ɾ m	ʋ ɑ ɰ m t	ʋ ɑ ɰ m t	ʋ ɑ ɾ m t	ʋ ɑ ɾ m t	ʋ ɑ - ɳ ʈ	ʋ ɑ ɳ ʈ	ʋ ɑ - ɳ ʈ	ʋ ɑ ɳ ʈ	v ɑ rˠ m tʰ	v ɑ rˠ m tʰ	ʋ ɑ ɾ m t	ʋ ɑ ɾ m t	ʋ ɑ ɾ m t	ʋ ɑ ɾ m t	ʋ ɑ ɾˠ m t	ʋ ɑ ɾˠ m t	ʋ ɑ - ɳ ʈ	ʋ ɑ ɳ ʈ			ʋ ɑ ɾ m t	ʋ ɑ ɾ m t			ʋ a ɰ m t	ʋ a ɰ m t			ʋ a ɰ m t	ʋ a ɰ m t	ʋ a ɰ m tʰ	ʋ a ɰ m tʰ	ʋ ɑ - ɳ ʈ	ʋ ɑ ɳ ʈ	ʋ ɑ ɰ m t	ʋ ɑ ɰ m t	ʋ ɑ - ɳ ʈʰ	ʋ ɑ ɳ ʈʰ	ʋ ɑ - ɳ ʈ	ʋ ɑ ɳ ʈ	ʋ a - ɳ ʈʰ	ʋ a ɳ ʈʰ	ʋ a ɰ m t	ʋ a ɰ m t	ʋ ɑ ɾ m tʰ	ʋ ɑ ɾ m tʰ	ʋ ɑ ɾ m t	ʋ ɑ ɾ m t	ʋ ɑ - ɳ ʈ	ʋ ɑ ɳ ʈ	ʋ ɑ ɾ m tʰ	ʋ ɑ ɾ m tʰ	ʋ ɑ ɹ m t	ʋ ɑ ɹ m t	ʋ ɑ ɾ m t	ʋ ɑ ɾ m t	ʋ a ɰ m t	ʋ a ɰ m t	ʋ ɑː - m t	ʋ ɑː m t	ʋ ɑ ɾˠ m t	ʋ ɑ ɾˠ m t	ʋ ɑ - ɳ ʈ	ʋ ɑ ɳ ʈ	ʋ ɑ - ɳ ʈ	ʋ ɑ ɳ ʈ	ʋ ɑ - ɳ ʈ	ʋ ɑ ɳ ʈ	ʋ ɑ - ɳ ʈ	ʋ ɑ ɳ ʈ	ʋ ɑː - - ʈ	ʋ ɑː ʈ	ʋ a ɰ m tʰ	ʋ a ɰ m tʰ			ʋ ɑ - ɳ ʈ	ʋ ɑ ɳ ʈ	ʋ a - ɳ ʈ	ʋ a ɳ ʈ	ʋ ɑ - ɳ ʈ	ʋ ɑ ɳ ʈ	ʋ ɑ - ɳ ʈ	ʋ ɑ ɳ ʈ	v ɑ ɾ m t	v ɑ ɾ m t	ʋ ɑ ɾ m tʰ	ʋ ɑ ɾ m tʰ	ʋ a ʁ m t	ʋ a ʁ m t
vart	ʋ ɑ - ʈ	ʋ ɑ ʈ	ʋ ɑ - -	ʋ ɑ	b ɽ aei	b ɽ aei	b l e	b l e	v ɑ - t	v ɑ t	ʋ ɑ - ʈ	ʋ ɑ ʈ	b l æi	b l æi	ʋ ɑ ɾ t	ʋ ɑ ɾ t	ʋ ɑ - ʈ	ʋ ɑ ʈ	ʋ ɑ - ʈ	ʋ ɑ ʈ	v ɑ ɾˠ t	v ɑ ɾˠ t	ʋ ɑ r t	ʋ ɑ r t	ʋ ɑ - ʈ	ʋ ɑ ʈ	b l ɛ	b l ɛ	b ɽ æi	b ɽ æi	b l e	b l e	b l æɪ	b l æɪ	ʋ ɑ - ʈ	ʋ ɑ ʈ	b l æi	b l æi	b ɽ e	b ɽ e	b l e	b l e	b l æi	b l æi	b - ei	b ei	b l e	b l e	ʋ ɑ - ʈ	ʋ ɑ ʈ	b - e	b e	ʋ ɑ - ʈ	ʋ ɑ ʈ	b l e	b l e	b ɽ æi	b ɽ æi	b l e	b l e	ʋ ɑ - ʈ	ʋ ɑ ʈ	b l e	b l e	ʋ ɑ - ʈ	ʋ ɑ ʈ	ʋ ɑ - ʈ	ʋ ɑ ʈ	ʋ ɑ ɰ t	ʋ ɑ ɰ t	b l ɛ	b l ɛ	ʋ ɑ ɾˠ t	ʋ ɑ ɾˠ t	ʋ ɑ - ʈ	ʋ ɑ ʈ	ʋ ɑ - ʈ	ʋ ɑ ʈ	b l e	b l e	ʋ ɑ - -	ʋ ɑ	ʋ ɑ - ʈ	ʋ ɑ ʈ	ʋ a ɰ t	ʋ a ɰ t	ʋ ɑ - ʈ	ʋ ɑ ʈ	ʋ ɑ - ʈ	ʋ ɑ ʈ	ʋ ɑ - ʈ	ʋ ɑ ʈ	ʋ ɑ - ʈ	ʋ ɑ ʈ	b l e	b l e	v ɑ r t	v ɑ r t	b ɽ ɛ	b ɽ ɛ	b l æi	b l æi
